schema_version,benchmark_id,payload_bytes,dtype,world_size,repetition,iteration,rank0_latency_us,rank1_latency_us,critical_latency_us,warmup_iterations,timed_iterations,captured_at_utc
kaggle-vllm-m3-allreduce-raw-v1,kaggle-vllm-m3-two-rank-nccl-allreduce-v1,1024,float16,2,0,0,176.09600722789764,176.12800002098083,176.12800002098083,20,100,2026-09-07T21:15:19.306488+00:00
kaggle-vllm-m3-allreduce-raw-v1,kaggle-vllm-m3-two-rank-nccl-allreduce-v1,1024,float16,2,0,1,154.1759967803955,155.4879993200302,155.4879993200302,20,100,2026-09-07T21:15:19.306488+00:00
kaggle-vllm-m3-allreduce-raw-v1,kaggle-vllm-m3-two-rank-nccl-allreduce-v1,1024,float16,2,0,2,152.5759994983673,146.68799936771393,152.5759994983673,20,100,2026-09-07T21:15:19.306488+00:00
kaggle-vllm-m3-allreduce-raw-v1,kaggle-vllm-m3-two-rank-nccl-allreduce-v1,1024,float16,2,0,3,142.84799993038177,141.59999787807465,142.84799993038177,20,100,2026-09-07T21:15:19.306488+00:00
kaggle-vllm-m3-allreduce-raw-v1,kaggle-vllm-m3-two-rank-nccl-allreduce-v1,1024,float16,2,0,4,145.08800208568573,145.21600306034088,145.21600306034088,20,100,2026-09-07T21:15:19.306488+00:00
kaggle-vllm-m3-allreduce-raw-v1,kaggle-vllm-m3-two-rank-nccl-allreduce-v1,1024,float16,2,0,5,150.39999783039093,151.10400319099426,151.10400319099426,20,100,2026-09-07T21:15:19.306488+00:00
kaggle-vllm-m3-allreduce-raw-v1,kaggle-vllm-m3-two-rank-nccl-allreduce-v1,1024,float16,2,0,6,179.19999361038208,155.64799308776855,179.19999361038208,20,100,2026-09-07T21:15:19.306488+00:00
kaggle-vllm-m3-allreduce-raw-v1,kaggle-vllm-m3-two-rank-nccl-allreduce-v1,1024,float16,2,0,7,148.92800152301788,154.88000214099884,154.88000214099884,20,100,2026-09-07T21:15:19.306488+00:00
kaggle-vllm-m3-allreduce-raw-v1,kaggle-vllm-m3-two-rank-nccl-allreduce-v1,1024,float16,2,0,8,173.88799786567688,173.95199835300446,173.95199835300446,20,100,2026-09-07T21:15:19.306488+00:00
kaggle-vllm-m3-allreduce-raw-v1,kaggle-vllm-m3-two-rank-nccl-allreduce-v1,1024,float16,2,0,9,195.23200392723083,195.13599574565887,195.23200392723083,20,100,2026-09-07T21:15:19.306488+00:00
kaggle-vllm-m3-allreduce-raw-v1,kaggle-vllm-m3-two-rank-nccl-allreduce-v1,1024,float16,2,0,10,170.59199512004852,170.56000232696533,170.59199512004852,20,100,2026-09-07T21:15:19.306488+00:00
kaggle-vllm-m3-allreduce-raw-v1,kaggle-vllm-m3-two-rank-nccl-allreduce-v1,1024,float16,2,0,11,145.4080045223236,165.8879965543747,165.8879965543747,20,100,2026-09-07T21:15:19.306488+00:00
kaggle-vllm-m3-allreduce-raw-v1,kaggle-vllm-m3-two-rank-nccl-allreduce-v1,1024,float16,2,0,12,143.23200285434723,144.25599575042725,144.25599575042725,20,100,2026-09-07T21:15:19.306488+00:00
kaggle-vllm-m3-allreduce-raw-v1,kaggle-vllm-m3-two-rank-nccl-allreduce-v1,1024,float16,2,0,13,163.83999586105347,171.51999473571777,171.51999473571777,20,100,2026-09-07T21:15:19.306488+00:00
kaggle-vllm-m3-allreduce-raw-v1,kaggle-vllm-m3-two-rank-nccl-allreduce-v1,1024,float16,2,0,14,143.16800236701965,142.7839994430542,143.16800236701965,20,100,2026-09-07T21:15:19.306488+00:00
kaggle-vllm-m3-allreduce-raw-v1,kaggle-vllm-m3-two-rank-nccl-allreduce-v1,1024,float16,2,0,15,144.06399428844452,144.6399986743927,144.6399986743927,20,100,2026-09-07T21:15:19.306488+00:00
kaggle-vllm-m3-allreduce-raw-v1,kaggle-vllm-m3-two-rank-nccl-allreduce-v1,1024,float16,2,0,16,140.76800644397736,139.26400244235992,140.76800644397736,20,100,2026-09-07T21:15:19.306488+00:00
kaggle-vllm-m3-allreduce-raw-v1,kaggle-vllm-m3-two-rank-nccl-allreduce-v1,1024,float16,2,0,17,154.6880006790161,143.71199905872345,154.6880006790161,20,100,2026-09-07T21:15:19.306488+00:00
kaggle-vllm-m3-allreduce-raw-v1,kaggle-vllm-m3-two-rank-nccl-allreduce-v1,1024,float16,2,0,18,146.33600413799286,166.9439971446991,166.9439971446991,20,100,2026-09-07T21:15:19.306488+00:00
kaggle-vllm-m3-allreduce-raw-v1,kaggle-vllm-m3-two-rank-nccl-allreduce-v1,1024,float16,2,0,19,94.24000233411789,86.33600175380707,94.24000233411789,20,100,2026-09-07T21:15:19.306488+00:00
kaggle-vllm-m3-allreduce-raw-v1,kaggle-vllm-m3-two-rank-nccl-allreduce-v1,1024,float16,2,0,20,86.01599931716919,83.96799862384796,86.01599931716919,20,100,2026-09-07T21:15:19.306488+00:00
kaggle-vllm-m3-allreduce-raw-v1,kaggle-vllm-m3-two-rank-nccl-allreduce-v1,1024,float16,2,0,21,84.16000008583069,95.64799815416336,95.64799815416336,20,100,2026-09-07T21:15:19.306488+00:00
kaggle-vllm-m3-allreduce-raw-v1,kaggle-vllm-m3-two-rank-nccl-allreduce-v1,1024,float16,2,0,22,106.46399855613708,101.75999999046326,106.46399855613708,20,100,2026-09-07T21:15:19.306488+00:00
kaggle-vllm-m3-allreduce-raw-v1,kaggle-vllm-m3-two-rank-nccl-allreduce-v1,1024,float16,2,0,23,81.91999793052673,78.27199995517731,81.91999793052673,20,100,2026-09-07T21:15:19.306488+00:00
kaggle-vllm-m3-allreduce-raw-v1,kaggle-vllm-m3-two-rank-nccl-allreduce-v1,1024,float16,2,0,24,114.68800157308578,99.5199978351593,114.68800157308578,20,100,2026-09-07T21:15:19.306488+00:00
kaggle-vllm-m3-allreduce-raw-v1,kaggle-vllm-m3-two-rank-nccl-allreduce-v1,1024,float16,2,0,25,81.88799768686295,81.82399719953537,81.88799768686295,20,100,2026-09-07T21:15:19.306488+00:00
kaggle-vllm-m3-allreduce-raw-v1,kaggle-vllm-m3-two-rank-nccl-allreduce-v1,1024,float16,2,0,26,83.99999886751175,88.99199962615967,88.99199962615967,20,100,2026-09-07T21:15:19.306488+00:00
kaggle-vllm-m3-allreduce-raw-v1,kaggle-vllm-m3-two-rank-nccl-allreduce-v1,1024,float16,2,0,27,108.41599851846695,99.35999661684036,108.41599851846695,20,100,2026-09-07T21:15:19.306488+00:00
kaggle-vllm-m3-allreduce-raw-v1,kaggle-vllm-m3-two-rank-nccl-allreduce-v1,1024,float16,2,0,28,82.14399963617325,81.91999793052673,82.14399963617325,20,100,2026-09-07T21:15:19.306488+00:00
kaggle-vllm-m3-allreduce-raw-v1,kaggle-vllm-m3-two-rank-nccl-allreduce-v1,1024,float16,2,0,29,92.16000139713287,94.17600184679031,94.17600184679031,20,100,2026-09-07T21:15:19.306488+00:00
kaggle-vllm-m3-allreduce-raw-v1,kaggle-vllm-m3-two-rank-nccl-allreduce-v1,1024,float16,2,0,30,81.95199817419052,86.59200370311737,86.59200370311737,20,100,2026-09-07T21:15:19.306488+00:00
kaggle-vllm-m3-allreduce-raw-v1,kaggle-vllm-m3-two-rank-nccl-allreduce-v1,1024,float16,2,0,31,92.16000139713287,85.4720026254654,92.16000139713287,20,100,2026-09-07T21:15:19.306488+00:00
kaggle-vllm-m3-allreduce-raw-v1,kaggle-vllm-m3-two-rank-nccl-allreduce-v1,1024,float16,2,0,32,79.83999699354172,79.9039974808693,79.9039974808693,20,100,2026-09-07T21:15:19.306488+00:00
kaggle-vllm-m3-allreduce-raw-v1,kaggle-vllm-m3-two-rank-nccl-allreduce-v1,1024,float16,2,0,33,83.93599838018417,84.79999750852585,84.79999750852585,20,100,2026-09-07T21:15:19.306488+00:00
kaggle-vllm-m3-allreduce-raw-v1,kaggle-vllm-m3-two-rank-nccl-allreduce-v1,1024,float16,2,0,34,81.98399841785431,97.15200215578079,97.15200215578079,20,100,2026-09-07T21:15:19.306488+00:00
kaggle-vllm-m3-allreduce-raw-v1,kaggle-vllm-m3-two-rank-nccl-allreduce-v1,1024,float16,2,0,35,81.85599744319916,82.5280025601387,82.5280025601387,20,100,2026-09-07T21:15:19.306488+00:00
kaggle-vllm-m3-allreduce-raw-v1,kaggle-vllm-m3-two-rank-nccl-allreduce-v1,1024,float16,2,0,36,93.18400174379349,89.79199826717377,93.18400174379349,20,100,2026-09-07T21:15:19.306488+00:00
kaggle-vllm-m3-allreduce-raw-v1,kaggle-vllm-m3-two-rank-nccl-allreduce-v1,1024,float16,2,0,37,95.551997423172,94.27200257778168,95.551997423172,20,100,2026-09-07T21:15:19.306488+00:00
kaggle-vllm-m3-allreduce-raw-v1,kaggle-vllm-m3-two-rank-nccl-allreduce-v1,1024,float16,2,0,38,112.64000087976456,108.25599730014801,112.64000087976456,20,100,2026-09-07T21:15:19.306488+00:00
kaggle-vllm-m3-allreduce-raw-v1,kaggle-vllm-m3-two-rank-nccl-allreduce-v1,1024,float16,2,0,39,111.61600053310394,103.4879982471466,111.61600053310394,20,100,2026-09-07T21:15:19.306488+00:00
kaggle-vllm-m3-allreduce-raw-v1,kaggle-vllm-m3-two-rank-nccl-allreduce-v1,1024,float16,2,0,40,107.51999914646149,108.89600217342377,108.89600217342377,20,100,2026-09-07T21:15:19.306488+00:00
kaggle-vllm-m3-allreduce-raw-v1,kaggle-vllm-m3-two-rank-nccl-allreduce-v1,1024,float16,2,0,41,105.31199723482132,104.47999835014343,105.31199723482132,20,100,2026-09-07T21:15:19.306488+00:00
kaggle-vllm-m3-allreduce-raw-v1,kaggle-vllm-m3-two-rank-nccl-allreduce-v1,1024,float16,2,0,42,81.216000020504,86.43200248479843,86.43200248479843,20,100,2026-09-07T21:15:19.306488+00:00
kaggle-vllm-m3-allreduce-raw-v1,kaggle-vllm-m3-two-rank-nccl-allreduce-v1,1024,float16,2,0,43,87.0399996638298,77.82399654388428,87.0399996638298,20,100,2026-09-07T21:15:19.306488+00:00
kaggle-vllm-m3-allreduce-raw-v1,kaggle-vllm-m3-two-rank-nccl-allreduce-v1,1024,float16,2,0,44,79.77599650621414,98.27200323343277,98.27200323343277,20,100,2026-09-07T21:15:19.306488+00:00
kaggle-vllm-m3-allreduce-raw-v1,kaggle-vllm-m3-two-rank-nccl-allreduce-v1,1024,float16,2,0,45,79.8719972372055,81.28000050783157,81.28000050783157,20,100,2026-09-07T21:15:19.306488+00:00
kaggle-vllm-m3-allreduce-raw-v1,kaggle-vllm-m3-two-rank-nccl-allreduce-v1,1024,float16,2,0,46,90.17600119113922,93.91999989748001,93.91999989748001,20,100,2026-09-07T21:15:19.306488+00:00
kaggle-vllm-m3-allreduce-raw-v1,kaggle-vllm-m3-two-rank-nccl-allreduce-v1,1024,float16,2,0,47,85.34400165081024,79.0719985961914,85.34400165081024,20,100,2026-09-07T21:15:19.306488+00:00
kaggle-vllm-m3-allreduce-raw-v1,kaggle-vllm-m3-two-rank-nccl-allreduce-v1,1024,float16,2,0,48,120.19199877977371,153.76000106334686,153.76000106334686,20,100,2026-09-07T21:15:19.306488+00:00
kaggle-vllm-m3-allreduce-raw-v1,kaggle-vllm-m3-two-rank-nccl-allreduce-v1,1024,float16,2,0,49,83.71199667453766,84.63999629020691,84.63999629020691,20,100,2026-09-07T21:15:19.306488+00:00
kaggle-vllm-m3-allreduce-raw-v1,kaggle-vllm-m3-two-rank-nccl-allreduce-v1,1024,float16,2,0,50,85.82399785518646,93.53599697351456,93.53599697351456,20,100,2026-09-07T21:15:19.306488+00:00
kaggle-vllm-m3-allreduce-raw-v1,kaggle-vllm-m3-two-rank-nccl-allreduce-v1,1024,float16,2,0,51,114.20799791812897,143.39199662208557,143.39199662208557,20,100,2026-09-07T21:15:19.306488+00:00
kaggle-vllm-m3-allreduce-raw-v1,kaggle-vllm-m3-two-rank-nccl-allreduce-v1,1024,float16,2,0,52,83.29600095748901,86.33600175380707,86.33600175380707,20,100,2026-09-07T21:15:19.306488+00:00
kaggle-vllm-m3-allreduce-raw-v1,kaggle-vllm-m3-two-rank-nccl-allreduce-v1,1024,float16,2,0,53,101.40799731016159,100.44799745082855,101.40799731016159,20,100,2026-09-07T21:15:19.306488+00:00
kaggle-vllm-m3-allreduce-raw-v1,kaggle-vllm-m3-two-rank-nccl-allreduce-v1,1024,float16,2,0,54,86.33600175380707,92.83199906349182,92.83199906349182,20,100,2026-09-07T21:15:19.306488+00:00
kaggle-vllm-m3-allreduce-raw-v1,kaggle-vllm-m3-two-rank-nccl-allreduce-v1,1024,float16,2,0,55,88.48000317811966,79.74400371313095,88.48000317811966,20,100,2026-09-07T21:15:19.306488+00:00
kaggle-vllm-m3-allreduce-raw-v1,kaggle-vllm-m3-two-rank-nccl-allreduce-v1,1024,float16,2,0,56,89.05600011348724,90.11200070381165,90.11200070381165,20,100,2026-09-07T21:15:19.306488+00:00
kaggle-vllm-m3-allreduce-raw-v1,kaggle-vllm-m3-two-rank-nccl-allreduce-v1,1024,float16,2,0,57,81.91999793052673,89.12000060081482,89.12000060081482,20,100,2026-09-07T21:15:19.306488+00:00
kaggle-vllm-m3-allreduce-raw-v1,kaggle-vllm-m3-two-rank-nccl-allreduce-v1,1024,float16,2,0,58,85.50400286912918,92.16000139713287,92.16000139713287,20,100,2026-09-07T21:15:19.306488+00:00
kaggle-vllm-m3-allreduce-raw-v1,kaggle-vllm-m3-two-rank-nccl-allreduce-v1,1024,float16,2,0,59,85.95199882984161,78.36800068616867,85.95199882984161,20,100,2026-09-07T21:15:19.306488+00:00
kaggle-vllm-m3-allreduce-raw-v1,kaggle-vllm-m3-two-rank-nccl-allreduce-v1,1024,float16,2,0,60,95.96800059080124,143.68000626564026,143.68000626564026,20,100,2026-09-07T21:15:19.306488+00:00
kaggle-vllm-m3-allreduce-raw-v1,kaggle-vllm-m3-two-rank-nccl-allreduce-v1,1024,float16,2,0,61,113.37599903345108,157.50400722026825,157.50400722026825,20,100,2026-09-07T21:15:19.306488+00:00
kaggle-vllm-m3-allreduce-raw-v1,kaggle-vllm-m3-two-rank-nccl-allreduce-v1,1024,float16,2,0,62,83.99999886751175,96.16000205278397,96.16000205278397,20,100,2026-09-07T21:15:19.306488+00:00
kaggle-vllm-m3-allreduce-raw-v1,kaggle-vllm-m3-two-rank-nccl-allreduce-v1,1024,float16,2,0,63,108.57599973678589,139.39200341701508,139.39200341701508,20,100,2026-09-07T21:15:19.306488+00:00
kaggle-vllm-m3-allreduce-raw-v1,kaggle-vllm-m3-two-rank-nccl-allreduce-v1,1024,float16,2,0,64,121.56800180673599,135.5839967727661,135.5839967727661,20,100,2026-09-07T21:15:19.306488+00:00
kaggle-vllm-m3-allreduce-raw-v1,kaggle-vllm-m3-two-rank-nccl-allreduce-v1,1024,float16,2,0,65,95.71199864149094,92.73599833250046,95.71199864149094,20,100,2026-09-07T21:15:19.306488+00:00
kaggle-vllm-m3-allreduce-raw-v1,kaggle-vllm-m3-two-rank-nccl-allreduce-v1,1024,float16,2,0,66,155.39200603961945,154.14400398731232,155.39200603961945,20,100,2026-09-07T21:15:19.306488+00:00
kaggle-vllm-m3-allreduce-raw-v1,kaggle-vllm-m3-two-rank-nccl-allreduce-v1,1024,float16,2,0,67,971.0720181465149,1015.0719881057739,1015.0719881057739,20,100,2026-09-07T21:15:19.306488+00:00
kaggle-vllm-m3-allreduce-raw-v1,kaggle-vllm-m3-two-rank-nccl-allreduce-v1,1024,float16,2,0,68,105.02400249242783,104.41599786281586,105.02400249242783,20,100,2026-09-07T21:15:19.306488+00:00
kaggle-vllm-m3-allreduce-raw-v1,kaggle-vllm-m3-two-rank-nccl-allreduce-v1,1024,float16,2,0,69,81.85599744319916,81.91999793052673,81.91999793052673,20,100,2026-09-07T21:15:19.306488+00:00
kaggle-vllm-m3-allreduce-raw-v1,kaggle-vllm-m3-two-rank-nccl-allreduce-v1,1024,float16,2,0,70,83.93599838018417,82.68799632787704,83.93599838018417,20,100,2026-09-07T21:15:19.306488+00:00
kaggle-vllm-m3-allreduce-raw-v1,kaggle-vllm-m3-two-rank-nccl-allreduce-v1,1024,float16,2,0,71,96.3520035147667,94.30400282144547,96.3520035147667,20,100,2026-09-07T21:15:19.306488+00:00
kaggle-vllm-m3-allreduce-raw-v1,kaggle-vllm-m3-two-rank-nccl-allreduce-v1,1024,float16,2,0,72,78.62400263547897,77.53600180149078,78.62400263547897,20,100,2026-09-07T21:15:19.306488+00:00
kaggle-vllm-m3-allreduce-raw-v1,kaggle-vllm-m3-two-rank-nccl-allreduce-v1,1024,float16,2,0,73,114.94400352239609,98.30400347709656,114.94400352239609,20,100,2026-09-07T21:15:19.306488+00:00
kaggle-vllm-m3-allreduce-raw-v1,kaggle-vllm-m3-two-rank-nccl-allreduce-v1,1024,float16,2,0,74,82.91199803352356,82.65600353479385,82.91199803352356,20,100,2026-09-07T21:15:19.306488+00:00
kaggle-vllm-m3-allreduce-raw-v1,kaggle-vllm-m3-two-rank-nccl-allreduce-v1,1024,float16,2,0,75,82.71999657154083,83.80799740552902,83.80799740552902,20,100,2026-09-07T21:15:19.306488+00:00
kaggle-vllm-m3-allreduce-raw-v1,kaggle-vllm-m3-two-rank-nccl-allreduce-v1,1024,float16,2,0,76,107.93600231409073,156.99200332164764,156.99200332164764,20,100,2026-09-07T21:15:19.306488+00:00
kaggle-vllm-m3-allreduce-raw-v1,kaggle-vllm-m3-two-rank-nccl-allreduce-v1,1024,float16,2,0,77,77.82399654388428,78.46400141716003,78.46400141716003,20,100,2026-09-07T21:15:19.306488+00:00
kaggle-vllm-m3-allreduce-raw-v1,kaggle-vllm-m3-two-rank-nccl-allreduce-v1,1024,float16,2,0,78,81.66400343179703,82.36800134181976,82.36800134181976,20,100,2026-09-07T21:15:19.306488+00:00
kaggle-vllm-m3-allreduce-raw-v1,kaggle-vllm-m3-two-rank-nccl-allreduce-v1,1024,float16,2,0,79,75.99999755620956,77.79199630022049,77.79199630022049,20,100,2026-09-07T21:15:19.306488+00:00
kaggle-vllm-m3-allreduce-raw-v1,kaggle-vllm-m3-two-rank-nccl-allreduce-v1,1024,float16,2,0,80,79.8719972372055,79.99999821186066,79.99999821186066,20,100,2026-09-07T21:15:19.306488+00:00
kaggle-vllm-m3-allreduce-raw-v1,kaggle-vllm-m3-two-rank-nccl-allreduce-v1,1024,float16,2,0,81,77.79199630022049,76.03199779987335,77.79199630022049,20,100,2026-09-07T21:15:19.306488+00:00
kaggle-vllm-m3-allreduce-raw-v1,kaggle-vllm-m3-two-rank-nccl-allreduce-v1,1024,float16,2,0,82,82.71999657154083,82.17599987983704,82.71999657154083,20,100,2026-09-07T21:15:19.306488+00:00
kaggle-vllm-m3-allreduce-raw-v1,kaggle-vllm-m3-two-rank-nccl-allreduce-v1,1024,float16,2,0,83,102.55999863147736,99.45599734783173,102.55999863147736,20,100,2026-09-07T21:15:19.306488+00:00
kaggle-vllm-m3-allreduce-raw-v1,kaggle-vllm-m3-two-rank-nccl-allreduce-v1,1024,float16,2,0,84,79.52000200748444,77.37600058317184,79.52000200748444,20,100,2026-09-07T21:15:19.306488+00:00
kaggle-vllm-m3-allreduce-raw-v1,kaggle-vllm-m3-two-rank-nccl-allreduce-v1,1024,float16,2,0,85,89.40800279378891,90.14400094747543,90.14400094747543,20,100,2026-09-07T21:15:19.306488+00:00
kaggle-vllm-m3-allreduce-raw-v1,kaggle-vllm-m3-two-rank-nccl-allreduce-v1,1024,float16,2,0,86,77.2159993648529,77.82399654388428,77.82399654388428,20,100,2026-09-07T21:15:19.306488+00:00
kaggle-vllm-m3-allreduce-raw-v1,kaggle-vllm-m3-two-rank-nccl-allreduce-v1,1024,float16,2,0,87,103.84000092744827,100.38399696350098,103.84000092744827,20,100,2026-09-07T21:15:19.306488+00:00
kaggle-vllm-m3-allreduce-raw-v1,kaggle-vllm-m3-two-rank-nccl-allreduce-v1,1024,float16,2,0,88,79.83999699354172,77.88799703121185,79.83999699354172,20,100,2026-09-07T21:15:19.306488+00:00
kaggle-vllm-m3-allreduce-raw-v1,kaggle-vllm-m3-two-rank-nccl-allreduce-v1,1024,float16,2,0,89,81.60000294446945,90.01599997282028,90.01599997282028,20,100,2026-09-07T21:15:19.306488+00:00
kaggle-vllm-m3-allreduce-raw-v1,kaggle-vllm-m3-two-rank-nccl-allreduce-v1,1024,float16,2,0,90,77.60000228881836,77.31200009584427,77.60000228881836,20,100,2026-09-07T21:15:19.306488+00:00
kaggle-vllm-m3-allreduce-raw-v1,kaggle-vllm-m3-two-rank-nccl-allreduce-v1,1024,float16,2,0,91,108.57599973678589,93.12000125646591,108.57599973678589,20,100,2026-09-07T21:15:19.306488+00:00
kaggle-vllm-m3-allreduce-raw-v1,kaggle-vllm-m3-two-rank-nccl-allreduce-v1,1024,float16,2,0,92,79.03999835252762,77.95199751853943,79.03999835252762,20,100,2026-09-07T21:15:19.306488+00:00
kaggle-vllm-m3-allreduce-raw-v1,kaggle-vllm-m3-two-rank-nccl-allreduce-v1,1024,float16,2,0,93,77.82399654388428,77.88799703121185,77.88799703121185,20,100,2026-09-07T21:15:19.306488+00:00
kaggle-vllm-m3-allreduce-raw-v1,kaggle-vllm-m3-two-rank-nccl-allreduce-v1,1024,float16,2,0,94,77.79199630022049,77.37600058317184,77.79199630022049,20,100,2026-09-07T21:15:19.306488+00:00
kaggle-vllm-m3-allreduce-raw-v1,kaggle-vllm-m3-two-rank-nccl-allreduce-v1,1024,float16,2,0,95,77.85599678754807,78.14399898052216,78.14399898052216,20,100,2026-09-07T21:15:19.306488+00:00
kaggle-vllm-m3-allreduce-raw-v1,kaggle-vllm-m3-two-rank-nccl-allreduce-v1,1024,float16,2,0,96,77.63200253248215,77.05599814653397,77.63200253248215,20,100,2026-09-07T21:15:19.306488+00:00
kaggle-vllm-m3-allreduce-raw-v1,kaggle-vllm-m3-two-rank-nccl-allreduce-v1,1024,float16,2,0,97,78.36800068616867,78.33600044250488,78.36800068616867,20,100,2026-09-07T21:15:19.306488+00:00
kaggle-vllm-m3-allreduce-raw-v1,kaggle-vllm-m3-two-rank-nccl-allreduce-v1,1024,float16,2,0,98,98.27200323343277,144.896000623703,144.896000623703,20,100,2026-09-07T21:15:19.306488+00:00
kaggle-vllm-m3-allreduce-raw-v1,kaggle-vllm-m3-two-rank-nccl-allreduce-v1,1024,float16,2,0,99,78.33600044250488,81.216000020504,81.216000020504,20,100,2026-09-07T21:15:19.306488+00:00
kaggle-vllm-m3-allreduce-raw-v1,kaggle-vllm-m3-two-rank-nccl-allreduce-v1,4096,float16,2,0,0,147.96799421310425,145.85599303245544,147.96799421310425,20,100,2026-09-07T21:15:19.418038+00:00
kaggle-vllm-m3-allreduce-raw-v1,kaggle-vllm-m3-two-rank-nccl-allreduce-v1,4096,float16,2,0,1,84.79999750852585,88.03199976682663,88.03199976682663,20,100,2026-09-07T21:15:19.418038+00:00
kaggle-vllm-m3-allreduce-raw-v1,kaggle-vllm-m3-two-rank-nccl-allreduce-v1,4096,float16,2,0,2,95.90400010347366,108.2879975438118,108.2879975438118,20,100,2026-09-07T21:15:19.418038+00:00
kaggle-vllm-m3-allreduce-raw-v1,kaggle-vllm-m3-two-rank-nccl-allreduce-v1,4096,float16,2,0,3,124.95999783277512,103.93600165843964,124.95999783277512,20,100,2026-09-07T21:15:19.418038+00:00
kaggle-vllm-m3-allreduce-raw-v1,kaggle-vllm-m3-two-rank-nccl-allreduce-v1,4096,float16,2,0,4,81.91999793052673,94.08000111579895,94.08000111579895,20,100,2026-09-07T21:15:19.418038+00:00
kaggle-vllm-m3-allreduce-raw-v1,kaggle-vllm-m3-two-rank-nccl-allreduce-v1,4096,float16,2,0,5,78.17599922418594,94.65599805116653,94.65599805116653,20,100,2026-09-07T21:15:19.418038+00:00
kaggle-vllm-m3-allreduce-raw-v1,kaggle-vllm-m3-two-rank-nccl-allreduce-v1,4096,float16,2,0,6,165.69599509239197,114.94400352239609,165.69599509239197,20,100,2026-09-07T21:15:19.418038+00:00
kaggle-vllm-m3-allreduce-raw-v1,kaggle-vllm-m3-two-rank-nccl-allreduce-v1,4096,float16,2,0,7,80.64000308513641,82.2720006108284,82.2720006108284,20,100,2026-09-07T21:15:19.418038+00:00
kaggle-vllm-m3-allreduce-raw-v1,kaggle-vllm-m3-two-rank-nccl-allreduce-v1,4096,float16,2,0,8,81.4720019698143,91.23200178146362,91.23200178146362,20,100,2026-09-07T21:15:19.418038+00:00
kaggle-vllm-m3-allreduce-raw-v1,kaggle-vllm-m3-two-rank-nccl-allreduce-v1,4096,float16,2,0,9,81.18399977684021,82.84799754619598,82.84799754619598,20,100,2026-09-07T21:15:19.418038+00:00
kaggle-vllm-m3-allreduce-raw-v1,kaggle-vllm-m3-two-rank-nccl-allreduce-v1,4096,float16,2,0,10,85.31200140714645,90.71999788284302,90.71999788284302,20,100,2026-09-07T21:15:19.418038+00:00
kaggle-vllm-m3-allreduce-raw-v1,kaggle-vllm-m3-two-rank-nccl-allreduce-v1,4096,float16,2,0,11,77.88799703121185,79.9039974808693,79.9039974808693,20,100,2026-09-07T21:15:19.418038+00:00
kaggle-vllm-m3-allreduce-raw-v1,kaggle-vllm-m3-two-rank-nccl-allreduce-v1,4096,float16,2,0,12,92.57599711418152,102.36799716949463,102.36799716949463,20,100,2026-09-07T21:15:19.418038+00:00
kaggle-vllm-m3-allreduce-raw-v1,kaggle-vllm-m3-two-rank-nccl-allreduce-v1,4096,float16,2,0,13,122.46400117874146,99.23200309276581,122.46400117874146,20,100,2026-09-07T21:15:19.418038+00:00
kaggle-vllm-m3-allreduce-raw-v1,kaggle-vllm-m3-two-rank-nccl-allreduce-v1,4096,float16,2,0,14,79.26400005817413,90.27200192213058,90.27200192213058,20,100,2026-09-07T21:15:19.418038+00:00
kaggle-vllm-m3-allreduce-raw-v1,kaggle-vllm-m3-two-rank-nccl-allreduce-v1,4096,float16,2,0,15,77.47200131416321,82.43200182914734,82.43200182914734,20,100,2026-09-07T21:15:19.418038+00:00
kaggle-vllm-m3-allreduce-raw-v1,kaggle-vllm-m3-two-rank-nccl-allreduce-v1,4096,float16,2,0,16,101.05600208044052,151.5520066022873,151.5520066022873,20,100,2026-09-07T21:15:19.418038+00:00
kaggle-vllm-m3-allreduce-raw-v1,kaggle-vllm-m3-two-rank-nccl-allreduce-v1,4096,float16,2,0,17,79.64800298213959,84.48000252246857,84.48000252246857,20,100,2026-09-07T21:15:19.418038+00:00
kaggle-vllm-m3-allreduce-raw-v1,kaggle-vllm-m3-two-rank-nccl-allreduce-v1,4096,float16,2,0,18,80.1599994301796,90.7839983701706,90.7839983701706,20,100,2026-09-07T21:15:19.418038+00:00
kaggle-vllm-m3-allreduce-raw-v1,kaggle-vllm-m3-two-rank-nccl-allreduce-v1,4096,float16,2,0,19,80.03199845552444,82.87999778985977,82.87999778985977,20,100,2026-09-07T21:15:19.418038+00:00
kaggle-vllm-m3-allreduce-raw-v1,kaggle-vllm-m3-two-rank-nccl-allreduce-v1,4096,float16,2,0,20,90.01599997282028,92.12800115346909,92.12800115346909,20,100,2026-09-07T21:15:19.418038+00:00
kaggle-vllm-m3-allreduce-raw-v1,kaggle-vllm-m3-two-rank-nccl-allreduce-v1,4096,float16,2,0,21,78.46400141716003,84.51200276613235,84.51200276613235,20,100,2026-09-07T21:15:19.418038+00:00
kaggle-vllm-m3-allreduce-raw-v1,kaggle-vllm-m3-two-rank-nccl-allreduce-v1,4096,float16,2,0,22,94.71999853849411,108.51199924945831,108.51199924945831,20,100,2026-09-07T21:15:19.418038+00:00
kaggle-vllm-m3-allreduce-raw-v1,kaggle-vllm-m3-two-rank-nccl-allreduce-v1,4096,float16,2,0,23,101.88800096511841,114.49600011110306,114.49600011110306,20,100,2026-09-07T21:15:19.418038+00:00
kaggle-vllm-m3-allreduce-raw-v1,kaggle-vllm-m3-two-rank-nccl-allreduce-v1,4096,float16,2,0,24,84.79999750852585,93.66399794816971,93.66399794816971,20,100,2026-09-07T21:15:19.418038+00:00
kaggle-vllm-m3-allreduce-raw-v1,kaggle-vllm-m3-two-rank-nccl-allreduce-v1,4096,float16,2,0,25,103.67999970912933,108.09600353240967,108.09600353240967,20,100,2026-09-07T21:15:19.418038+00:00
kaggle-vllm-m3-allreduce-raw-v1,kaggle-vllm-m3-two-rank-nccl-allreduce-v1,4096,float16,2,0,26,108.57599973678589,131.42399489879608,131.42399489879608,20,100,2026-09-07T21:15:19.418038+00:00
kaggle-vllm-m3-allreduce-raw-v1,kaggle-vllm-m3-two-rank-nccl-allreduce-v1,4096,float16,2,0,27,91.93599969148636,94.24000233411789,94.24000233411789,20,100,2026-09-07T21:15:19.418038+00:00
kaggle-vllm-m3-allreduce-raw-v1,kaggle-vllm-m3-two-rank-nccl-allreduce-v1,4096,float16,2,0,28,103.39199751615524,106.01600259542465,106.01600259542465,20,100,2026-09-07T21:15:19.418038+00:00
kaggle-vllm-m3-allreduce-raw-v1,kaggle-vllm-m3-two-rank-nccl-allreduce-v1,4096,float16,2,0,29,133.15199315547943,106.75200074911118,133.15199315547943,20,100,2026-09-07T21:15:19.418038+00:00
kaggle-vllm-m3-allreduce-raw-v1,kaggle-vllm-m3-two-rank-nccl-allreduce-v1,4096,float16,2,0,30,99.67999905347824,94.62399780750275,99.67999905347824,20,100,2026-09-07T21:15:19.418038+00:00
kaggle-vllm-m3-allreduce-raw-v1,kaggle-vllm-m3-two-rank-nccl-allreduce-v1,4096,float16,2,0,31,104.41599786281586,99.5199978351593,104.41599786281586,20,100,2026-09-07T21:15:19.418038+00:00
kaggle-vllm-m3-allreduce-raw-v1,kaggle-vllm-m3-two-rank-nccl-allreduce-v1,4096,float16,2,0,32,83.67999643087387,85.91999858617783,85.91999858617783,20,100,2026-09-07T21:15:19.418038+00:00
kaggle-vllm-m3-allreduce-raw-v1,kaggle-vllm-m3-two-rank-nccl-allreduce-v1,4096,float16,2,0,33,77.56800204515457,81.91999793052673,81.91999793052673,20,100,2026-09-07T21:15:19.418038+00:00
kaggle-vllm-m3-allreduce-raw-v1,kaggle-vllm-m3-two-rank-nccl-allreduce-v1,4096,float16,2,0,34,79.3600007891655,79.71200346946716,79.71200346946716,20,100,2026-09-07T21:15:19.418038+00:00
kaggle-vllm-m3-allreduce-raw-v1,kaggle-vllm-m3-two-rank-nccl-allreduce-v1,4096,float16,2,0,35,79.64800298213959,83.42400193214417,83.42400193214417,20,100,2026-09-07T21:15:19.418038+00:00
kaggle-vllm-m3-allreduce-raw-v1,kaggle-vllm-m3-two-rank-nccl-allreduce-v1,4096,float16,2,0,36,79.8719972372055,80.19199967384338,80.19199967384338,20,100,2026-09-07T21:15:19.418038+00:00
kaggle-vllm-m3-allreduce-raw-v1,kaggle-vllm-m3-two-rank-nccl-allreduce-v1,4096,float16,2,0,37,77.82399654388428,81.91999793052673,81.91999793052673,20,100,2026-09-07T21:15:19.418038+00:00
kaggle-vllm-m3-allreduce-raw-v1,kaggle-vllm-m3-two-rank-nccl-allreduce-v1,4096,float16,2,0,38,84.89599823951721,90.20800143480301,90.20800143480301,20,100,2026-09-07T21:15:19.418038+00:00
kaggle-vllm-m3-allreduce-raw-v1,kaggle-vllm-m3-two-rank-nccl-allreduce-v1,4096,float16,2,0,39,115.80800265073776,153.60000729560852,153.60000729560852,20,100,2026-09-07T21:15:19.418038+00:00
kaggle-vllm-m3-allreduce-raw-v1,kaggle-vllm-m3-two-rank-nccl-allreduce-v1,4096,float16,2,0,40,78.49600166082382,81.66400343179703,81.66400343179703,20,100,2026-09-07T21:15:19.418038+00:00
kaggle-vllm-m3-allreduce-raw-v1,kaggle-vllm-m3-two-rank-nccl-allreduce-v1,4096,float16,2,0,41,77.27999985218048,83.16799998283386,83.16799998283386,20,100,2026-09-07T21:15:19.418038+00:00
kaggle-vllm-m3-allreduce-raw-v1,kaggle-vllm-m3-two-rank-nccl-allreduce-v1,4096,float16,2,0,42,82.40000158548355,80.03199845552444,82.40000158548355,20,100,2026-09-07T21:15:19.418038+00:00
kaggle-vllm-m3-allreduce-raw-v1,kaggle-vllm-m3-two-rank-nccl-allreduce-v1,4096,float16,2,0,43,87.99999952316284,90.59199690818787,90.59199690818787,20,100,2026-09-07T21:15:19.418038+00:00
kaggle-vllm-m3-allreduce-raw-v1,kaggle-vllm-m3-two-rank-nccl-allreduce-v1,4096,float16,2,0,44,103.96800190210342,140.70400595664978,140.70400595664978,20,100,2026-09-07T21:15:19.418038+00:00
kaggle-vllm-m3-allreduce-raw-v1,kaggle-vllm-m3-two-rank-nccl-allreduce-v1,4096,float16,2,0,45,83.96799862384796,84.32000130414963,84.32000130414963,20,100,2026-09-07T21:15:19.418038+00:00
kaggle-vllm-m3-allreduce-raw-v1,kaggle-vllm-m3-two-rank-nccl-allreduce-v1,4096,float16,2,0,46,86.94399893283844,83.29600095748901,86.94399893283844,20,100,2026-09-07T21:15:19.418038+00:00
kaggle-vllm-m3-allreduce-raw-v1,kaggle-vllm-m3-two-rank-nccl-allreduce-v1,4096,float16,2,0,47,79.8719972372055,81.66400343179703,81.66400343179703,20,100,2026-09-07T21:15:19.418038+00:00
kaggle-vllm-m3-allreduce-raw-v1,kaggle-vllm-m3-two-rank-nccl-allreduce-v1,4096,float16,2,0,48,79.8719972372055,91.58399701118469,91.58399701118469,20,100,2026-09-07T21:15:19.418038+00:00
kaggle-vllm-m3-allreduce-raw-v1,kaggle-vllm-m3-two-rank-nccl-allreduce-v1,4096,float16,2,0,49,126.97599828243256,97.82399982213974,126.97599828243256,20,100,2026-09-07T21:15:19.418038+00:00
kaggle-vllm-m3-allreduce-raw-v1,kaggle-vllm-m3-two-rank-nccl-allreduce-v1,4096,float16,2,0,50,162.432000041008,126.11199915409088,162.432000041008,20,100,2026-09-07T21:15:19.418038+00:00
kaggle-vllm-m3-allreduce-raw-v1,kaggle-vllm-m3-two-rank-nccl-allreduce-v1,4096,float16,2,0,51,163.71199488639832,181.15200102329254,181.15200102329254,20,100,2026-09-07T21:15:19.418038+00:00
kaggle-vllm-m3-allreduce-raw-v1,kaggle-vllm-m3-two-rank-nccl-allreduce-v1,4096,float16,2,0,52,86.01599931716919,86.17600053548813,86.17600053548813,20,100,2026-09-07T21:15:19.418038+00:00
kaggle-vllm-m3-allreduce-raw-v1,kaggle-vllm-m3-two-rank-nccl-allreduce-v1,4096,float16,2,0,53,79.96799796819687,83.93599838018417,83.93599838018417,20,100,2026-09-07T21:15:19.418038+00:00
kaggle-vllm-m3-allreduce-raw-v1,kaggle-vllm-m3-two-rank-nccl-allreduce-v1,4096,float16,2,0,54,81.53600245714188,81.91999793052673,81.91999793052673,20,100,2026-09-07T21:15:19.418038+00:00
kaggle-vllm-m3-allreduce-raw-v1,kaggle-vllm-m3-two-rank-nccl-allreduce-v1,4096,float16,2,0,55,82.46400207281113,85.9839990735054,85.9839990735054,20,100,2026-09-07T21:15:19.418038+00:00
kaggle-vllm-m3-allreduce-raw-v1,kaggle-vllm-m3-two-rank-nccl-allreduce-v1,4096,float16,2,0,56,84.1279998421669,79.9039974808693,84.1279998421669,20,100,2026-09-07T21:15:19.418038+00:00
kaggle-vllm-m3-allreduce-raw-v1,kaggle-vllm-m3-two-rank-nccl-allreduce-v1,4096,float16,2,0,57,83.96799862384796,86.01599931716919,86.01599931716919,20,100,2026-09-07T21:15:19.418038+00:00
kaggle-vllm-m3-allreduce-raw-v1,kaggle-vllm-m3-two-rank-nccl-allreduce-v1,4096,float16,2,0,58,82.33600109815598,83.67999643087387,83.67999643087387,20,100,2026-09-07T21:15:19.418038+00:00
kaggle-vllm-m3-allreduce-raw-v1,kaggle-vllm-m3-two-rank-nccl-allreduce-v1,4096,float16,2,0,59,79.9039974808693,81.95199817419052,81.95199817419052,20,100,2026-09-07T21:15:19.418038+00:00
kaggle-vllm-m3-allreduce-raw-v1,kaggle-vllm-m3-two-rank-nccl-allreduce-v1,4096,float16,2,0,60,107.19999670982361,109.72800105810165,109.72800105810165,20,100,2026-09-07T21:15:19.418038+00:00
kaggle-vllm-m3-allreduce-raw-v1,kaggle-vllm-m3-two-rank-nccl-allreduce-v1,4096,float16,2,0,61,110.59200018644333,116.73600226640701,116.73600226640701,20,100,2026-09-07T21:15:19.418038+00:00
kaggle-vllm-m3-allreduce-raw-v1,kaggle-vllm-m3-two-rank-nccl-allreduce-v1,4096,float16,2,0,62,91.13600105047226,91.36000275611877,91.36000275611877,20,100,2026-09-07T21:15:19.418038+00:00
kaggle-vllm-m3-allreduce-raw-v1,kaggle-vllm-m3-two-rank-nccl-allreduce-v1,4096,float16,2,0,63,90.11200070381165,92.16000139713287,92.16000139713287,20,100,2026-09-07T21:15:19.418038+00:00
kaggle-vllm-m3-allreduce-raw-v1,kaggle-vllm-m3-two-rank-nccl-allreduce-v1,4096,float16,2,0,64,96.96000069379807,96.12800180912018,96.96000069379807,20,100,2026-09-07T21:15:19.418038+00:00
kaggle-vllm-m3-allreduce-raw-v1,kaggle-vllm-m3-two-rank-nccl-allreduce-v1,4096,float16,2,0,65,84.3840017914772,86.75199747085571,86.75199747085571,20,100,2026-09-07T21:15:19.418038+00:00
kaggle-vllm-m3-allreduce-raw-v1,kaggle-vllm-m3-two-rank-nccl-allreduce-v1,4096,float16,2,0,66,79.64800298213959,81.69600367546082,81.69600367546082,20,100,2026-09-07T21:15:19.418038+00:00
kaggle-vllm-m3-allreduce-raw-v1,kaggle-vllm-m3-two-rank-nccl-allreduce-v1,4096,float16,2,0,67,90.27200192213058,84.73599702119827,90.27200192213058,20,100,2026-09-07T21:15:19.418038+00:00
kaggle-vllm-m3-allreduce-raw-v1,kaggle-vllm-m3-two-rank-nccl-allreduce-v1,4096,float16,2,0,68,85.4720026254654,98.75199943780899,98.75199943780899,20,100,2026-09-07T21:15:19.418038+00:00
kaggle-vllm-m3-allreduce-raw-v1,kaggle-vllm-m3-two-rank-nccl-allreduce-v1,4096,float16,2,0,69,88.32000195980072,82.14399963617325,88.32000195980072,20,100,2026-09-07T21:15:19.418038+00:00
kaggle-vllm-m3-allreduce-raw-v1,kaggle-vllm-m3-two-rank-nccl-allreduce-v1,4096,float16,2,0,70,172.35200107097626,167.64800250530243,172.35200107097626,20,100,2026-09-07T21:15:19.418038+00:00
kaggle-vllm-m3-allreduce-raw-v1,kaggle-vllm-m3-two-rank-nccl-allreduce-v1,4096,float16,2,0,71,181.34400248527527,173.2800006866455,181.34400248527527,20,100,2026-09-07T21:15:19.418038+00:00
kaggle-vllm-m3-allreduce-raw-v1,kaggle-vllm-m3-two-rank-nccl-allreduce-v1,4096,float16,2,0,72,199.0399956703186,216.63999557495117,216.63999557495117,20,100,2026-09-07T21:15:19.418038+00:00
kaggle-vllm-m3-allreduce-raw-v1,kaggle-vllm-m3-two-rank-nccl-allreduce-v1,4096,float16,2,0,73,198.84799420833588,161.79199516773224,198.84799420833588,20,100,2026-09-07T21:15:19.418038+00:00
kaggle-vllm-m3-allreduce-raw-v1,kaggle-vllm-m3-two-rank-nccl-allreduce-v1,4096,float16,2,0,74,196.25599682331085,192.47999787330627,196.25599682331085,20,100,2026-09-07T21:15:19.418038+00:00
kaggle-vllm-m3-allreduce-raw-v1,kaggle-vllm-m3-two-rank-nccl-allreduce-v1,4096,float16,2,0,75,184.32000279426575,172.03199863433838,184.32000279426575,20,100,2026-09-07T21:15:19.418038+00:00
kaggle-vllm-m3-allreduce-raw-v1,kaggle-vllm-m3-two-rank-nccl-allreduce-v1,4096,float16,2,0,76,172.0000058412552,135.3279948234558,172.0000058412552,20,100,2026-09-07T21:15:19.418038+00:00
kaggle-vllm-m3-allreduce-raw-v1,kaggle-vllm-m3-two-rank-nccl-allreduce-v1,4096,float16,2,0,77,173.6000031232834,190.46400487422943,190.46400487422943,20,100,2026-09-07T21:15:19.418038+00:00
kaggle-vllm-m3-allreduce-raw-v1,kaggle-vllm-m3-two-rank-nccl-allreduce-v1,4096,float16,2,0,78,204.83200252056122,142.5279974937439,204.83200252056122,20,100,2026-09-07T21:15:19.418038+00:00
kaggle-vllm-m3-allreduce-raw-v1,kaggle-vllm-m3-two-rank-nccl-allreduce-v1,4096,float16,2,0,79,215.07200598716736,193.63200664520264,215.07200598716736,20,100,2026-09-07T21:15:19.418038+00:00
kaggle-vllm-m3-allreduce-raw-v1,kaggle-vllm-m3-two-rank-nccl-allreduce-v1,4096,float16,2,0,80,260.19200682640076,247.55200743675232,260.19200682640076,20,100,2026-09-07T21:15:19.418038+00:00
kaggle-vllm-m3-allreduce-raw-v1,kaggle-vllm-m3-two-rank-nccl-allreduce-v1,4096,float16,2,0,81,202.7519941329956,206.84799551963806,206.84799551963806,20,100,2026-09-07T21:15:19.418038+00:00
kaggle-vllm-m3-allreduce-raw-v1,kaggle-vllm-m3-two-rank-nccl-allreduce-v1,4096,float16,2,0,82,216.70399606227875,303.1040132045746,303.1040132045746,20,100,2026-09-07T21:15:19.418038+00:00
kaggle-vllm-m3-allreduce-raw-v1,kaggle-vllm-m3-two-rank-nccl-allreduce-v1,4096,float16,2,0,83,211.29600703716278,167.93599724769592,211.29600703716278,20,100,2026-09-07T21:15:19.418038+00:00
kaggle-vllm-m3-allreduce-raw-v1,kaggle-vllm-m3-two-rank-nccl-allreduce-v1,4096,float16,2,0,84,184.86399948596954,166.84800386428833,184.86399948596954,20,100,2026-09-07T21:15:19.418038+00:00
kaggle-vllm-m3-allreduce-raw-v1,kaggle-vllm-m3-two-rank-nccl-allreduce-v1,4096,float16,2,0,85,153.56799960136414,151.0400027036667,153.56799960136414,20,100,2026-09-07T21:15:19.418038+00:00
kaggle-vllm-m3-allreduce-raw-v1,kaggle-vllm-m3-two-rank-nccl-allreduce-v1,4096,float16,2,0,86,204.79999482631683,186.36800348758698,204.79999482631683,20,100,2026-09-07T21:15:19.418038+00:00
kaggle-vllm-m3-allreduce-raw-v1,kaggle-vllm-m3-two-rank-nccl-allreduce-v1,4096,float16,2,0,87,153.6320000886917,141.82400703430176,153.6320000886917,20,100,2026-09-07T21:15:19.418038+00:00
kaggle-vllm-m3-allreduce-raw-v1,kaggle-vllm-m3-two-rank-nccl-allreduce-v1,4096,float16,2,0,88,167.9680049419403,180.2240014076233,180.2240014076233,20,100,2026-09-07T21:15:19.418038+00:00
kaggle-vllm-m3-allreduce-raw-v1,kaggle-vllm-m3-two-rank-nccl-allreduce-v1,4096,float16,2,0,89,157.3439985513687,151.0079950094223,157.3439985513687,20,100,2026-09-07T21:15:19.418038+00:00
kaggle-vllm-m3-allreduce-raw-v1,kaggle-vllm-m3-two-rank-nccl-allreduce-v1,4096,float16,2,0,90,167.55199432373047,177.3120015859604,177.3120015859604,20,100,2026-09-07T21:15:19.418038+00:00
kaggle-vllm-m3-allreduce-raw-v1,kaggle-vllm-m3-two-rank-nccl-allreduce-v1,4096,float16,2,0,91,155.87200224399567,149.50400590896606,155.87200224399567,20,100,2026-09-07T21:15:19.418038+00:00
kaggle-vllm-m3-allreduce-raw-v1,kaggle-vllm-m3-two-rank-nccl-allreduce-v1,4096,float16,2,0,92,163.2319986820221,179.3919950723648,179.3919950723648,20,100,2026-09-07T21:15:19.418038+00:00
kaggle-vllm-m3-allreduce-raw-v1,kaggle-vllm-m3-two-rank-nccl-allreduce-v1,4096,float16,2,0,93,155.58399260044098,157.69599378108978,157.69599378108978,20,100,2026-09-07T21:15:19.418038+00:00
kaggle-vllm-m3-allreduce-raw-v1,kaggle-vllm-m3-two-rank-nccl-allreduce-v1,4096,float16,2,0,94,197.11999595165253,171.9360053539276,197.11999595165253,20,100,2026-09-07T21:15:19.418038+00:00
kaggle-vllm-m3-allreduce-raw-v1,kaggle-vllm-m3-two-rank-nccl-allreduce-v1,4096,float16,2,0,95,153.1520038843155,140.03199338912964,153.1520038843155,20,100,2026-09-07T21:15:19.418038+00:00
kaggle-vllm-m3-allreduce-raw-v1,kaggle-vllm-m3-two-rank-nccl-allreduce-v1,4096,float16,2,0,96,164.38399255275726,170.27199268341064,170.27199268341064,20,100,2026-09-07T21:15:19.418038+00:00
kaggle-vllm-m3-allreduce-raw-v1,kaggle-vllm-m3-two-rank-nccl-allreduce-v1,4096,float16,2,0,97,151.5520066022873,151.5520066022873,151.5520066022873,20,100,2026-09-07T21:15:19.418038+00:00
kaggle-vllm-m3-allreduce-raw-v1,kaggle-vllm-m3-two-rank-nccl-allreduce-v1,4096,float16,2,0,98,196.54400646686554,176.12800002098083,196.54400646686554,20,100,2026-09-07T21:15:19.418038+00:00
kaggle-vllm-m3-allreduce-raw-v1,kaggle-vllm-m3-two-rank-nccl-allreduce-v1,4096,float16,2,0,99,151.5199989080429,139.42399621009827,151.5199989080429,20,100,2026-09-07T21:15:19.418038+00:00
kaggle-vllm-m3-allreduce-raw-v1,kaggle-vllm-m3-two-rank-nccl-allreduce-v1,16384,float16,2,0,0,106.91200196743011,120.83200365304947,120.83200365304947,20,100,2026-09-07T21:15:19.467076+00:00
kaggle-vllm-m3-allreduce-raw-v1,kaggle-vllm-m3-two-rank-nccl-allreduce-v1,16384,float16,2,0,1,108.99200290441513,104.67199981212616,108.99200290441513,20,100,2026-09-07T21:15:19.467076+00:00
kaggle-vllm-m3-allreduce-raw-v1,kaggle-vllm-m3-two-rank-nccl-allreduce-v1,16384,float16,2,0,2,86.01599931716919,88.639996945858,88.639996945858,20,100,2026-09-07T21:15:19.467076+00:00
kaggle-vllm-m3-allreduce-raw-v1,kaggle-vllm-m3-two-rank-nccl-allreduce-v1,16384,float16,2,0,3,91.23200178146362,103.71199995279312,103.71199995279312,20,100,2026-09-07T21:15:19.467076+00:00
kaggle-vllm-m3-allreduce-raw-v1,kaggle-vllm-m3-two-rank-nccl-allreduce-v1,16384,float16,2,0,4,112.64000087976456,113.40799927711487,113.40799927711487,20,100,2026-09-07T21:15:19.467076+00:00
kaggle-vllm-m3-allreduce-raw-v1,kaggle-vllm-m3-two-rank-nccl-allreduce-v1,16384,float16,2,0,5,83.77599716186523,84.41600203514099,84.41600203514099,20,100,2026-09-07T21:15:19.467076+00:00
kaggle-vllm-m3-allreduce-raw-v1,kaggle-vllm-m3-two-rank-nccl-allreduce-v1,16384,float16,2,0,6,89.02399986982346,82.49600231647491,89.02399986982346,20,100,2026-09-07T21:15:19.467076+00:00
kaggle-vllm-m3-allreduce-raw-v1,kaggle-vllm-m3-two-rank-nccl-allreduce-v1,16384,float16,2,0,7,175.4560023546219,180.54400384426117,180.54400384426117,20,100,2026-09-07T21:15:19.467076+00:00
kaggle-vllm-m3-allreduce-raw-v1,kaggle-vllm-m3-two-rank-nccl-allreduce-v1,16384,float16,2,0,8,325.1200020313263,362.08000779151917,362.08000779151917,20,100,2026-09-07T21:15:19.467076+00:00
kaggle-vllm-m3-allreduce-raw-v1,kaggle-vllm-m3-two-rank-nccl-allreduce-v1,16384,float16,2,0,9,104.41599786281586,108.76800119876862,108.76800119876862,20,100,2026-09-07T21:15:19.467076+00:00
kaggle-vllm-m3-allreduce-raw-v1,kaggle-vllm-m3-two-rank-nccl-allreduce-v1,16384,float16,2,0,10,93.98400038480759,110.43199896812439,110.43199896812439,20,100,2026-09-07T21:15:19.467076+00:00
kaggle-vllm-m3-allreduce-raw-v1,kaggle-vllm-m3-two-rank-nccl-allreduce-v1,16384,float16,2,0,11,266.1440074443817,231.23200237751007,266.1440074443817,20,100,2026-09-07T21:15:19.467076+00:00
kaggle-vllm-m3-allreduce-raw-v1,kaggle-vllm-m3-two-rank-nccl-allreduce-v1,16384,float16,2,0,12,1535.7760190963745,195.2960044145584,1535.7760190963745,20,100,2026-09-07T21:15:19.467076+00:00
kaggle-vllm-m3-allreduce-raw-v1,kaggle-vllm-m3-two-rank-nccl-allreduce-v1,16384,float16,2,0,13,225.3119945526123,137.08800077438354,225.3119945526123,20,100,2026-09-07T21:15:19.467076+00:00
kaggle-vllm-m3-allreduce-raw-v1,kaggle-vllm-m3-two-rank-nccl-allreduce-v1,16384,float16,2,0,14,97.28000313043594,96.25600278377533,97.28000313043594,20,100,2026-09-07T21:15:19.467076+00:00
kaggle-vllm-m3-allreduce-raw-v1,kaggle-vllm-m3-two-rank-nccl-allreduce-v1,16384,float16,2,0,15,104.47999835014343,118.78400295972824,118.78400295972824,20,100,2026-09-07T21:15:19.467076+00:00
kaggle-vllm-m3-allreduce-raw-v1,kaggle-vllm-m3-two-rank-nccl-allreduce-v1,16384,float16,2,0,16,83.96799862384796,84.32000130414963,84.32000130414963,20,100,2026-09-07T21:15:19.467076+00:00
kaggle-vllm-m3-allreduce-raw-v1,kaggle-vllm-m3-two-rank-nccl-allreduce-v1,16384,float16,2,0,17,79.58400249481201,82.04799890518188,82.04799890518188,20,100,2026-09-07T21:15:19.467076+00:00
kaggle-vllm-m3-allreduce-raw-v1,kaggle-vllm-m3-two-rank-nccl-allreduce-v1,16384,float16,2,0,18,86.01599931716919,87.0399996638298,87.0399996638298,20,100,2026-09-07T21:15:19.467076+00:00
kaggle-vllm-m3-allreduce-raw-v1,kaggle-vllm-m3-two-rank-nccl-allreduce-v1,16384,float16,2,0,19,79.39200103282928,90.11200070381165,90.11200070381165,20,100,2026-09-07T21:15:19.467076+00:00
kaggle-vllm-m3-allreduce-raw-v1,kaggle-vllm-m3-two-rank-nccl-allreduce-v1,16384,float16,2,0,20,79.8719972372055,80.54400235414505,80.54400235414505,20,100,2026-09-07T21:15:19.467076+00:00
kaggle-vllm-m3-allreduce-raw-v1,kaggle-vllm-m3-two-rank-nccl-allreduce-v1,16384,float16,2,0,21,101.24800354242325,105.98400235176086,105.98400235176086,20,100,2026-09-07T21:15:19.467076+00:00
kaggle-vllm-m3-allreduce-raw-v1,kaggle-vllm-m3-two-rank-nccl-allreduce-v1,16384,float16,2,0,22,78.015998005867,79.29600030183792,79.29600030183792,20,100,2026-09-07T21:15:19.467076+00:00
kaggle-vllm-m3-allreduce-raw-v1,kaggle-vllm-m3-two-rank-nccl-allreduce-v1,16384,float16,2,0,23,89.47200328111649,92.16000139713287,92.16000139713287,20,100,2026-09-07T21:15:19.467076+00:00
kaggle-vllm-m3-allreduce-raw-v1,kaggle-vllm-m3-two-rank-nccl-allreduce-v1,16384,float16,2,0,24,77.95199751853943,79.77599650621414,79.77599650621414,20,100,2026-09-07T21:15:19.467076+00:00
kaggle-vllm-m3-allreduce-raw-v1,kaggle-vllm-m3-two-rank-nccl-allreduce-v1,16384,float16,2,0,25,96.25600278377533,111.64800077676773,111.64800077676773,20,100,2026-09-07T21:15:19.467076+00:00
kaggle-vllm-m3-allreduce-raw-v1,kaggle-vllm-m3-two-rank-nccl-allreduce-v1,16384,float16,2,0,26,121.47200107574463,179.9360066652298,179.9360066652298,20,100,2026-09-07T21:15:19.467076+00:00
kaggle-vllm-m3-allreduce-raw-v1,kaggle-vllm-m3-two-rank-nccl-allreduce-v1,16384,float16,2,0,27,217.02399849891663,247.8400021791458,247.8400021791458,20,100,2026-09-07T21:15:19.467076+00:00
kaggle-vllm-m3-allreduce-raw-v1,kaggle-vllm-m3-two-rank-nccl-allreduce-v1,16384,float16,2,0,28,172.12800681591034,164.5440012216568,172.12800681591034,20,100,2026-09-07T21:15:19.467076+00:00
kaggle-vllm-m3-allreduce-raw-v1,kaggle-vllm-m3-two-rank-nccl-allreduce-v1,16384,float16,2,0,29,151.0079950094223,157.21599757671356,157.21599757671356,20,100,2026-09-07T21:15:19.467076+00:00
kaggle-vllm-m3-allreduce-raw-v1,kaggle-vllm-m3-two-rank-nccl-allreduce-v1,16384,float16,2,0,30,124.95999783277512,141.34399592876434,141.34399592876434,20,100,2026-09-07T21:15:19.467076+00:00
kaggle-vllm-m3-allreduce-raw-v1,kaggle-vllm-m3-two-rank-nccl-allreduce-v1,16384,float16,2,0,31,120.86399644613266,132.89600610733032,132.89600610733032,20,100,2026-09-07T21:15:19.467076+00:00
kaggle-vllm-m3-allreduce-raw-v1,kaggle-vllm-m3-two-rank-nccl-allreduce-v1,16384,float16,2,0,32,147.45600521564484,158.07999670505524,158.07999670505524,20,100,2026-09-07T21:15:19.467076+00:00
kaggle-vllm-m3-allreduce-raw-v1,kaggle-vllm-m3-two-rank-nccl-allreduce-v1,16384,float16,2,0,33,186.68800592422485,197.91999459266663,197.91999459266663,20,100,2026-09-07T21:15:19.467076+00:00
kaggle-vllm-m3-allreduce-raw-v1,kaggle-vllm-m3-two-rank-nccl-allreduce-v1,16384,float16,2,0,34,148.12800288200378,185.95199286937714,185.95199286937714,20,100,2026-09-07T21:15:19.467076+00:00
kaggle-vllm-m3-allreduce-raw-v1,kaggle-vllm-m3-two-rank-nccl-allreduce-v1,16384,float16,2,0,35,161.82400286197662,186.71999871730804,186.71999871730804,20,100,2026-09-07T21:15:19.467076+00:00
kaggle-vllm-m3-allreduce-raw-v1,kaggle-vllm-m3-two-rank-nccl-allreduce-v1,16384,float16,2,0,36,124.60800260305405,135.83999872207642,135.83999872207642,20,100,2026-09-07T21:15:19.467076+00:00
kaggle-vllm-m3-allreduce-raw-v1,kaggle-vllm-m3-two-rank-nccl-allreduce-v1,16384,float16,2,0,37,127.00800597667694,151.87199413776398,151.87199413776398,20,100,2026-09-07T21:15:19.467076+00:00
kaggle-vllm-m3-allreduce-raw-v1,kaggle-vllm-m3-two-rank-nccl-allreduce-v1,16384,float16,2,0,38,132.60799646377563,139.3280029296875,139.3280029296875,20,100,2026-09-07T21:15:19.467076+00:00
kaggle-vllm-m3-allreduce-raw-v1,kaggle-vllm-m3-two-rank-nccl-allreduce-v1,16384,float16,2,0,39,143.36000382900238,139.20000195503235,143.36000382900238,20,100,2026-09-07T21:15:19.467076+00:00
kaggle-vllm-m3-allreduce-raw-v1,kaggle-vllm-m3-two-rank-nccl-allreduce-v1,16384,float16,2,0,40,147.45600521564484,133.66399705410004,147.45600521564484,20,100,2026-09-07T21:15:19.467076+00:00
kaggle-vllm-m3-allreduce-raw-v1,kaggle-vllm-m3-two-rank-nccl-allreduce-v1,16384,float16,2,0,41,129.05600666999817,138.17599415779114,138.17599415779114,20,100,2026-09-07T21:15:19.467076+00:00
kaggle-vllm-m3-allreduce-raw-v1,kaggle-vllm-m3-two-rank-nccl-allreduce-v1,16384,float16,2,0,42,126.43200159072876,147.48799800872803,147.48799800872803,20,100,2026-09-07T21:15:19.467076+00:00
kaggle-vllm-m3-allreduce-raw-v1,kaggle-vllm-m3-two-rank-nccl-allreduce-v1,16384,float16,2,0,43,167.52000153064728,151.8400013446808,167.52000153064728,20,100,2026-09-07T21:15:19.467076+00:00
kaggle-vllm-m3-allreduce-raw-v1,kaggle-vllm-m3-two-rank-nccl-allreduce-v1,16384,float16,2,0,44,128.28800082206726,133.37600231170654,133.37600231170654,20,100,2026-09-07T21:15:19.467076+00:00
kaggle-vllm-m3-allreduce-raw-v1,kaggle-vllm-m3-two-rank-nccl-allreduce-v1,16384,float16,2,0,45,127.68000364303589,129.05600666999817,129.05600666999817,20,100,2026-09-07T21:15:19.467076+00:00
kaggle-vllm-m3-allreduce-raw-v1,kaggle-vllm-m3-two-rank-nccl-allreduce-v1,16384,float16,2,0,46,133.95200669765472,133.12000036239624,133.95200669765472,20,100,2026-09-07T21:15:19.467076+00:00
kaggle-vllm-m3-allreduce-raw-v1,kaggle-vllm-m3-two-rank-nccl-allreduce-v1,16384,float16,2,0,47,98.30400347709656,133.53599607944489,133.53599607944489,20,100,2026-09-07T21:15:19.467076+00:00
kaggle-vllm-m3-allreduce-raw-v1,kaggle-vllm-m3-two-rank-nccl-allreduce-v1,16384,float16,2,0,48,171.00800573825836,157.75999426841736,171.00800573825836,20,100,2026-09-07T21:15:19.467076+00:00
kaggle-vllm-m3-allreduce-raw-v1,kaggle-vllm-m3-two-rank-nccl-allreduce-v1,16384,float16,2,0,49,145.4399973154068,153.60000729560852,153.60000729560852,20,100,2026-09-07T21:15:19.467076+00:00
kaggle-vllm-m3-allreduce-raw-v1,kaggle-vllm-m3-two-rank-nccl-allreduce-v1,16384,float16,2,0,50,124.79999661445618,129.02399897575378,129.02399897575378,20,100,2026-09-07T21:15:19.467076+00:00
kaggle-vllm-m3-allreduce-raw-v1,kaggle-vllm-m3-two-rank-nccl-allreduce-v1,16384,float16,2,0,51,120.15999853610992,131.071999669075,131.071999669075,20,100,2026-09-07T21:15:19.467076+00:00
kaggle-vllm-m3-allreduce-raw-v1,kaggle-vllm-m3-two-rank-nccl-allreduce-v1,16384,float16,2,0,52,193.7599927186966,203.5199999809265,203.5199999809265,20,100,2026-09-07T21:15:19.467076+00:00
kaggle-vllm-m3-allreduce-raw-v1,kaggle-vllm-m3-two-rank-nccl-allreduce-v1,16384,float16,2,0,53,189.18399512767792,180.7360053062439,189.18399512767792,20,100,2026-09-07T21:15:19.467076+00:00
kaggle-vllm-m3-allreduce-raw-v1,kaggle-vllm-m3-two-rank-nccl-allreduce-v1,16384,float16,2,0,54,153.79199385643005,153.60000729560852,153.79199385643005,20,100,2026-09-07T21:15:19.467076+00:00
kaggle-vllm-m3-allreduce-raw-v1,kaggle-vllm-m3-two-rank-nccl-allreduce-v1,16384,float16,2,0,55,145.75999975204468,155.2640050649643,155.2640050649643,20,100,2026-09-07T21:15:19.467076+00:00
kaggle-vllm-m3-allreduce-raw-v1,kaggle-vllm-m3-two-rank-nccl-allreduce-v1,16384,float16,2,0,56,133.40799510478973,148.0640023946762,148.0640023946762,20,100,2026-09-07T21:15:19.467076+00:00
kaggle-vllm-m3-allreduce-raw-v1,kaggle-vllm-m3-two-rank-nccl-allreduce-v1,16384,float16,2,0,57,190.46400487422943,160.35200655460358,190.46400487422943,20,100,2026-09-07T21:15:19.467076+00:00
kaggle-vllm-m3-allreduce-raw-v1,kaggle-vllm-m3-two-rank-nccl-allreduce-v1,16384,float16,2,0,58,173.37599396705627,178.01600694656372,178.01600694656372,20,100,2026-09-07T21:15:19.467076+00:00
kaggle-vllm-m3-allreduce-raw-v1,kaggle-vllm-m3-two-rank-nccl-allreduce-v1,16384,float16,2,0,59,125.76000392436981,153.34400534629822,153.34400534629822,20,100,2026-09-07T21:15:19.467076+00:00
kaggle-vllm-m3-allreduce-raw-v1,kaggle-vllm-m3-two-rank-nccl-allreduce-v1,16384,float16,2,0,60,131.1040073633194,136.4160031080246,136.4160031080246,20,100,2026-09-07T21:15:19.467076+00:00
kaggle-vllm-m3-allreduce-raw-v1,kaggle-vllm-m3-two-rank-nccl-allreduce-v1,16384,float16,2,0,61,135.29600203037262,134.5279961824417,135.29600203037262,20,100,2026-09-07T21:15:19.467076+00:00
kaggle-vllm-m3-allreduce-raw-v1,kaggle-vllm-m3-two-rank-nccl-allreduce-v1,16384,float16,2,0,62,112.67200112342834,150.84800124168396,150.84800124168396,20,100,2026-09-07T21:15:19.467076+00:00
kaggle-vllm-m3-allreduce-raw-v1,kaggle-vllm-m3-two-rank-nccl-allreduce-v1,16384,float16,2,0,63,151.58399939537048,144.19199526309967,151.58399939537048,20,100,2026-09-07T21:15:19.467076+00:00
kaggle-vllm-m3-allreduce-raw-v1,kaggle-vllm-m3-two-rank-nccl-allreduce-v1,16384,float16,2,0,64,175.6799966096878,147.96799421310425,175.6799966096878,20,100,2026-09-07T21:15:19.467076+00:00
kaggle-vllm-m3-allreduce-raw-v1,kaggle-vllm-m3-two-rank-nccl-allreduce-v1,16384,float16,2,0,65,153.02400290966034,148.19200336933136,153.02400290966034,20,100,2026-09-07T21:15:19.467076+00:00
kaggle-vllm-m3-allreduce-raw-v1,kaggle-vllm-m3-two-rank-nccl-allreduce-v1,16384,float16,2,0,66,136.31999492645264,159.743994474411,159.743994474411,20,100,2026-09-07T21:15:19.467076+00:00
kaggle-vllm-m3-allreduce-raw-v1,kaggle-vllm-m3-two-rank-nccl-allreduce-v1,16384,float16,2,0,67,122.01599776744843,128.12800705432892,128.12800705432892,20,100,2026-09-07T21:15:19.467076+00:00
kaggle-vllm-m3-allreduce-raw-v1,kaggle-vllm-m3-two-rank-nccl-allreduce-v1,16384,float16,2,0,68,144.3520039319992,137.9839926958084,144.3520039319992,20,100,2026-09-07T21:15:19.467076+00:00
kaggle-vllm-m3-allreduce-raw-v1,kaggle-vllm-m3-two-rank-nccl-allreduce-v1,16384,float16,2,0,69,129.34400141239166,133.31200182437897,133.31200182437897,20,100,2026-09-07T21:15:19.467076+00:00
kaggle-vllm-m3-allreduce-raw-v1,kaggle-vllm-m3-two-rank-nccl-allreduce-v1,16384,float16,2,0,70,147.42399752140045,134.49600338935852,147.42399752140045,20,100,2026-09-07T21:15:19.467076+00:00
kaggle-vllm-m3-allreduce-raw-v1,kaggle-vllm-m3-two-rank-nccl-allreduce-v1,16384,float16,2,0,71,141.40799641609192,153.28000485897064,153.28000485897064,20,100,2026-09-07T21:15:19.467076+00:00
kaggle-vllm-m3-allreduce-raw-v1,kaggle-vllm-m3-two-rank-nccl-allreduce-v1,16384,float16,2,0,72,146.14400267601013,144.73600685596466,146.14400267601013,20,100,2026-09-07T21:15:19.467076+00:00
kaggle-vllm-m3-allreduce-raw-v1,kaggle-vllm-m3-two-rank-nccl-allreduce-v1,16384,float16,2,0,73,129.02399897575378,130.91200590133667,130.91200590133667,20,100,2026-09-07T21:15:19.467076+00:00
kaggle-vllm-m3-allreduce-raw-v1,kaggle-vllm-m3-two-rank-nccl-allreduce-v1,16384,float16,2,0,74,114.59200084209442,130.94399869441986,130.94399869441986,20,100,2026-09-07T21:15:19.467076+00:00
kaggle-vllm-m3-allreduce-raw-v1,kaggle-vllm-m3-two-rank-nccl-allreduce-v1,16384,float16,2,0,75,122.8799968957901,127.74400413036346,127.74400413036346,20,100,2026-09-07T21:15:19.467076+00:00
kaggle-vllm-m3-allreduce-raw-v1,kaggle-vllm-m3-two-rank-nccl-allreduce-v1,16384,float16,2,0,76,161.28000617027283,161.82400286197662,161.82400286197662,20,100,2026-09-07T21:15:19.467076+00:00
kaggle-vllm-m3-allreduce-raw-v1,kaggle-vllm-m3-two-rank-nccl-allreduce-v1,16384,float16,2,0,77,190.46400487422943,198.71999323368073,198.71999323368073,20,100,2026-09-07T21:15:19.467076+00:00
kaggle-vllm-m3-allreduce-raw-v1,kaggle-vllm-m3-two-rank-nccl-allreduce-v1,16384,float16,2,0,78,178.14399302005768,165.8879965543747,178.14399302005768,20,100,2026-09-07T21:15:19.467076+00:00
kaggle-vllm-m3-allreduce-raw-v1,kaggle-vllm-m3-two-rank-nccl-allreduce-v1,16384,float16,2,0,79,195.26399672031403,178.17600071430206,195.26399672031403,20,100,2026-09-07T21:15:19.467076+00:00
kaggle-vllm-m3-allreduce-raw-v1,kaggle-vllm-m3-two-rank-nccl-allreduce-v1,16384,float16,2,0,80,203.87199521064758,195.16800343990326,203.87199521064758,20,100,2026-09-07T21:15:19.467076+00:00
kaggle-vllm-m3-allreduce-raw-v1,kaggle-vllm-m3-two-rank-nccl-allreduce-v1,16384,float16,2,0,81,211.84000372886658,200.8640021085739,211.84000372886658,20,100,2026-09-07T21:15:19.467076+00:00
kaggle-vllm-m3-allreduce-raw-v1,kaggle-vllm-m3-two-rank-nccl-allreduce-v1,16384,float16,2,0,82,192.00000166893005,173.5360026359558,192.00000166893005,20,100,2026-09-07T21:15:19.467076+00:00
kaggle-vllm-m3-allreduce-raw-v1,kaggle-vllm-m3-two-rank-nccl-allreduce-v1,16384,float16,2,0,83,176.12800002098083,176.12800002098083,176.12800002098083,20,100,2026-09-07T21:15:19.467076+00:00
kaggle-vllm-m3-allreduce-raw-v1,kaggle-vllm-m3-two-rank-nccl-allreduce-v1,16384,float16,2,0,84,165.8879965543747,160.5439931154251,165.8879965543747,20,100,2026-09-07T21:15:19.467076+00:00
kaggle-vllm-m3-allreduce-raw-v1,kaggle-vllm-m3-two-rank-nccl-allreduce-v1,16384,float16,2,0,85,147.64800667762756,180.7679980993271,180.7679980993271,20,100,2026-09-07T21:15:19.467076+00:00
kaggle-vllm-m3-allreduce-raw-v1,kaggle-vllm-m3-two-rank-nccl-allreduce-v1,16384,float16,2,0,86,102.91200131177902,106.55999928712845,106.55999928712845,20,100,2026-09-07T21:15:19.467076+00:00
kaggle-vllm-m3-allreduce-raw-v1,kaggle-vllm-m3-two-rank-nccl-allreduce-v1,16384,float16,2,0,87,82.94399827718735,85.28000116348267,85.28000116348267,20,100,2026-09-07T21:15:19.467076+00:00
kaggle-vllm-m3-allreduce-raw-v1,kaggle-vllm-m3-two-rank-nccl-allreduce-v1,16384,float16,2,0,88,141.95199310779572,149.98400211334229,149.98400211334229,20,100,2026-09-07T21:15:19.467076+00:00
kaggle-vllm-m3-allreduce-raw-v1,kaggle-vllm-m3-two-rank-nccl-allreduce-v1,16384,float16,2,0,89,81.88799768686295,84.3840017914772,84.3840017914772,20,100,2026-09-07T21:15:19.467076+00:00
kaggle-vllm-m3-allreduce-raw-v1,kaggle-vllm-m3-two-rank-nccl-allreduce-v1,16384,float16,2,0,90,83.20000022649765,83.93599838018417,83.93599838018417,20,100,2026-09-07T21:15:19.467076+00:00
kaggle-vllm-m3-allreduce-raw-v1,kaggle-vllm-m3-two-rank-nccl-allreduce-v1,16384,float16,2,0,91,85.4720026254654,84.6719965338707,85.4720026254654,20,100,2026-09-07T21:15:19.467076+00:00
kaggle-vllm-m3-allreduce-raw-v1,kaggle-vllm-m3-two-rank-nccl-allreduce-v1,16384,float16,2,0,92,104.44799810647964,106.9440022110939,106.9440022110939,20,100,2026-09-07T21:15:19.467076+00:00
kaggle-vllm-m3-allreduce-raw-v1,kaggle-vllm-m3-two-rank-nccl-allreduce-v1,16384,float16,2,0,93,90.55999666452408,91.90399944782257,91.90399944782257,20,100,2026-09-07T21:15:19.467076+00:00
kaggle-vllm-m3-allreduce-raw-v1,kaggle-vllm-m3-two-rank-nccl-allreduce-v1,16384,float16,2,0,94,80.86399734020233,83.96799862384796,83.96799862384796,20,100,2026-09-07T21:15:19.467076+00:00
kaggle-vllm-m3-allreduce-raw-v1,kaggle-vllm-m3-two-rank-nccl-allreduce-v1,16384,float16,2,0,95,109.37599837779999,100.35199671983719,109.37599837779999,20,100,2026-09-07T21:15:19.467076+00:00
kaggle-vllm-m3-allreduce-raw-v1,kaggle-vllm-m3-two-rank-nccl-allreduce-v1,16384,float16,2,0,96,79.55200225114822,80.22399991750717,80.22399991750717,20,100,2026-09-07T21:15:19.467076+00:00
kaggle-vllm-m3-allreduce-raw-v1,kaggle-vllm-m3-two-rank-nccl-allreduce-v1,16384,float16,2,0,97,78.07999849319458,80.19199967384338,80.19199967384338,20,100,2026-09-07T21:15:19.467076+00:00
kaggle-vllm-m3-allreduce-raw-v1,kaggle-vllm-m3-two-rank-nccl-allreduce-v1,16384,float16,2,0,98,77.79199630022049,78.62400263547897,78.62400263547897,20,100,2026-09-07T21:15:19.467076+00:00
kaggle-vllm-m3-allreduce-raw-v1,kaggle-vllm-m3-two-rank-nccl-allreduce-v1,16384,float16,2,0,99,81.7599967122078,86.01599931716919,86.01599931716919,20,100,2026-09-07T21:15:19.467076+00:00
kaggle-vllm-m3-allreduce-raw-v1,kaggle-vllm-m3-two-rank-nccl-allreduce-v1,65536,float16,2,0,0,110.59200018644333,114.68800157308578,114.68800157308578,20,100,2026-09-07T21:15:19.501175+00:00
kaggle-vllm-m3-allreduce-raw-v1,kaggle-vllm-m3-two-rank-nccl-allreduce-v1,65536,float16,2,0,1,94.2080020904541,90.62399715185165,94.2080020904541,20,100,2026-09-07T21:15:19.501175+00:00
kaggle-vllm-m3-allreduce-raw-v1,kaggle-vllm-m3-two-rank-nccl-allreduce-v1,65536,float16,2,0,2,145.75999975204468,116.41599982976913,145.75999975204468,20,100,2026-09-07T21:15:19.501175+00:00
kaggle-vllm-m3-allreduce-raw-v1,kaggle-vllm-m3-two-rank-nccl-allreduce-v1,65536,float16,2,0,3,92.16000139713287,88.19200098514557,92.16000139713287,20,100,2026-09-07T21:15:19.501175+00:00
kaggle-vllm-m3-allreduce-raw-v1,kaggle-vllm-m3-two-rank-nccl-allreduce-v1,65536,float16,2,0,4,94.24000233411789,89.50400352478027,94.24000233411789,20,100,2026-09-07T21:15:19.501175+00:00
kaggle-vllm-m3-allreduce-raw-v1,kaggle-vllm-m3-two-rank-nccl-allreduce-v1,65536,float16,2,0,5,145.63199877738953,155.10399639606476,155.10399639606476,20,100,2026-09-07T21:15:19.501175+00:00
kaggle-vllm-m3-allreduce-raw-v1,kaggle-vllm-m3-two-rank-nccl-allreduce-v1,65536,float16,2,0,6,96.44799679517746,92.83199906349182,96.44799679517746,20,100,2026-09-07T21:15:19.501175+00:00
kaggle-vllm-m3-allreduce-raw-v1,kaggle-vllm-m3-two-rank-nccl-allreduce-v1,65536,float16,2,0,7,97.82399982213974,92.32000261545181,97.82399982213974,20,100,2026-09-07T21:15:19.501175+00:00
kaggle-vllm-m3-allreduce-raw-v1,kaggle-vllm-m3-two-rank-nccl-allreduce-v1,65536,float16,2,0,8,93.40800344944,89.75999802350998,93.40800344944,20,100,2026-09-07T21:15:19.501175+00:00
kaggle-vllm-m3-allreduce-raw-v1,kaggle-vllm-m3-two-rank-nccl-allreduce-v1,65536,float16,2,0,9,92.22400188446045,88.99199962615967,92.22400188446045,20,100,2026-09-07T21:15:19.501175+00:00
kaggle-vllm-m3-allreduce-raw-v1,kaggle-vllm-m3-two-rank-nccl-allreduce-v1,65536,float16,2,0,10,102.65599936246872,99.90400075912476,102.65599936246872,20,100,2026-09-07T21:15:19.501175+00:00
kaggle-vllm-m3-allreduce-raw-v1,kaggle-vllm-m3-two-rank-nccl-allreduce-v1,65536,float16,2,0,11,90.91199934482574,86.62399649620056,90.91199934482574,20,100,2026-09-07T21:15:19.501175+00:00
kaggle-vllm-m3-allreduce-raw-v1,kaggle-vllm-m3-two-rank-nccl-allreduce-v1,65536,float16,2,0,12,94.2080020904541,94.36800330877304,94.36800330877304,20,100,2026-09-07T21:15:19.501175+00:00
kaggle-vllm-m3-allreduce-raw-v1,kaggle-vllm-m3-two-rank-nccl-allreduce-v1,65536,float16,2,0,13,89.6959975361824,88.03199976682663,89.6959975361824,20,100,2026-09-07T21:15:19.501175+00:00
kaggle-vllm-m3-allreduce-raw-v1,kaggle-vllm-m3-two-rank-nccl-allreduce-v1,65536,float16,2,0,14,90.52799642086029,88.06400001049042,90.52799642086029,20,100,2026-09-07T21:15:19.501175+00:00
kaggle-vllm-m3-allreduce-raw-v1,kaggle-vllm-m3-two-rank-nccl-allreduce-v1,65536,float16,2,0,15,141.82400703430176,100.35199671983719,141.82400703430176,20,100,2026-09-07T21:15:19.501175+00:00
kaggle-vllm-m3-allreduce-raw-v1,kaggle-vllm-m3-two-rank-nccl-allreduce-v1,65536,float16,2,0,16,92.16000139713287,87.5839963555336,92.16000139713287,20,100,2026-09-07T21:15:19.501175+00:00
kaggle-vllm-m3-allreduce-raw-v1,kaggle-vllm-m3-two-rank-nccl-allreduce-v1,65536,float16,2,0,17,94.43199634552002,92.00000017881393,94.43199634552002,20,100,2026-09-07T21:15:19.501175+00:00
kaggle-vllm-m3-allreduce-raw-v1,kaggle-vllm-m3-two-rank-nccl-allreduce-v1,65536,float16,2,0,18,89.63199704885483,86.7839977145195,89.63199704885483,20,100,2026-09-07T21:15:19.501175+00:00
kaggle-vllm-m3-allreduce-raw-v1,kaggle-vllm-m3-two-rank-nccl-allreduce-v1,65536,float16,2,0,19,93.44000369310379,95.67999839782715,95.67999839782715,20,100,2026-09-07T21:15:19.501175+00:00
kaggle-vllm-m3-allreduce-raw-v1,kaggle-vllm-m3-two-rank-nccl-allreduce-v1,65536,float16,2,0,20,91.16800129413605,90.04800021648407,91.16800129413605,20,100,2026-09-07T21:15:19.501175+00:00
kaggle-vllm-m3-allreduce-raw-v1,kaggle-vllm-m3-two-rank-nccl-allreduce-v1,65536,float16,2,0,21,92.16000139713287,88.06400001049042,92.16000139713287,20,100,2026-09-07T21:15:19.501175+00:00
kaggle-vllm-m3-allreduce-raw-v1,kaggle-vllm-m3-two-rank-nccl-allreduce-v1,65536,float16,2,0,22,101.3759970664978,129.7599971294403,129.7599971294403,20,100,2026-09-07T21:15:19.501175+00:00
kaggle-vllm-m3-allreduce-raw-v1,kaggle-vllm-m3-two-rank-nccl-allreduce-v1,65536,float16,2,0,23,91.36000275611877,84.32000130414963,91.36000275611877,20,100,2026-09-07T21:15:19.501175+00:00
kaggle-vllm-m3-allreduce-raw-v1,kaggle-vllm-m3-two-rank-nccl-allreduce-v1,65536,float16,2,0,24,111.1999973654747,109.69600081443787,111.1999973654747,20,100,2026-09-07T21:15:19.501175+00:00
kaggle-vllm-m3-allreduce-raw-v1,kaggle-vllm-m3-two-rank-nccl-allreduce-v1,65536,float16,2,0,25,109.43999886512756,110.59200018644333,110.59200018644333,20,100,2026-09-07T21:15:19.501175+00:00
kaggle-vllm-m3-allreduce-raw-v1,kaggle-vllm-m3-two-rank-nccl-allreduce-v1,65536,float16,2,0,26,97.75999933481216,93.08800101280212,97.75999933481216,20,100,2026-09-07T21:15:19.501175+00:00
kaggle-vllm-m3-allreduce-raw-v1,kaggle-vllm-m3-two-rank-nccl-allreduce-v1,65536,float16,2,0,27,100.38399696350098,96.73599898815155,100.38399696350098,20,100,2026-09-07T21:15:19.501175+00:00
kaggle-vllm-m3-allreduce-raw-v1,kaggle-vllm-m3-two-rank-nccl-allreduce-v1,65536,float16,2,0,28,87.0399996638298,83.96799862384796,87.0399996638298,20,100,2026-09-07T21:15:19.501175+00:00
kaggle-vllm-m3-allreduce-raw-v1,kaggle-vllm-m3-two-rank-nccl-allreduce-v1,65536,float16,2,0,29,92.19200164079666,91.87199920415878,92.19200164079666,20,100,2026-09-07T21:15:19.501175+00:00
kaggle-vllm-m3-allreduce-raw-v1,kaggle-vllm-m3-two-rank-nccl-allreduce-v1,65536,float16,2,0,30,90.14400094747543,92.16000139713287,92.16000139713287,20,100,2026-09-07T21:15:19.501175+00:00
kaggle-vllm-m3-allreduce-raw-v1,kaggle-vllm-m3-two-rank-nccl-allreduce-v1,65536,float16,2,0,31,89.12000060081482,106.175996363163,106.175996363163,20,100,2026-09-07T21:15:19.501175+00:00
kaggle-vllm-m3-allreduce-raw-v1,kaggle-vllm-m3-two-rank-nccl-allreduce-v1,65536,float16,2,0,32,98.94400089979172,122.8799968957901,122.8799968957901,20,100,2026-09-07T21:15:19.501175+00:00
kaggle-vllm-m3-allreduce-raw-v1,kaggle-vllm-m3-two-rank-nccl-allreduce-v1,65536,float16,2,0,33,91.10400080680847,86.01599931716919,91.10400080680847,20,100,2026-09-07T21:15:19.501175+00:00
kaggle-vllm-m3-allreduce-raw-v1,kaggle-vllm-m3-two-rank-nccl-allreduce-v1,65536,float16,2,0,34,90.33600240945816,90.11200070381165,90.33600240945816,20,100,2026-09-07T21:15:19.501175+00:00
kaggle-vllm-m3-allreduce-raw-v1,kaggle-vllm-m3-two-rank-nccl-allreduce-v1,65536,float16,2,0,35,140.86399972438812,100.35199671983719,140.86399972438812,20,100,2026-09-07T21:15:19.501175+00:00
kaggle-vllm-m3-allreduce-raw-v1,kaggle-vllm-m3-two-rank-nccl-allreduce-v1,65536,float16,2,0,36,90.91199934482574,107.64800012111664,107.64800012111664,20,100,2026-09-07T21:15:19.501175+00:00
kaggle-vllm-m3-allreduce-raw-v1,kaggle-vllm-m3-two-rank-nccl-allreduce-v1,65536,float16,2,0,37,93.98400038480759,90.27200192213058,93.98400038480759,20,100,2026-09-07T21:15:19.501175+00:00
kaggle-vllm-m3-allreduce-raw-v1,kaggle-vllm-m3-two-rank-nccl-allreduce-v1,65536,float16,2,0,38,92.12800115346909,88.06400001049042,92.12800115346909,20,100,2026-09-07T21:15:19.501175+00:00
kaggle-vllm-m3-allreduce-raw-v1,kaggle-vllm-m3-two-rank-nccl-allreduce-v1,65536,float16,2,0,39,92.16000139713287,96.3520035147667,96.3520035147667,20,100,2026-09-07T21:15:19.501175+00:00
kaggle-vllm-m3-allreduce-raw-v1,kaggle-vllm-m3-two-rank-nccl-allreduce-v1,65536,float16,2,0,40,89.6959975361824,91.71199798583984,91.71199798583984,20,100,2026-09-07T21:15:19.501175+00:00
kaggle-vllm-m3-allreduce-raw-v1,kaggle-vllm-m3-two-rank-nccl-allreduce-v1,65536,float16,2,0,41,93.85599941015244,92.06400066614151,93.85599941015244,20,100,2026-09-07T21:15:19.501175+00:00
kaggle-vllm-m3-allreduce-raw-v1,kaggle-vllm-m3-two-rank-nccl-allreduce-v1,65536,float16,2,0,42,110.78400164842606,112.73600161075592,112.73600161075592,20,100,2026-09-07T21:15:19.501175+00:00
kaggle-vllm-m3-allreduce-raw-v1,kaggle-vllm-m3-two-rank-nccl-allreduce-v1,65536,float16,2,0,43,89.66399729251862,86.07999980449677,89.66399729251862,20,100,2026-09-07T21:15:19.501175+00:00
kaggle-vllm-m3-allreduce-raw-v1,kaggle-vllm-m3-two-rank-nccl-allreduce-v1,65536,float16,2,0,44,92.92799979448318,90.04800021648407,92.92799979448318,20,100,2026-09-07T21:15:19.501175+00:00
kaggle-vllm-m3-allreduce-raw-v1,kaggle-vllm-m3-two-rank-nccl-allreduce-v1,65536,float16,2,0,45,92.16000139713287,89.72799777984619,92.16000139713287,20,100,2026-09-07T21:15:19.501175+00:00
kaggle-vllm-m3-allreduce-raw-v1,kaggle-vllm-m3-two-rank-nccl-allreduce-v1,65536,float16,2,0,46,92.41600334644318,88.28800171613693,92.41600334644318,20,100,2026-09-07T21:15:19.501175+00:00
kaggle-vllm-m3-allreduce-raw-v1,kaggle-vllm-m3-two-rank-nccl-allreduce-v1,65536,float16,2,0,47,89.75999802350998,90.52799642086029,90.52799642086029,20,100,2026-09-07T21:15:19.501175+00:00
kaggle-vllm-m3-allreduce-raw-v1,kaggle-vllm-m3-two-rank-nccl-allreduce-v1,65536,float16,2,0,48,88.06400001049042,89.88799899816513,89.88799899816513,20,100,2026-09-07T21:15:19.501175+00:00
kaggle-vllm-m3-allreduce-raw-v1,kaggle-vllm-m3-two-rank-nccl-allreduce-v1,65536,float16,2,0,49,114.68800157308578,123.19999933242798,123.19999933242798,20,100,2026-09-07T21:15:19.501175+00:00
kaggle-vllm-m3-allreduce-raw-v1,kaggle-vllm-m3-two-rank-nccl-allreduce-v1,65536,float16,2,0,50,92.54399687051773,88.44800293445587,92.54399687051773,20,100,2026-09-07T21:15:19.501175+00:00
kaggle-vllm-m3-allreduce-raw-v1,kaggle-vllm-m3-two-rank-nccl-allreduce-v1,65536,float16,2,0,51,92.03200042247772,87.77599781751633,92.03200042247772,20,100,2026-09-07T21:15:19.501175+00:00
kaggle-vllm-m3-allreduce-raw-v1,kaggle-vllm-m3-two-rank-nccl-allreduce-v1,65536,float16,2,0,52,98.27200323343277,97.120001912117,98.27200323343277,20,100,2026-09-07T21:15:19.501175+00:00
kaggle-vllm-m3-allreduce-raw-v1,kaggle-vllm-m3-two-rank-nccl-allreduce-v1,65536,float16,2,0,53,93.1520015001297,92.73599833250046,93.1520015001297,20,100,2026-09-07T21:15:19.501175+00:00
kaggle-vllm-m3-allreduce-raw-v1,kaggle-vllm-m3-two-rank-nccl-allreduce-v1,65536,float16,2,0,54,114.68800157308578,118.78400295972824,118.78400295972824,20,100,2026-09-07T21:15:19.501175+00:00
kaggle-vllm-m3-allreduce-raw-v1,kaggle-vllm-m3-two-rank-nccl-allreduce-v1,65536,float16,2,0,55,94.17600184679031,88.06400001049042,94.17600184679031,20,100,2026-09-07T21:15:19.501175+00:00
kaggle-vllm-m3-allreduce-raw-v1,kaggle-vllm-m3-two-rank-nccl-allreduce-v1,65536,float16,2,0,56,116.73600226640701,123.80799651145935,123.80799651145935,20,100,2026-09-07T21:15:19.501175+00:00
kaggle-vllm-m3-allreduce-raw-v1,kaggle-vllm-m3-two-rank-nccl-allreduce-v1,65536,float16,2,0,57,107.35999792814255,110.78400164842606,110.78400164842606,20,100,2026-09-07T21:15:19.501175+00:00
kaggle-vllm-m3-allreduce-raw-v1,kaggle-vllm-m3-two-rank-nccl-allreduce-v1,65536,float16,2,0,58,100.35199671983719,94.01600062847137,100.35199671983719,20,100,2026-09-07T21:15:19.501175+00:00
kaggle-vllm-m3-allreduce-raw-v1,kaggle-vllm-m3-two-rank-nccl-allreduce-v1,65536,float16,2,0,59,96.41599655151367,98.30400347709656,98.30400347709656,20,100,2026-09-07T21:15:19.501175+00:00
kaggle-vllm-m3-allreduce-raw-v1,kaggle-vllm-m3-two-rank-nccl-allreduce-v1,65536,float16,2,0,60,106.175996363163,108.06400328874588,108.06400328874588,20,100,2026-09-07T21:15:19.501175+00:00
kaggle-vllm-m3-allreduce-raw-v1,kaggle-vllm-m3-two-rank-nccl-allreduce-v1,65536,float16,2,0,61,89.31200206279755,98.11200201511383,98.11200201511383,20,100,2026-09-07T21:15:19.501175+00:00
kaggle-vllm-m3-allreduce-raw-v1,kaggle-vllm-m3-two-rank-nccl-allreduce-v1,65536,float16,2,0,62,94.2080020904541,94.84799951314926,94.84799951314926,20,100,2026-09-07T21:15:19.501175+00:00
kaggle-vllm-m3-allreduce-raw-v1,kaggle-vllm-m3-two-rank-nccl-allreduce-v1,65536,float16,2,0,63,93.37600320577621,91.64799749851227,93.37600320577621,20,100,2026-09-07T21:15:19.501175+00:00
kaggle-vllm-m3-allreduce-raw-v1,kaggle-vllm-m3-two-rank-nccl-allreduce-v1,65536,float16,2,0,64,91.32800251245499,85.34400165081024,91.32800251245499,20,100,2026-09-07T21:15:19.501175+00:00
kaggle-vllm-m3-allreduce-raw-v1,kaggle-vllm-m3-two-rank-nccl-allreduce-v1,65536,float16,2,0,65,104.44799810647964,165.6000018119812,165.6000018119812,20,100,2026-09-07T21:15:19.501175+00:00
kaggle-vllm-m3-allreduce-raw-v1,kaggle-vllm-m3-two-rank-nccl-allreduce-v1,65536,float16,2,0,66,90.08000046014786,86.40000224113464,90.08000046014786,20,100,2026-09-07T21:15:19.501175+00:00
kaggle-vllm-m3-allreduce-raw-v1,kaggle-vllm-m3-two-rank-nccl-allreduce-v1,65536,float16,2,0,67,94.17600184679031,87.99999952316284,94.17600184679031,20,100,2026-09-07T21:15:19.501175+00:00
kaggle-vllm-m3-allreduce-raw-v1,kaggle-vllm-m3-two-rank-nccl-allreduce-v1,65536,float16,2,0,68,161.53599321842194,100.09600222110748,161.53599321842194,20,100,2026-09-07T21:15:19.501175+00:00
kaggle-vllm-m3-allreduce-raw-v1,kaggle-vllm-m3-two-rank-nccl-allreduce-v1,65536,float16,2,0,69,92.16000139713287,94.01600062847137,94.01600062847137,20,100,2026-09-07T21:15:19.501175+00:00
kaggle-vllm-m3-allreduce-raw-v1,kaggle-vllm-m3-two-rank-nccl-allreduce-v1,65536,float16,2,0,70,94.36800330877304,89.47200328111649,94.36800330877304,20,100,2026-09-07T21:15:19.501175+00:00
kaggle-vllm-m3-allreduce-raw-v1,kaggle-vllm-m3-two-rank-nccl-allreduce-v1,65536,float16,2,0,71,93.40800344944,88.73599767684937,93.40800344944,20,100,2026-09-07T21:15:19.501175+00:00
kaggle-vllm-m3-allreduce-raw-v1,kaggle-vllm-m3-two-rank-nccl-allreduce-v1,65536,float16,2,0,72,90.11200070381165,97.21600264310837,97.21600264310837,20,100,2026-09-07T21:15:19.501175+00:00
kaggle-vllm-m3-allreduce-raw-v1,kaggle-vllm-m3-two-rank-nccl-allreduce-v1,65536,float16,2,0,73,172.92800545692444,143.45599710941315,172.92800545692444,20,100,2026-09-07T21:15:19.501175+00:00
kaggle-vllm-m3-allreduce-raw-v1,kaggle-vllm-m3-two-rank-nccl-allreduce-v1,65536,float16,2,0,74,149.05600249767303,106.49599879980087,149.05600249767303,20,100,2026-09-07T21:15:19.501175+00:00
kaggle-vllm-m3-allreduce-raw-v1,kaggle-vllm-m3-two-rank-nccl-allreduce-v1,65536,float16,2,0,75,89.47200328111649,85.08799970149994,89.47200328111649,20,100,2026-09-07T21:15:19.501175+00:00
kaggle-vllm-m3-allreduce-raw-v1,kaggle-vllm-m3-two-rank-nccl-allreduce-v1,65536,float16,2,0,76,92.12800115346909,89.37600255012512,92.12800115346909,20,100,2026-09-07T21:15:19.501175+00:00
kaggle-vllm-m3-allreduce-raw-v1,kaggle-vllm-m3-two-rank-nccl-allreduce-v1,65536,float16,2,0,77,91.74399822950363,106.75200074911118,106.75200074911118,20,100,2026-09-07T21:15:19.501175+00:00
kaggle-vllm-m3-allreduce-raw-v1,kaggle-vllm-m3-two-rank-nccl-allreduce-v1,65536,float16,2,0,78,92.0960009098053,91.07200056314468,92.0960009098053,20,100,2026-09-07T21:15:19.501175+00:00
kaggle-vllm-m3-allreduce-raw-v1,kaggle-vllm-m3-two-rank-nccl-allreduce-v1,65536,float16,2,0,79,90.94399958848953,86.46400272846222,90.94399958848953,20,100,2026-09-07T21:15:19.501175+00:00
kaggle-vllm-m3-allreduce-raw-v1,kaggle-vllm-m3-two-rank-nccl-allreduce-v1,65536,float16,2,0,80,88.3840024471283,86.62399649620056,88.3840024471283,20,100,2026-09-07T21:15:19.501175+00:00
kaggle-vllm-m3-allreduce-raw-v1,kaggle-vllm-m3-two-rank-nccl-allreduce-v1,65536,float16,2,0,81,151.58399939537048,111.77600175142288,151.58399939537048,20,100,2026-09-07T21:15:19.501175+00:00
kaggle-vllm-m3-allreduce-raw-v1,kaggle-vllm-m3-two-rank-nccl-allreduce-v1,65536,float16,2,0,82,90.71999788284302,89.88799899816513,90.71999788284302,20,100,2026-09-07T21:15:19.501175+00:00
kaggle-vllm-m3-allreduce-raw-v1,kaggle-vllm-m3-two-rank-nccl-allreduce-v1,65536,float16,2,0,83,91.20000153779984,86.496002972126,91.20000153779984,20,100,2026-09-07T21:15:19.501175+00:00
kaggle-vllm-m3-allreduce-raw-v1,kaggle-vllm-m3-two-rank-nccl-allreduce-v1,65536,float16,2,0,84,90.04800021648407,89.59999680519104,90.04800021648407,20,100,2026-09-07T21:15:19.501175+00:00
kaggle-vllm-m3-allreduce-raw-v1,kaggle-vllm-m3-two-rank-nccl-allreduce-v1,65536,float16,2,0,85,91.51999652385712,90.91199934482574,91.51999652385712,20,100,2026-09-07T21:15:19.501175+00:00
kaggle-vllm-m3-allreduce-raw-v1,kaggle-vllm-m3-two-rank-nccl-allreduce-v1,65536,float16,2,0,86,98.43199700117111,97.34400361776352,98.43199700117111,20,100,2026-09-07T21:15:19.501175+00:00
kaggle-vllm-m3-allreduce-raw-v1,kaggle-vllm-m3-two-rank-nccl-allreduce-v1,65536,float16,2,0,87,88.06400001049042,87.61599659919739,88.06400001049042,20,100,2026-09-07T21:15:19.501175+00:00
kaggle-vllm-m3-allreduce-raw-v1,kaggle-vllm-m3-two-rank-nccl-allreduce-v1,65536,float16,2,0,88,98.36799651384354,134.5600038766861,134.5600038766861,20,100,2026-09-07T21:15:19.501175+00:00
kaggle-vllm-m3-allreduce-raw-v1,kaggle-vllm-m3-two-rank-nccl-allreduce-v1,65536,float16,2,0,89,91.839998960495,86.01599931716919,91.839998960495,20,100,2026-09-07T21:15:19.501175+00:00
kaggle-vllm-m3-allreduce-raw-v1,kaggle-vllm-m3-two-rank-nccl-allreduce-v1,65536,float16,2,0,90,97.53599762916565,94.97600048780441,97.53599762916565,20,100,2026-09-07T21:15:19.501175+00:00
kaggle-vllm-m3-allreduce-raw-v1,kaggle-vllm-m3-two-rank-nccl-allreduce-v1,65536,float16,2,0,91,102.78400033712387,102.55999863147736,102.78400033712387,20,100,2026-09-07T21:15:19.501175+00:00
kaggle-vllm-m3-allreduce-raw-v1,kaggle-vllm-m3-two-rank-nccl-allreduce-v1,65536,float16,2,0,92,93.91999989748001,93.44000369310379,93.91999989748001,20,100,2026-09-07T21:15:19.501175+00:00
kaggle-vllm-m3-allreduce-raw-v1,kaggle-vllm-m3-two-rank-nccl-allreduce-v1,65536,float16,2,0,93,97.15200215578079,96.25600278377533,97.15200215578079,20,100,2026-09-07T21:15:19.501175+00:00
kaggle-vllm-m3-allreduce-raw-v1,kaggle-vllm-m3-two-rank-nccl-allreduce-v1,65536,float16,2,0,94,104.54399883747101,106.49599879980087,106.49599879980087,20,100,2026-09-07T21:15:19.501175+00:00
kaggle-vllm-m3-allreduce-raw-v1,kaggle-vllm-m3-two-rank-nccl-allreduce-v1,65536,float16,2,0,95,92.19200164079666,88.8959988951683,92.19200164079666,20,100,2026-09-07T21:15:19.501175+00:00
kaggle-vllm-m3-allreduce-raw-v1,kaggle-vllm-m3-two-rank-nccl-allreduce-v1,65536,float16,2,0,96,102.24000364542007,98.11200201511383,102.24000364542007,20,100,2026-09-07T21:15:19.501175+00:00
kaggle-vllm-m3-allreduce-raw-v1,kaggle-vllm-m3-two-rank-nccl-allreduce-v1,65536,float16,2,0,97,88.8959988951683,88.67199718952179,88.8959988951683,20,100,2026-09-07T21:15:19.501175+00:00
kaggle-vllm-m3-allreduce-raw-v1,kaggle-vllm-m3-two-rank-nccl-allreduce-v1,65536,float16,2,0,98,96.92800045013428,144.06399428844452,144.06399428844452,20,100,2026-09-07T21:15:19.501175+00:00
kaggle-vllm-m3-allreduce-raw-v1,kaggle-vllm-m3-two-rank-nccl-allreduce-v1,65536,float16,2,0,99,91.96799993515015,87.0399996638298,91.96799993515015,20,100,2026-09-07T21:15:19.501175+00:00
kaggle-vllm-m3-allreduce-raw-v1,kaggle-vllm-m3-two-rank-nccl-allreduce-v1,262144,float16,2,0,0,188.4479969739914,163.455992937088,188.4479969739914,20,100,2026-09-07T21:15:19.546653+00:00
kaggle-vllm-m3-allreduce-raw-v1,kaggle-vllm-m3-two-rank-nccl-allreduce-v1,262144,float16,2,0,1,233.69599878787994,221.18400037288666,233.69599878787994,20,100,2026-09-07T21:15:19.546653+00:00
kaggle-vllm-m3-allreduce-raw-v1,kaggle-vllm-m3-two-rank-nccl-allreduce-v1,262144,float16,2,0,2,166.30400717258453,156.38400614261627,166.30400717258453,20,100,2026-09-07T21:15:19.546653+00:00
kaggle-vllm-m3-allreduce-raw-v1,kaggle-vllm-m3-two-rank-nccl-allreduce-v1,262144,float16,2,0,3,165.8879965543747,155.96799552440643,165.8879965543747,20,100,2026-09-07T21:15:19.546653+00:00
kaggle-vllm-m3-allreduce-raw-v1,kaggle-vllm-m3-two-rank-nccl-allreduce-v1,262144,float16,2,0,4,159.743994474411,166.17600619792938,166.17600619792938,20,100,2026-09-07T21:15:19.546653+00:00
kaggle-vllm-m3-allreduce-raw-v1,kaggle-vllm-m3-two-rank-nccl-allreduce-v1,262144,float16,2,0,5,159.19999778270721,154.9759954214096,159.19999778270721,20,100,2026-09-07T21:15:19.546653+00:00
kaggle-vllm-m3-allreduce-raw-v1,kaggle-vllm-m3-two-rank-nccl-allreduce-v1,262144,float16,2,0,6,174.112007021904,206.84799551963806,206.84799551963806,20,100,2026-09-07T21:15:19.546653+00:00
kaggle-vllm-m3-allreduce-raw-v1,kaggle-vllm-m3-two-rank-nccl-allreduce-v1,262144,float16,2,0,7,168.12799870967865,165.43999314308167,168.12799870967865,20,100,2026-09-07T21:15:19.546653+00:00
kaggle-vllm-m3-allreduce-raw-v1,kaggle-vllm-m3-two-rank-nccl-allreduce-v1,262144,float16,2,0,8,149.85600113868713,146.65600657463074,149.85600113868713,20,100,2026-09-07T21:15:19.546653+00:00
kaggle-vllm-m3-allreduce-raw-v1,kaggle-vllm-m3-two-rank-nccl-allreduce-v1,262144,float16,2,0,9,158.30400586128235,151.5199989080429,158.30400586128235,20,100,2026-09-07T21:15:19.546653+00:00
kaggle-vllm-m3-allreduce-raw-v1,kaggle-vllm-m3-two-rank-nccl-allreduce-v1,262144,float16,2,0,10,165.8560037612915,155.90399503707886,165.8560037612915,20,100,2026-09-07T21:15:19.546653+00:00
kaggle-vllm-m3-allreduce-raw-v1,kaggle-vllm-m3-two-rank-nccl-allreduce-v1,262144,float16,2,0,11,173.75999689102173,214.75200355052948,214.75200355052948,20,100,2026-09-07T21:15:19.546653+00:00
kaggle-vllm-m3-allreduce-raw-v1,kaggle-vllm-m3-two-rank-nccl-allreduce-v1,262144,float16,2,0,12,160.22400557994843,157.44000673294067,160.22400557994843,20,100,2026-09-07T21:15:19.546653+00:00
kaggle-vllm-m3-allreduce-raw-v1,kaggle-vllm-m3-two-rank-nccl-allreduce-v1,262144,float16,2,0,13,149.4400054216385,142.68800616264343,149.4400054216385,20,100,2026-09-07T21:15:19.546653+00:00
kaggle-vllm-m3-allreduce-raw-v1,kaggle-vllm-m3-two-rank-nccl-allreduce-v1,262144,float16,2,0,14,156.0640037059784,151.10400319099426,156.0640037059784,20,100,2026-09-07T21:15:19.546653+00:00
kaggle-vllm-m3-allreduce-raw-v1,kaggle-vllm-m3-two-rank-nccl-allreduce-v1,262144,float16,2,0,15,157.21599757671356,159.10400450229645,159.10400450229645,20,100,2026-09-07T21:15:19.546653+00:00
kaggle-vllm-m3-allreduce-raw-v1,kaggle-vllm-m3-two-rank-nccl-allreduce-v1,262144,float16,2,0,16,194.94399428367615,184.51200425624847,194.94399428367615,20,100,2026-09-07T21:15:19.546653+00:00
kaggle-vllm-m3-allreduce-raw-v1,kaggle-vllm-m3-two-rank-nccl-allreduce-v1,262144,float16,2,0,17,159.743994474411,152.19199657440186,159.743994474411,20,100,2026-09-07T21:15:19.546653+00:00
kaggle-vllm-m3-allreduce-raw-v1,kaggle-vllm-m3-two-rank-nccl-allreduce-v1,262144,float16,2,0,18,149.59999918937683,147.039994597435,149.59999918937683,20,100,2026-09-07T21:15:19.546653+00:00
kaggle-vllm-m3-allreduce-raw-v1,kaggle-vllm-m3-two-rank-nccl-allreduce-v1,262144,float16,2,0,19,159.36000645160675,199.20000433921814,199.20000433921814,20,100,2026-09-07T21:15:19.546653+00:00
kaggle-vllm-m3-allreduce-raw-v1,kaggle-vllm-m3-two-rank-nccl-allreduce-v1,262144,float16,2,0,20,154.62400019168854,146.81600034236908,154.62400019168854,20,100,2026-09-07T21:15:19.546653+00:00
kaggle-vllm-m3-allreduce-raw-v1,kaggle-vllm-m3-two-rank-nccl-allreduce-v1,262144,float16,2,0,21,157.47199952602386,143.36000382900238,157.47199952602386,20,100,2026-09-07T21:15:19.546653+00:00
kaggle-vllm-m3-allreduce-raw-v1,kaggle-vllm-m3-two-rank-nccl-allreduce-v1,262144,float16,2,0,22,156.41599893569946,145.4080045223236,156.41599893569946,20,100,2026-09-07T21:15:19.546653+00:00
kaggle-vllm-m3-allreduce-raw-v1,kaggle-vllm-m3-two-rank-nccl-allreduce-v1,262144,float16,2,0,23,163.83999586105347,155.96799552440643,163.83999586105347,20,100,2026-09-07T21:15:19.546653+00:00
kaggle-vllm-m3-allreduce-raw-v1,kaggle-vllm-m3-two-rank-nccl-allreduce-v1,262144,float16,2,0,24,155.58399260044098,146.84799313545227,155.58399260044098,20,100,2026-09-07T21:15:19.546653+00:00
kaggle-vllm-m3-allreduce-raw-v1,kaggle-vllm-m3-two-rank-nccl-allreduce-v1,262144,float16,2,0,25,167.9680049419403,144.16000247001648,167.9680049419403,20,100,2026-09-07T21:15:19.546653+00:00
kaggle-vllm-m3-allreduce-raw-v1,kaggle-vllm-m3-two-rank-nccl-allreduce-v1,262144,float16,2,0,26,158.62399339675903,157.69599378108978,158.62399339675903,20,100,2026-09-07T21:15:19.546653+00:00
kaggle-vllm-m3-allreduce-raw-v1,kaggle-vllm-m3-two-rank-nccl-allreduce-v1,262144,float16,2,0,27,221.91999852657318,220.7999974489212,221.91999852657318,20,100,2026-09-07T21:15:19.546653+00:00
kaggle-vllm-m3-allreduce-raw-v1,kaggle-vllm-m3-two-rank-nccl-allreduce-v1,262144,float16,2,0,28,154.11199629306793,151.16800367832184,154.11199629306793,20,100,2026-09-07T21:15:19.546653+00:00
kaggle-vllm-m3-allreduce-raw-v1,kaggle-vllm-m3-two-rank-nccl-allreduce-v1,262144,float16,2,0,29,159.7760021686554,150.56000649929047,159.7760021686554,20,100,2026-09-07T21:15:19.546653+00:00
kaggle-vllm-m3-allreduce-raw-v1,kaggle-vllm-m3-two-rank-nccl-allreduce-v1,262144,float16,2,0,30,163.87200355529785,157.8879952430725,163.87200355529785,20,100,2026-09-07T21:15:19.546653+00:00
kaggle-vllm-m3-allreduce-raw-v1,kaggle-vllm-m3-two-rank-nccl-allreduce-v1,262144,float16,2,0,31,163.83999586105347,158.07999670505524,163.83999586105347,20,100,2026-09-07T21:15:19.546653+00:00
kaggle-vllm-m3-allreduce-raw-v1,kaggle-vllm-m3-two-rank-nccl-allreduce-v1,262144,float16,2,0,32,155.2640050649643,152.22400426864624,155.2640050649643,20,100,2026-09-07T21:15:19.546653+00:00
kaggle-vllm-m3-allreduce-raw-v1,kaggle-vllm-m3-two-rank-nccl-allreduce-v1,262144,float16,2,0,33,165.82399606704712,159.84000265598297,165.82399606704712,20,100,2026-09-07T21:15:19.546653+00:00
kaggle-vllm-m3-allreduce-raw-v1,kaggle-vllm-m3-two-rank-nccl-allreduce-v1,262144,float16,2,0,34,166.78400337696075,147.10399508476257,166.78400337696075,20,100,2026-09-07T21:15:19.546653+00:00
kaggle-vllm-m3-allreduce-raw-v1,kaggle-vllm-m3-two-rank-nccl-allreduce-v1,262144,float16,2,0,35,205.24799823760986,198.36799800395966,205.24799823760986,20,100,2026-09-07T21:15:19.546653+00:00
kaggle-vllm-m3-allreduce-raw-v1,kaggle-vllm-m3-two-rank-nccl-allreduce-v1,262144,float16,2,0,36,150.07999539375305,150.07999539375305,150.07999539375305,20,100,2026-09-07T21:15:19.546653+00:00
kaggle-vllm-m3-allreduce-raw-v1,kaggle-vllm-m3-two-rank-nccl-allreduce-v1,262144,float16,2,0,37,160.3199988603592,151.67999267578125,160.3199988603592,20,100,2026-09-07T21:15:19.546653+00:00
kaggle-vllm-m3-allreduce-raw-v1,kaggle-vllm-m3-two-rank-nccl-allreduce-v1,262144,float16,2,0,38,156.8319946527481,150.4960060119629,156.8319946527481,20,100,2026-09-07T21:15:19.546653+00:00
kaggle-vllm-m3-allreduce-raw-v1,kaggle-vllm-m3-two-rank-nccl-allreduce-v1,262144,float16,2,0,39,150.01599490642548,143.327996134758,150.01599490642548,20,100,2026-09-07T21:15:19.546653+00:00
kaggle-vllm-m3-allreduce-raw-v1,kaggle-vllm-m3-two-rank-nccl-allreduce-v1,262144,float16,2,0,40,149.6639996767044,145.02400159835815,149.6639996767044,20,100,2026-09-07T21:15:19.546653+00:00
kaggle-vllm-m3-allreduce-raw-v1,kaggle-vllm-m3-two-rank-nccl-allreduce-v1,262144,float16,2,0,41,155.64799308776855,152.44799852371216,155.64799308776855,20,100,2026-09-07T21:15:19.546653+00:00
kaggle-vllm-m3-allreduce-raw-v1,kaggle-vllm-m3-two-rank-nccl-allreduce-v1,262144,float16,2,0,42,163.4880006313324,151.48800611495972,163.4880006313324,20,100,2026-09-07T21:15:19.546653+00:00
kaggle-vllm-m3-allreduce-raw-v1,kaggle-vllm-m3-two-rank-nccl-allreduce-v1,262144,float16,2,0,43,155.7759940624237,149.27999675273895,155.7759940624237,20,100,2026-09-07T21:15:19.546653+00:00
kaggle-vllm-m3-allreduce-raw-v1,kaggle-vllm-m3-two-rank-nccl-allreduce-v1,262144,float16,2,0,44,149.63200688362122,145.28000354766846,149.63200688362122,20,100,2026-09-07T21:15:19.546653+00:00
kaggle-vllm-m3-allreduce-raw-v1,kaggle-vllm-m3-two-rank-nccl-allreduce-v1,262144,float16,2,0,45,156.67200088500977,144.03200149536133,156.67200088500977,20,100,2026-09-07T21:15:19.546653+00:00
kaggle-vllm-m3-allreduce-raw-v1,kaggle-vllm-m3-two-rank-nccl-allreduce-v1,262144,float16,2,0,46,151.64799988269806,161.79199516773224,161.79199516773224,20,100,2026-09-07T21:15:19.546653+00:00
kaggle-vllm-m3-allreduce-raw-v1,kaggle-vllm-m3-two-rank-nccl-allreduce-v1,262144,float16,2,0,47,155.39200603961945,142.7839994430542,155.39200603961945,20,100,2026-09-07T21:15:19.546653+00:00
kaggle-vllm-m3-allreduce-raw-v1,kaggle-vllm-m3-two-rank-nccl-allreduce-v1,262144,float16,2,0,48,143.36000382900238,138.84800672531128,143.36000382900238,20,100,2026-09-07T21:15:19.546653+00:00
kaggle-vllm-m3-allreduce-raw-v1,kaggle-vllm-m3-two-rank-nccl-allreduce-v1,262144,float16,2,0,49,157.4079990386963,181.11999332904816,181.11999332904816,20,100,2026-09-07T21:15:19.546653+00:00
kaggle-vllm-m3-allreduce-raw-v1,kaggle-vllm-m3-two-rank-nccl-allreduce-v1,262144,float16,2,0,50,156.00000321865082,141.88799262046814,156.00000321865082,20,100,2026-09-07T21:15:19.546653+00:00
kaggle-vllm-m3-allreduce-raw-v1,kaggle-vllm-m3-two-rank-nccl-allreduce-v1,262144,float16,2,0,51,154.7199934720993,145.60000598430634,154.7199934720993,20,100,2026-09-07T21:15:19.546653+00:00
kaggle-vllm-m3-allreduce-raw-v1,kaggle-vllm-m3-two-rank-nccl-allreduce-v1,262144,float16,2,0,52,153.72799336910248,153.53600680828094,153.72799336910248,20,100,2026-09-07T21:15:19.546653+00:00
kaggle-vllm-m3-allreduce-raw-v1,kaggle-vllm-m3-two-rank-nccl-allreduce-v1,262144,float16,2,0,53,157.151997089386,171.26399278640747,171.26399278640747,20,100,2026-09-07T21:15:19.546653+00:00
kaggle-vllm-m3-allreduce-raw-v1,kaggle-vllm-m3-two-rank-nccl-allreduce-v1,262144,float16,2,0,54,155.68000078201294,147.2640037536621,155.68000078201294,20,100,2026-09-07T21:15:19.546653+00:00
kaggle-vllm-m3-allreduce-raw-v1,kaggle-vllm-m3-two-rank-nccl-allreduce-v1,262144,float16,2,0,55,155.96799552440643,149.21599626541138,155.96799552440643,20,100,2026-09-07T21:15:19.546653+00:00
kaggle-vllm-m3-allreduce-raw-v1,kaggle-vllm-m3-two-rank-nccl-allreduce-v1,262144,float16,2,0,56,212.22400665283203,165.92000424861908,212.22400665283203,20,100,2026-09-07T21:15:19.546653+00:00
kaggle-vllm-m3-allreduce-raw-v1,kaggle-vllm-m3-two-rank-nccl-allreduce-v1,262144,float16,2,0,57,172.03199863433838,149.31200444698334,172.03199863433838,20,100,2026-09-07T21:15:19.546653+00:00
kaggle-vllm-m3-allreduce-raw-v1,kaggle-vllm-m3-two-rank-nccl-allreduce-v1,262144,float16,2,0,58,176.03200674057007,150.78400075435638,176.03200674057007,20,100,2026-09-07T21:15:19.546653+00:00
kaggle-vllm-m3-allreduce-raw-v1,kaggle-vllm-m3-two-rank-nccl-allreduce-v1,262144,float16,2,0,59,163.61600160598755,159.45599973201752,163.61600160598755,20,100,2026-09-07T21:15:19.546653+00:00
kaggle-vllm-m3-allreduce-raw-v1,kaggle-vllm-m3-two-rank-nccl-allreduce-v1,262144,float16,2,0,60,168.35199296474457,153.72799336910248,168.35199296474457,20,100,2026-09-07T21:15:19.546653+00:00
kaggle-vllm-m3-allreduce-raw-v1,kaggle-vllm-m3-two-rank-nccl-allreduce-v1,262144,float16,2,0,61,166.6879951953888,155.16799688339233,166.6879951953888,20,100,2026-09-07T21:15:19.546653+00:00
kaggle-vllm-m3-allreduce-raw-v1,kaggle-vllm-m3-two-rank-nccl-allreduce-v1,262144,float16,2,0,62,173.0560064315796,181.40800297260284,181.40800297260284,20,100,2026-09-07T21:15:19.546653+00:00
kaggle-vllm-m3-allreduce-raw-v1,kaggle-vllm-m3-two-rank-nccl-allreduce-v1,262144,float16,2,0,63,148.83199334144592,148.0640023946762,148.83199334144592,20,100,2026-09-07T21:15:19.546653+00:00
kaggle-vllm-m3-allreduce-raw-v1,kaggle-vllm-m3-two-rank-nccl-allreduce-v1,262144,float16,2,0,64,155.5519998073578,145.9839940071106,155.5519998073578,20,100,2026-09-07T21:15:19.546653+00:00
kaggle-vllm-m3-allreduce-raw-v1,kaggle-vllm-m3-two-rank-nccl-allreduce-v1,262144,float16,2,0,65,193.79200041294098,3297.2800731658936,3297.2800731658936,20,100,2026-09-07T21:15:19.546653+00:00
kaggle-vllm-m3-allreduce-raw-v1,kaggle-vllm-m3-two-rank-nccl-allreduce-v1,262144,float16,2,0,66,171.9679981470108,148.3519971370697,171.9679981470108,20,100,2026-09-07T21:15:19.546653+00:00
kaggle-vllm-m3-allreduce-raw-v1,kaggle-vllm-m3-two-rank-nccl-allreduce-v1,262144,float16,2,0,67,161.69600188732147,149.21599626541138,161.69600188732147,20,100,2026-09-07T21:15:19.546653+00:00
kaggle-vllm-m3-allreduce-raw-v1,kaggle-vllm-m3-two-rank-nccl-allreduce-v1,262144,float16,2,0,68,152.5759994983673,146.68799936771393,152.5759994983673,20,100,2026-09-07T21:15:19.546653+00:00
kaggle-vllm-m3-allreduce-raw-v1,kaggle-vllm-m3-two-rank-nccl-allreduce-v1,262144,float16,2,0,69,155.87200224399567,151.42400562763214,155.87200224399567,20,100,2026-09-07T21:15:19.546653+00:00
kaggle-vllm-m3-allreduce-raw-v1,kaggle-vllm-m3-two-rank-nccl-allreduce-v1,262144,float16,2,0,70,159.2639982700348,147.93600142002106,159.2639982700348,20,100,2026-09-07T21:15:19.546653+00:00
kaggle-vllm-m3-allreduce-raw-v1,kaggle-vllm-m3-two-rank-nccl-allreduce-v1,262144,float16,2,0,71,163.87200355529785,150.68799257278442,163.87200355529785,20,100,2026-09-07T21:15:19.546653+00:00
kaggle-vllm-m3-allreduce-raw-v1,kaggle-vllm-m3-two-rank-nccl-allreduce-v1,262144,float16,2,0,72,207.20000565052032,200.41599869728088,207.20000565052032,20,100,2026-09-07T21:15:19.546653+00:00
kaggle-vllm-m3-allreduce-raw-v1,kaggle-vllm-m3-two-rank-nccl-allreduce-v1,262144,float16,2,0,73,157.53600001335144,151.48800611495972,157.53600001335144,20,100,2026-09-07T21:15:19.546653+00:00
kaggle-vllm-m3-allreduce-raw-v1,kaggle-vllm-m3-two-rank-nccl-allreduce-v1,262144,float16,2,0,74,161.82400286197662,149.47199821472168,161.82400286197662,20,100,2026-09-07T21:15:19.546653+00:00
kaggle-vllm-m3-allreduce-raw-v1,kaggle-vllm-m3-two-rank-nccl-allreduce-v1,262144,float16,2,0,75,156.41599893569946,202.7519941329956,202.7519941329956,20,100,2026-09-07T21:15:19.546653+00:00
kaggle-vllm-m3-allreduce-raw-v1,kaggle-vllm-m3-two-rank-nccl-allreduce-v1,262144,float16,2,0,76,165.92000424861908,164.12800550460815,165.92000424861908,20,100,2026-09-07T21:15:19.546653+00:00
kaggle-vllm-m3-allreduce-raw-v1,kaggle-vllm-m3-two-rank-nccl-allreduce-v1,262144,float16,2,0,77,159.84000265598297,152.54400670528412,159.84000265598297,20,100,2026-09-07T21:15:19.546653+00:00
kaggle-vllm-m3-allreduce-raw-v1,kaggle-vllm-m3-two-rank-nccl-allreduce-v1,262144,float16,2,0,78,158.2079976797104,150.07999539375305,158.2079976797104,20,100,2026-09-07T21:15:19.546653+00:00
kaggle-vllm-m3-allreduce-raw-v1,kaggle-vllm-m3-two-rank-nccl-allreduce-v1,262144,float16,2,0,79,162.4639928340912,153.76000106334686,162.4639928340912,20,100,2026-09-07T21:15:19.546653+00:00
kaggle-vllm-m3-allreduce-raw-v1,kaggle-vllm-m3-two-rank-nccl-allreduce-v1,262144,float16,2,0,80,174.112007021904,167.93599724769592,174.112007021904,20,100,2026-09-07T21:15:19.546653+00:00
kaggle-vllm-m3-allreduce-raw-v1,kaggle-vllm-m3-two-rank-nccl-allreduce-v1,262144,float16,2,0,81,152.79999375343323,145.91999351978302,152.79999375343323,20,100,2026-09-07T21:15:19.546653+00:00
kaggle-vllm-m3-allreduce-raw-v1,kaggle-vllm-m3-two-rank-nccl-allreduce-v1,262144,float16,2,0,82,155.87200224399567,144.96000111103058,155.87200224399567,20,100,2026-09-07T21:15:19.546653+00:00
kaggle-vllm-m3-allreduce-raw-v1,kaggle-vllm-m3-two-rank-nccl-allreduce-v1,262144,float16,2,0,83,157.9200029373169,147.23199605941772,157.9200029373169,20,100,2026-09-07T21:15:19.546653+00:00
kaggle-vllm-m3-allreduce-raw-v1,kaggle-vllm-m3-two-rank-nccl-allreduce-v1,262144,float16,2,0,84,155.5519998073578,141.31200313568115,155.5519998073578,20,100,2026-09-07T21:15:19.546653+00:00
kaggle-vllm-m3-allreduce-raw-v1,kaggle-vllm-m3-two-rank-nccl-allreduce-v1,262144,float16,2,0,85,157.98400342464447,150.01599490642548,157.98400342464447,20,100,2026-09-07T21:15:19.546653+00:00
kaggle-vllm-m3-allreduce-raw-v1,kaggle-vllm-m3-two-rank-nccl-allreduce-v1,262144,float16,2,0,86,157.69599378108978,153.60000729560852,157.69599378108978,20,100,2026-09-07T21:15:19.546653+00:00
kaggle-vllm-m3-allreduce-raw-v1,kaggle-vllm-m3-two-rank-nccl-allreduce-v1,262144,float16,2,0,87,157.9200029373169,146.84799313545227,157.9200029373169,20,100,2026-09-07T21:15:19.546653+00:00
kaggle-vllm-m3-allreduce-raw-v1,kaggle-vllm-m3-two-rank-nccl-allreduce-v1,262144,float16,2,0,88,151.39199793338776,144.22400295734406,151.39199793338776,20,100,2026-09-07T21:15:19.546653+00:00
kaggle-vllm-m3-allreduce-raw-v1,kaggle-vllm-m3-two-rank-nccl-allreduce-v1,262144,float16,2,0,89,206.88000321388245,163.83999586105347,206.88000321388245,20,100,2026-09-07T21:15:19.546653+00:00
kaggle-vllm-m3-allreduce-raw-v1,kaggle-vllm-m3-two-rank-nccl-allreduce-v1,262144,float16,2,0,90,155.64799308776855,147.5200057029724,155.64799308776855,20,100,2026-09-07T21:15:19.546653+00:00
kaggle-vllm-m3-allreduce-raw-v1,kaggle-vllm-m3-two-rank-nccl-allreduce-v1,262144,float16,2,0,91,196.99199497699738,183.3599954843521,196.99199497699738,20,100,2026-09-07T21:15:19.546653+00:00
kaggle-vllm-m3-allreduce-raw-v1,kaggle-vllm-m3-two-rank-nccl-allreduce-v1,262144,float16,2,0,92,155.68000078201294,141.4719969034195,155.68000078201294,20,100,2026-09-07T21:15:19.546653+00:00
kaggle-vllm-m3-allreduce-raw-v1,kaggle-vllm-m3-two-rank-nccl-allreduce-v1,262144,float16,2,0,93,153.4080058336258,145.50399780273438,153.4080058336258,20,100,2026-09-07T21:15:19.546653+00:00
kaggle-vllm-m3-allreduce-raw-v1,kaggle-vllm-m3-two-rank-nccl-allreduce-v1,262144,float16,2,0,94,161.76000237464905,188.4479969739914,188.4479969739914,20,100,2026-09-07T21:15:19.546653+00:00
kaggle-vllm-m3-allreduce-raw-v1,kaggle-vllm-m3-two-rank-nccl-allreduce-v1,262144,float16,2,0,95,154.1759967803955,147.93600142002106,154.1759967803955,20,100,2026-09-07T21:15:19.546653+00:00
kaggle-vllm-m3-allreduce-raw-v1,kaggle-vllm-m3-two-rank-nccl-allreduce-v1,262144,float16,2,0,96,154.40000593662262,146.59200608730316,154.40000593662262,20,100,2026-09-07T21:15:19.546653+00:00
kaggle-vllm-m3-allreduce-raw-v1,kaggle-vllm-m3-two-rank-nccl-allreduce-v1,262144,float16,2,0,97,152.12799608707428,149.47199821472168,152.12799608707428,20,100,2026-09-07T21:15:19.546653+00:00
kaggle-vllm-m3-allreduce-raw-v1,kaggle-vllm-m3-two-rank-nccl-allreduce-v1,262144,float16,2,0,98,159.7760021686554,152.5759994983673,159.7760021686554,20,100,2026-09-07T21:15:19.546653+00:00
kaggle-vllm-m3-allreduce-raw-v1,kaggle-vllm-m3-two-rank-nccl-allreduce-v1,262144,float16,2,0,99,153.9199948310852,145.63199877738953,153.9199948310852,20,100,2026-09-07T21:15:19.546653+00:00
kaggle-vllm-m3-allreduce-raw-v1,kaggle-vllm-m3-two-rank-nccl-allreduce-v1,1048576,float16,2,0,0,370.7199990749359,329.3440043926239,370.7199990749359,20,100,2026-09-07T21:15:19.611024+00:00
kaggle-vllm-m3-allreduce-raw-v1,kaggle-vllm-m3-two-rank-nccl-allreduce-v1,1048576,float16,2,0,1,364.5760118961334,350.17600655555725,364.5760118961334,20,100,2026-09-07T21:15:19.611024+00:00
kaggle-vllm-m3-allreduce-raw-v1,kaggle-vllm-m3-two-rank-nccl-allreduce-v1,1048576,float16,2,0,2,343.84000301361084,331.7759931087494,343.84000301361084,20,100,2026-09-07T21:15:19.611024+00:00
kaggle-vllm-m3-allreduce-raw-v1,kaggle-vllm-m3-two-rank-nccl-allreduce-v1,1048576,float16,2,0,3,339.4879996776581,337.92001008987427,339.4879996776581,20,100,2026-09-07T21:15:19.611024+00:00
kaggle-vllm-m3-allreduce-raw-v1,kaggle-vllm-m3-two-rank-nccl-allreduce-v1,1048576,float16,2,0,4,339.7440016269684,326.4319896697998,339.7440016269684,20,100,2026-09-07T21:15:19.611024+00:00
kaggle-vllm-m3-allreduce-raw-v1,kaggle-vllm-m3-two-rank-nccl-allreduce-v1,1048576,float16,2,0,5,341.40801429748535,340.1919901371002,341.40801429748535,20,100,2026-09-07T21:15:19.611024+00:00
kaggle-vllm-m3-allreduce-raw-v1,kaggle-vllm-m3-two-rank-nccl-allreduce-v1,1048576,float16,2,0,6,332.89599418640137,358.39998722076416,358.39998722076416,20,100,2026-09-07T21:15:19.611024+00:00
kaggle-vllm-m3-allreduce-raw-v1,kaggle-vllm-m3-two-rank-nccl-allreduce-v1,1048576,float16,2,0,7,348.1920063495636,334.6239924430847,348.1920063495636,20,100,2026-09-07T21:15:19.611024+00:00
kaggle-vllm-m3-allreduce-raw-v1,kaggle-vllm-m3-two-rank-nccl-allreduce-v1,1048576,float16,2,0,8,344.09600496292114,329.24801111221313,344.09600496292114,20,100,2026-09-07T21:15:19.611024+00:00
kaggle-vllm-m3-allreduce-raw-v1,kaggle-vllm-m3-two-rank-nccl-allreduce-v1,1048576,float16,2,0,9,340.1600122451782,331.6799998283386,340.1600122451782,20,100,2026-09-07T21:15:19.611024+00:00
kaggle-vllm-m3-allreduce-raw-v1,kaggle-vllm-m3-two-rank-nccl-allreduce-v1,1048576,float16,2,0,10,340.1600122451782,330.1759958267212,340.1600122451782,20,100,2026-09-07T21:15:19.611024+00:00
kaggle-vllm-m3-allreduce-raw-v1,kaggle-vllm-m3-two-rank-nccl-allreduce-v1,1048576,float16,2,0,11,348.7040102481842,342.1759903430939,348.7040102481842,20,100,2026-09-07T21:15:19.611024+00:00
kaggle-vllm-m3-allreduce-raw-v1,kaggle-vllm-m3-two-rank-nccl-allreduce-v1,1048576,float16,2,0,12,339.9679958820343,331.7759931087494,339.9679958820343,20,100,2026-09-07T21:15:19.611024+00:00
kaggle-vllm-m3-allreduce-raw-v1,kaggle-vllm-m3-two-rank-nccl-allreduce-v1,1048576,float16,2,0,13,339.7440016269684,331.7759931087494,339.7440016269684,20,100,2026-09-07T21:15:19.611024+00:00
kaggle-vllm-m3-allreduce-raw-v1,kaggle-vllm-m3-two-rank-nccl-allreduce-v1,1048576,float16,2,0,14,338.01600337028503,329.72800731658936,338.01600337028503,20,100,2026-09-07T21:15:19.611024+00:00
kaggle-vllm-m3-allreduce-raw-v1,kaggle-vllm-m3-two-rank-nccl-allreduce-v1,1048576,float16,2,0,15,362.59201169013977,352.54400968551636,362.59201169013977,20,100,2026-09-07T21:15:19.611024+00:00
kaggle-vllm-m3-allreduce-raw-v1,kaggle-vllm-m3-two-rank-nccl-allreduce-v1,1048576,float16,2,0,16,358.91199111938477,337.76000142097473,358.91199111938477,20,100,2026-09-07T21:15:19.611024+00:00
kaggle-vllm-m3-allreduce-raw-v1,kaggle-vllm-m3-two-rank-nccl-allreduce-v1,1048576,float16,2,0,17,347.9999899864197,332.12798833847046,347.9999899864197,20,100,2026-09-07T21:15:19.611024+00:00
kaggle-vllm-m3-allreduce-raw-v1,kaggle-vllm-m3-two-rank-nccl-allreduce-v1,1048576,float16,2,0,18,331.8080008029938,333.7920010089874,333.7920010089874,20,100,2026-09-07T21:15:19.611024+00:00
kaggle-vllm-m3-allreduce-raw-v1,kaggle-vllm-m3-two-rank-nccl-allreduce-v1,1048576,float16,2,0,19,335.42400598526,327.67999172210693,335.42400598526,20,100,2026-09-07T21:15:19.611024+00:00
kaggle-vllm-m3-allreduce-raw-v1,kaggle-vllm-m3-two-rank-nccl-allreduce-v1,1048576,float16,2,0,20,350.23999214172363,339.55198526382446,350.23999214172363,20,100,2026-09-07T21:15:19.611024+00:00
kaggle-vllm-m3-allreduce-raw-v1,kaggle-vllm-m3-two-rank-nccl-allreduce-v1,1048576,float16,2,0,21,339.9679958820343,325.6320059299469,339.9679958820343,20,100,2026-09-07T21:15:19.611024+00:00
kaggle-vllm-m3-allreduce-raw-v1,kaggle-vllm-m3-two-rank-nccl-allreduce-v1,1048576,float16,2,0,22,354.559987783432,347.26399183273315,354.559987783432,20,100,2026-09-07T21:15:19.611024+00:00
kaggle-vllm-m3-allreduce-raw-v1,kaggle-vllm-m3-two-rank-nccl-allreduce-v1,1048576,float16,2,0,23,346.68800234794617,336.35199069976807,346.68800234794617,20,100,2026-09-07T21:15:19.611024+00:00
kaggle-vllm-m3-allreduce-raw-v1,kaggle-vllm-m3-two-rank-nccl-allreduce-v1,1048576,float16,2,0,24,342.848002910614,337.8880023956299,342.848002910614,20,100,2026-09-07T21:15:19.611024+00:00
kaggle-vllm-m3-allreduce-raw-v1,kaggle-vllm-m3-two-rank-nccl-allreduce-v1,1048576,float16,2,0,25,343.1040048599243,336.06401085853577,343.1040048599243,20,100,2026-09-07T21:15:19.611024+00:00
kaggle-vllm-m3-allreduce-raw-v1,kaggle-vllm-m3-two-rank-nccl-allreduce-v1,1048576,float16,2,0,26,335.87199449539185,325.6640136241913,335.87199449539185,20,100,2026-09-07T21:15:19.611024+00:00
kaggle-vllm-m3-allreduce-raw-v1,kaggle-vllm-m3-two-rank-nccl-allreduce-v1,1048576,float16,2,0,27,341.47199988365173,328.3520042896271,341.47199988365173,20,100,2026-09-07T21:15:19.611024+00:00
kaggle-vllm-m3-allreduce-raw-v1,kaggle-vllm-m3-two-rank-nccl-allreduce-v1,1048576,float16,2,0,28,337.3439908027649,328.70399951934814,337.3439908027649,20,100,2026-09-07T21:15:19.611024+00:00
kaggle-vllm-m3-allreduce-raw-v1,kaggle-vllm-m3-two-rank-nccl-allreduce-v1,1048576,float16,2,0,29,352.9599905014038,344.06399726867676,352.9599905014038,20,100,2026-09-07T21:15:19.611024+00:00
kaggle-vllm-m3-allreduce-raw-v1,kaggle-vllm-m3-two-rank-nccl-allreduce-v1,1048576,float16,2,0,30,350.3679931163788,338.591992855072,350.3679931163788,20,100,2026-09-07T21:15:19.611024+00:00
kaggle-vllm-m3-allreduce-raw-v1,kaggle-vllm-m3-two-rank-nccl-allreduce-v1,1048576,float16,2,0,31,348.1599986553192,330.78399300575256,348.1599986553192,20,100,2026-09-07T21:15:19.611024+00:00
kaggle-vllm-m3-allreduce-raw-v1,kaggle-vllm-m3-two-rank-nccl-allreduce-v1,1048576,float16,2,0,32,337.95198798179626,335.29600501060486,337.95198798179626,20,100,2026-09-07T21:15:19.611024+00:00
kaggle-vllm-m3-allreduce-raw-v1,kaggle-vllm-m3-two-rank-nccl-allreduce-v1,1048576,float16,2,0,33,335.87199449539185,339.32799100875854,339.32799100875854,20,100,2026-09-07T21:15:19.611024+00:00
kaggle-vllm-m3-allreduce-raw-v1,kaggle-vllm-m3-two-rank-nccl-allreduce-v1,1048576,float16,2,0,34,342.0799970626831,333.8879942893982,342.0799970626831,20,100,2026-09-07T21:15:19.611024+00:00
kaggle-vllm-m3-allreduce-raw-v1,kaggle-vllm-m3-two-rank-nccl-allreduce-v1,1048576,float16,2,0,35,336.2559974193573,324.95999336242676,336.2559974193573,20,100,2026-09-07T21:15:19.611024+00:00
kaggle-vllm-m3-allreduce-raw-v1,kaggle-vllm-m3-two-rank-nccl-allreduce-v1,1048576,float16,2,0,36,350.20801424980164,344.4480001926422,350.20801424980164,20,100,2026-09-07T21:15:19.611024+00:00
kaggle-vllm-m3-allreduce-raw-v1,kaggle-vllm-m3-two-rank-nccl-allreduce-v1,1048576,float16,2,0,37,344.09600496292114,333.5359990596771,344.09600496292114,20,100,2026-09-07T21:15:19.611024+00:00
kaggle-vllm-m3-allreduce-raw-v1,kaggle-vllm-m3-two-rank-nccl-allreduce-v1,1048576,float16,2,0,38,339.1999900341034,328.031986951828,339.1999900341034,20,100,2026-09-07T21:15:19.611024+00:00
kaggle-vllm-m3-allreduce-raw-v1,kaggle-vllm-m3-two-rank-nccl-allreduce-v1,1048576,float16,2,0,39,336.1920118331909,322.01600074768066,336.1920118331909,20,100,2026-09-07T21:15:19.611024+00:00
kaggle-vllm-m3-allreduce-raw-v1,kaggle-vllm-m3-two-rank-nccl-allreduce-v1,1048576,float16,2,0,40,340.67198634147644,327.64801383018494,340.67198634147644,20,100,2026-09-07T21:15:19.611024+00:00
kaggle-vllm-m3-allreduce-raw-v1,kaggle-vllm-m3-two-rank-nccl-allreduce-v1,1048576,float16,2,0,41,339.77600932121277,334.20801162719727,339.77600932121277,20,100,2026-09-07T21:15:19.611024+00:00
kaggle-vllm-m3-allreduce-raw-v1,kaggle-vllm-m3-two-rank-nccl-allreduce-v1,1048576,float16,2,0,42,342.1440124511719,357.2160005569458,357.2160005569458,20,100,2026-09-07T21:15:19.611024+00:00
kaggle-vllm-m3-allreduce-raw-v1,kaggle-vllm-m3-two-rank-nccl-allreduce-v1,1048576,float16,2,0,43,342.303991317749,327.64801383018494,342.303991317749,20,100,2026-09-07T21:15:19.611024+00:00
kaggle-vllm-m3-allreduce-raw-v1,kaggle-vllm-m3-two-rank-nccl-allreduce-v1,1048576,float16,2,0,44,352.2239923477173,334.75199341773987,352.2239923477173,20,100,2026-09-07T21:15:19.611024+00:00
kaggle-vllm-m3-allreduce-raw-v1,kaggle-vllm-m3-two-rank-nccl-allreduce-v1,1048576,float16,2,0,45,347.7120101451874,340.1600122451782,347.7120101451874,20,100,2026-09-07T21:15:19.611024+00:00
kaggle-vllm-m3-allreduce-raw-v1,kaggle-vllm-m3-two-rank-nccl-allreduce-v1,1048576,float16,2,0,46,345.12001276016235,334.56000685691833,345.12001276016235,20,100,2026-09-07T21:15:19.611024+00:00
kaggle-vllm-m3-allreduce-raw-v1,kaggle-vllm-m3-two-rank-nccl-allreduce-v1,1048576,float16,2,0,47,342.0479893684387,325.82399249076843,342.0479893684387,20,100,2026-09-07T21:15:19.611024+00:00
kaggle-vllm-m3-allreduce-raw-v1,kaggle-vllm-m3-two-rank-nccl-allreduce-v1,1048576,float16,2,0,48,336.544007062912,328.5439908504486,336.544007062912,20,100,2026-09-07T21:15:19.611024+00:00
kaggle-vllm-m3-allreduce-raw-v1,kaggle-vllm-m3-two-rank-nccl-allreduce-v1,1048576,float16,2,0,49,337.3120129108429,325.0240087509155,337.3120129108429,20,100,2026-09-07T21:15:19.611024+00:00
kaggle-vllm-m3-allreduce-raw-v1,kaggle-vllm-m3-two-rank-nccl-allreduce-v1,1048576,float16,2,0,50,339.9040102958679,331.743985414505,339.9040102958679,20,100,2026-09-07T21:15:19.611024+00:00
kaggle-vllm-m3-allreduce-raw-v1,kaggle-vllm-m3-two-rank-nccl-allreduce-v1,1048576,float16,2,0,51,341.69599413871765,329.6320140361786,341.69599413871765,20,100,2026-09-07T21:15:19.611024+00:00
kaggle-vllm-m3-allreduce-raw-v1,kaggle-vllm-m3-two-rank-nccl-allreduce-v1,1048576,float16,2,0,52,346.52799367904663,338.0480110645294,346.52799367904663,20,100,2026-09-07T21:15:19.611024+00:00
kaggle-vllm-m3-allreduce-raw-v1,kaggle-vllm-m3-two-rank-nccl-allreduce-v1,1048576,float16,2,0,53,319.5199966430664,325.8560001850128,325.8560001850128,20,100,2026-09-07T21:15:19.611024+00:00
kaggle-vllm-m3-allreduce-raw-v1,kaggle-vllm-m3-two-rank-nccl-allreduce-v1,1048576,float16,2,0,54,346.1120128631592,333.7920010089874,346.1120128631592,20,100,2026-09-07T21:15:19.611024+00:00
kaggle-vllm-m3-allreduce-raw-v1,kaggle-vllm-m3-two-rank-nccl-allreduce-v1,1048576,float16,2,0,55,335.90400218963623,331.7759931087494,335.90400218963623,20,100,2026-09-07T21:15:19.611024+00:00
kaggle-vllm-m3-allreduce-raw-v1,kaggle-vllm-m3-two-rank-nccl-allreduce-v1,1048576,float16,2,0,56,344.4480001926422,329.72800731658936,344.4480001926422,20,100,2026-09-07T21:15:19.611024+00:00
kaggle-vllm-m3-allreduce-raw-v1,kaggle-vllm-m3-two-rank-nccl-allreduce-v1,1048576,float16,2,0,57,337.92001008987427,327.67999172210693,337.92001008987427,20,100,2026-09-07T21:15:19.611024+00:00
kaggle-vllm-m3-allreduce-raw-v1,kaggle-vllm-m3-two-rank-nccl-allreduce-v1,1048576,float16,2,0,58,348.06400537490845,339.83999490737915,348.06400537490845,20,100,2026-09-07T21:15:19.611024+00:00
kaggle-vllm-m3-allreduce-raw-v1,kaggle-vllm-m3-two-rank-nccl-allreduce-v1,1048576,float16,2,0,59,343.07199716567993,328.5439908504486,343.07199716567993,20,100,2026-09-07T21:15:19.611024+00:00
kaggle-vllm-m3-allreduce-raw-v1,kaggle-vllm-m3-two-rank-nccl-allreduce-v1,1048576,float16,2,0,60,346.0800051689148,335.83998680114746,346.0800051689148,20,100,2026-09-07T21:15:19.611024+00:00
kaggle-vllm-m3-allreduce-raw-v1,kaggle-vllm-m3-two-rank-nccl-allreduce-v1,1048576,float16,2,0,61,446.4319944381714,348.1599986553192,446.4319944381714,20,100,2026-09-07T21:15:19.611024+00:00
kaggle-vllm-m3-allreduce-raw-v1,kaggle-vllm-m3-two-rank-nccl-allreduce-v1,1048576,float16,2,0,62,376.8320083618164,356.03201389312744,376.8320083618164,20,100,2026-09-07T21:15:19.611024+00:00
kaggle-vllm-m3-allreduce-raw-v1,kaggle-vllm-m3-two-rank-nccl-allreduce-v1,1048576,float16,2,0,63,344.4800078868866,331.7759931087494,344.4800078868866,20,100,2026-09-07T21:15:19.611024+00:00
kaggle-vllm-m3-allreduce-raw-v1,kaggle-vllm-m3-two-rank-nccl-allreduce-v1,1048576,float16,2,0,64,346.8160033226013,335.80800890922546,346.8160033226013,20,100,2026-09-07T21:15:19.611024+00:00
kaggle-vllm-m3-allreduce-raw-v1,kaggle-vllm-m3-two-rank-nccl-allreduce-v1,1048576,float16,2,0,65,366.6880130767822,348.28799962997437,366.6880130767822,20,100,2026-09-07T21:15:19.611024+00:00
kaggle-vllm-m3-allreduce-raw-v1,kaggle-vllm-m3-two-rank-nccl-allreduce-v1,1048576,float16,2,0,66,336.32001280784607,332.5439989566803,336.32001280784607,20,100,2026-09-07T21:15:19.611024+00:00
kaggle-vllm-m3-allreduce-raw-v1,kaggle-vllm-m3-two-rank-nccl-allreduce-v1,1048576,float16,2,0,67,337.98399567604065,337.5680148601532,337.98399567604065,20,100,2026-09-07T21:15:19.611024+00:00
kaggle-vllm-m3-allreduce-raw-v1,kaggle-vllm-m3-two-rank-nccl-allreduce-v1,1048576,float16,2,0,68,338.6560082435608,329.53599095344543,338.6560082435608,20,100,2026-09-07T21:15:19.611024+00:00
kaggle-vllm-m3-allreduce-raw-v1,kaggle-vllm-m3-two-rank-nccl-allreduce-v1,1048576,float16,2,0,69,342.97600388526917,338.1119966506958,342.97600388526917,20,100,2026-09-07T21:15:19.611024+00:00
kaggle-vllm-m3-allreduce-raw-v1,kaggle-vllm-m3-two-rank-nccl-allreduce-v1,1048576,float16,2,0,70,333.407998085022,327.4880051612854,333.407998085022,20,100,2026-09-07T21:15:19.611024+00:00
kaggle-vllm-m3-allreduce-raw-v1,kaggle-vllm-m3-two-rank-nccl-allreduce-v1,1048576,float16,2,0,71,337.47199177742004,325.6959915161133,337.47199177742004,20,100,2026-09-07T21:15:19.611024+00:00
kaggle-vllm-m3-allreduce-raw-v1,kaggle-vllm-m3-two-rank-nccl-allreduce-v1,1048576,float16,2,0,72,339.9359881877899,329.72800731658936,339.9359881877899,20,100,2026-09-07T21:15:19.611024+00:00
kaggle-vllm-m3-allreduce-raw-v1,kaggle-vllm-m3-two-rank-nccl-allreduce-v1,1048576,float16,2,0,73,343.29599142074585,336.64000034332275,343.29599142074585,20,100,2026-09-07T21:15:19.611024+00:00
kaggle-vllm-m3-allreduce-raw-v1,kaggle-vllm-m3-two-rank-nccl-allreduce-v1,1048576,float16,2,0,74,338.20798993110657,328.2560110092163,338.20798993110657,20,100,2026-09-07T21:15:19.611024+00:00
kaggle-vllm-m3-allreduce-raw-v1,kaggle-vllm-m3-two-rank-nccl-allreduce-v1,1048576,float16,2,0,75,342.20799803733826,327.90398597717285,342.20799803733826,20,100,2026-09-07T21:15:19.611024+00:00
kaggle-vllm-m3-allreduce-raw-v1,kaggle-vllm-m3-two-rank-nccl-allreduce-v1,1048576,float16,2,0,76,376.8639862537384,370.6879913806915,376.8639862537384,20,100,2026-09-07T21:15:19.611024+00:00
kaggle-vllm-m3-allreduce-raw-v1,kaggle-vllm-m3-two-rank-nccl-allreduce-v1,1048576,float16,2,0,77,354.71999645233154,348.25599193573,354.71999645233154,20,100,2026-09-07T21:15:19.611024+00:00
kaggle-vllm-m3-allreduce-raw-v1,kaggle-vllm-m3-two-rank-nccl-allreduce-v1,1048576,float16,2,0,78,334.1119885444641,335.9679877758026,335.9679877758026,20,100,2026-09-07T21:15:19.611024+00:00
kaggle-vllm-m3-allreduce-raw-v1,kaggle-vllm-m3-two-rank-nccl-allreduce-v1,1048576,float16,2,0,79,356.7039966583252,346.1120128631592,356.7039966583252,20,100,2026-09-07T21:15:19.611024+00:00
kaggle-vllm-m3-allreduce-raw-v1,kaggle-vllm-m3-two-rank-nccl-allreduce-v1,1048576,float16,2,0,80,338.9439880847931,326.04798674583435,338.9439880847931,20,100,2026-09-07T21:15:19.611024+00:00
kaggle-vllm-m3-allreduce-raw-v1,kaggle-vllm-m3-two-rank-nccl-allreduce-v1,1048576,float16,2,0,81,342.0479893684387,330.27198910713196,342.0479893684387,20,100,2026-09-07T21:15:19.611024+00:00
kaggle-vllm-m3-allreduce-raw-v1,kaggle-vllm-m3-two-rank-nccl-allreduce-v1,1048576,float16,2,0,82,345.8879888057709,336.64000034332275,345.8879888057709,20,100,2026-09-07T21:15:19.611024+00:00
kaggle-vllm-m3-allreduce-raw-v1,kaggle-vllm-m3-two-rank-nccl-allreduce-v1,1048576,float16,2,0,83,366.4959967136383,356.06399178504944,366.4959967136383,20,100,2026-09-07T21:15:19.611024+00:00
kaggle-vllm-m3-allreduce-raw-v1,kaggle-vllm-m3-two-rank-nccl-allreduce-v1,1048576,float16,2,0,84,359.1359853744507,355.4239869117737,359.1359853744507,20,100,2026-09-07T21:15:19.611024+00:00
kaggle-vllm-m3-allreduce-raw-v1,kaggle-vllm-m3-two-rank-nccl-allreduce-v1,1048576,float16,2,0,85,314.7200047969818,352.86399722099304,352.86399722099304,20,100,2026-09-07T21:15:19.611024+00:00
kaggle-vllm-m3-allreduce-raw-v1,kaggle-vllm-m3-two-rank-nccl-allreduce-v1,1048576,float16,2,0,86,342.6879942417145,328.0960023403168,342.6879942417145,20,100,2026-09-07T21:15:19.611024+00:00
kaggle-vllm-m3-allreduce-raw-v1,kaggle-vllm-m3-two-rank-nccl-allreduce-v1,1048576,float16,2,0,87,341.69599413871765,333.8240087032318,341.69599413871765,20,100,2026-09-07T21:15:19.611024+00:00
kaggle-vllm-m3-allreduce-raw-v1,kaggle-vllm-m3-two-rank-nccl-allreduce-v1,1048576,float16,2,0,88,344.38401460647583,333.7920010089874,344.38401460647583,20,100,2026-09-07T21:15:19.611024+00:00
kaggle-vllm-m3-allreduce-raw-v1,kaggle-vllm-m3-two-rank-nccl-allreduce-v1,1048576,float16,2,0,89,347.1679985523224,339.83999490737915,347.1679985523224,20,100,2026-09-07T21:15:19.611024+00:00
kaggle-vllm-m3-allreduce-raw-v1,kaggle-vllm-m3-two-rank-nccl-allreduce-v1,1048576,float16,2,0,90,347.26399183273315,336.2880051136017,347.26399183273315,20,100,2026-09-07T21:15:19.611024+00:00
kaggle-vllm-m3-allreduce-raw-v1,kaggle-vllm-m3-two-rank-nccl-allreduce-v1,1048576,float16,2,0,91,338.1440043449402,327.10400223731995,338.1440043449402,20,100,2026-09-07T21:15:19.611024+00:00
kaggle-vllm-m3-allreduce-raw-v1,kaggle-vllm-m3-two-rank-nccl-allreduce-v1,1048576,float16,2,0,92,339.83999490737915,329.72800731658936,339.83999490737915,20,100,2026-09-07T21:15:19.611024+00:00
kaggle-vllm-m3-allreduce-raw-v1,kaggle-vllm-m3-two-rank-nccl-allreduce-v1,1048576,float16,2,0,93,370.6879913806915,368.6400055885315,370.6879913806915,20,100,2026-09-07T21:15:19.611024+00:00
kaggle-vllm-m3-allreduce-raw-v1,kaggle-vllm-m3-two-rank-nccl-allreduce-v1,1048576,float16,2,0,94,344.09600496292114,343.9359962940216,344.09600496292114,20,100,2026-09-07T21:15:19.611024+00:00
kaggle-vllm-m3-allreduce-raw-v1,kaggle-vllm-m3-two-rank-nccl-allreduce-v1,1048576,float16,2,0,95,348.7359881401062,337.92001008987427,348.7359881401062,20,100,2026-09-07T21:15:19.611024+00:00
kaggle-vllm-m3-allreduce-raw-v1,kaggle-vllm-m3-two-rank-nccl-allreduce-v1,1048576,float16,2,0,96,346.1120128631592,339.9679958820343,346.1120128631592,20,100,2026-09-07T21:15:19.611024+00:00
kaggle-vllm-m3-allreduce-raw-v1,kaggle-vllm-m3-two-rank-nccl-allreduce-v1,1048576,float16,2,0,97,348.4480082988739,330.1759958267212,348.4480082988739,20,100,2026-09-07T21:15:19.611024+00:00
kaggle-vllm-m3-allreduce-raw-v1,kaggle-vllm-m3-two-rank-nccl-allreduce-v1,1048576,float16,2,0,98,346.1120128631592,340.831995010376,346.1120128631592,20,100,2026-09-07T21:15:19.611024+00:00
kaggle-vllm-m3-allreduce-raw-v1,kaggle-vllm-m3-two-rank-nccl-allreduce-v1,1048576,float16,2,0,99,364.25599455833435,353.88800501823425,364.25599455833435,20,100,2026-09-07T21:15:19.611024+00:00
kaggle-vllm-m3-allreduce-raw-v1,kaggle-vllm-m3-two-rank-nccl-allreduce-v1,4194304,float16,2,0,0,1026.1119604110718,1130.4960250854492,1130.4960250854492,20,100,2026-09-07T21:15:19.775627+00:00
kaggle-vllm-m3-allreduce-raw-v1,kaggle-vllm-m3-two-rank-nccl-allreduce-v1,4194304,float16,2,0,1,1122.3679780960083,1121.6319799423218,1122.3679780960083,20,100,2026-09-07T21:15:19.775627+00:00
kaggle-vllm-m3-allreduce-raw-v1,kaggle-vllm-m3-two-rank-nccl-allreduce-v1,4194304,float16,2,0,2,1137.2480392456055,1132.3519945144653,1137.2480392456055,20,100,2026-09-07T21:15:19.775627+00:00
kaggle-vllm-m3-allreduce-raw-v1,kaggle-vllm-m3-two-rank-nccl-allreduce-v1,4194304,float16,2,0,3,1138.9440298080444,1126.0160207748413,1138.9440298080444,20,100,2026-09-07T21:15:19.775627+00:00
kaggle-vllm-m3-allreduce-raw-v1,kaggle-vllm-m3-two-rank-nccl-allreduce-v1,4194304,float16,2,0,4,1133.1839561462402,1127.2000074386597,1133.1839561462402,20,100,2026-09-07T21:15:19.775627+00:00
kaggle-vllm-m3-allreduce-raw-v1,kaggle-vllm-m3-two-rank-nccl-allreduce-v1,4194304,float16,2,0,5,1138.7200355529785,1130.5279731750488,1138.7200355529785,20,100,2026-09-07T21:15:19.775627+00:00
kaggle-vllm-m3-allreduce-raw-v1,kaggle-vllm-m3-two-rank-nccl-allreduce-v1,4194304,float16,2,0,6,1137.7919912338257,1126.5599727630615,1137.7919912338257,20,100,2026-09-07T21:15:19.775627+00:00
kaggle-vllm-m3-allreduce-raw-v1,kaggle-vllm-m3-two-rank-nccl-allreduce-v1,4194304,float16,2,0,7,1127.2640228271484,1118.2080507278442,1127.2640228271484,20,100,2026-09-07T21:15:19.775627+00:00
kaggle-vllm-m3-allreduce-raw-v1,kaggle-vllm-m3-two-rank-nccl-allreduce-v1,4194304,float16,2,0,8,1154.7199487686157,1150.879979133606,1154.7199487686157,20,100,2026-09-07T21:15:19.775627+00:00
kaggle-vllm-m3-allreduce-raw-v1,kaggle-vllm-m3-two-rank-nccl-allreduce-v1,4194304,float16,2,0,9,1138.592004776001,1134.592056274414,1138.592004776001,20,100,2026-09-07T21:15:19.775627+00:00
kaggle-vllm-m3-allreduce-raw-v1,kaggle-vllm-m3-two-rank-nccl-allreduce-v1,4194304,float16,2,0,10,1121.9840049743652,1116.1600351333618,1121.9840049743652,20,100,2026-09-07T21:15:19.775627+00:00
kaggle-vllm-m3-allreduce-raw-v1,kaggle-vllm-m3-two-rank-nccl-allreduce-v1,4194304,float16,2,0,11,1153.056025505066,1147.1680402755737,1153.056025505066,20,100,2026-09-07T21:15:19.775627+00:00
kaggle-vllm-m3-allreduce-raw-v1,kaggle-vllm-m3-two-rank-nccl-allreduce-v1,4194304,float16,2,0,12,1130.3999423980713,1121.440052986145,1130.3999423980713,20,100,2026-09-07T21:15:19.775627+00:00
kaggle-vllm-m3-allreduce-raw-v1,kaggle-vllm-m3-two-rank-nccl-allreduce-v1,4194304,float16,2,0,13,1159.4560146331787,1146.3359594345093,1159.4560146331787,20,100,2026-09-07T21:15:19.775627+00:00
kaggle-vllm-m3-allreduce-raw-v1,kaggle-vllm-m3-two-rank-nccl-allreduce-v1,4194304,float16,2,0,14,1136.2240314483643,1126.3999938964844,1136.2240314483643,20,100,2026-09-07T21:15:19.775627+00:00
kaggle-vllm-m3-allreduce-raw-v1,kaggle-vllm-m3-two-rank-nccl-allreduce-v1,4194304,float16,2,0,15,1063.7760162353516,1081.2480449676514,1081.2480449676514,20,100,2026-09-07T21:15:19.775627+00:00
kaggle-vllm-m3-allreduce-raw-v1,kaggle-vllm-m3-two-rank-nccl-allreduce-v1,4194304,float16,2,0,16,1123.8720417022705,1111.2960577011108,1123.8720417022705,20,100,2026-09-07T21:15:19.775627+00:00
kaggle-vllm-m3-allreduce-raw-v1,kaggle-vllm-m3-two-rank-nccl-allreduce-v1,4194304,float16,2,0,17,1126.3359785079956,1118.1119680404663,1126.3359785079956,20,100,2026-09-07T21:15:19.775627+00:00
kaggle-vllm-m3-allreduce-raw-v1,kaggle-vllm-m3-two-rank-nccl-allreduce-v1,4194304,float16,2,0,18,1120.2880144119263,1107.9679727554321,1120.2880144119263,20,100,2026-09-07T21:15:19.775627+00:00
kaggle-vllm-m3-allreduce-raw-v1,kaggle-vllm-m3-two-rank-nccl-allreduce-v1,4194304,float16,2,0,19,1120.3199625015259,1110.0159883499146,1120.3199625015259,20,100,2026-09-07T21:15:19.775627+00:00
kaggle-vllm-m3-allreduce-raw-v1,kaggle-vllm-m3-two-rank-nccl-allreduce-v1,4194304,float16,2,0,20,1122.5279569625854,1110.6239557266235,1122.5279569625854,20,100,2026-09-07T21:15:19.775627+00:00
kaggle-vllm-m3-allreduce-raw-v1,kaggle-vllm-m3-two-rank-nccl-allreduce-v1,4194304,float16,2,0,21,1133.0879926681519,1123.6480474472046,1133.0879926681519,20,100,2026-09-07T21:15:19.775627+00:00
kaggle-vllm-m3-allreduce-raw-v1,kaggle-vllm-m3-two-rank-nccl-allreduce-v1,4194304,float16,2,0,22,1123.8080263137817,1109.3759536743164,1123.8080263137817,20,100,2026-09-07T21:15:19.775627+00:00
kaggle-vllm-m3-allreduce-raw-v1,kaggle-vllm-m3-two-rank-nccl-allreduce-v1,4194304,float16,2,0,23,1157.9840183258057,1154.8479795455933,1157.9840183258057,20,100,2026-09-07T21:15:19.775627+00:00
kaggle-vllm-m3-allreduce-raw-v1,kaggle-vllm-m3-two-rank-nccl-allreduce-v1,4194304,float16,2,0,24,1125.8879899978638,1118.1440353393555,1125.8879899978638,20,100,2026-09-07T21:15:19.775627+00:00
kaggle-vllm-m3-allreduce-raw-v1,kaggle-vllm-m3-two-rank-nccl-allreduce-v1,4194304,float16,2,0,25,1137.503981590271,1134.592056274414,1137.503981590271,20,100,2026-09-07T21:15:19.775627+00:00
kaggle-vllm-m3-allreduce-raw-v1,kaggle-vllm-m3-two-rank-nccl-allreduce-v1,4194304,float16,2,0,26,1124.351978302002,1110.0159883499146,1124.351978302002,20,100,2026-09-07T21:15:19.775627+00:00
kaggle-vllm-m3-allreduce-raw-v1,kaggle-vllm-m3-two-rank-nccl-allreduce-v1,4194304,float16,2,0,27,1131.4879655838013,1120.6719875335693,1131.4879655838013,20,100,2026-09-07T21:15:19.775627+00:00
kaggle-vllm-m3-allreduce-raw-v1,kaggle-vllm-m3-two-rank-nccl-allreduce-v1,4194304,float16,2,0,28,1133.72802734375,1128.8959980010986,1133.72802734375,20,100,2026-09-07T21:15:19.775627+00:00
kaggle-vllm-m3-allreduce-raw-v1,kaggle-vllm-m3-two-rank-nccl-allreduce-v1,4194304,float16,2,0,29,1127.776026725769,1116.2559986114502,1127.776026725769,20,100,2026-09-07T21:15:19.775627+00:00
kaggle-vllm-m3-allreduce-raw-v1,kaggle-vllm-m3-two-rank-nccl-allreduce-v1,4194304,float16,2,0,30,1118.2399988174438,1105.3440570831299,1118.2399988174438,20,100,2026-09-07T21:15:19.775627+00:00
kaggle-vllm-m3-allreduce-raw-v1,kaggle-vllm-m3-two-rank-nccl-allreduce-v1,4194304,float16,2,0,31,1122.5279569625854,1105.9199571609497,1122.5279569625854,20,100,2026-09-07T21:15:19.775627+00:00
kaggle-vllm-m3-allreduce-raw-v1,kaggle-vllm-m3-two-rank-nccl-allreduce-v1,4194304,float16,2,0,32,1130.784034729004,1121.1199760437012,1130.784034729004,20,100,2026-09-07T21:15:19.775627+00:00
kaggle-vllm-m3-allreduce-raw-v1,kaggle-vllm-m3-two-rank-nccl-allreduce-v1,4194304,float16,2,0,33,1106.4000129699707,1091.871976852417,1106.4000129699707,20,100,2026-09-07T21:15:19.775627+00:00
kaggle-vllm-m3-allreduce-raw-v1,kaggle-vllm-m3-two-rank-nccl-allreduce-v1,4194304,float16,2,0,34,1114.9760484695435,1101.8240451812744,1114.9760484695435,20,100,2026-09-07T21:15:19.775627+00:00
kaggle-vllm-m3-allreduce-raw-v1,kaggle-vllm-m3-two-rank-nccl-allreduce-v1,4194304,float16,2,0,35,1116.703987121582,1094.5600271224976,1116.703987121582,20,100,2026-09-07T21:15:19.775627+00:00
kaggle-vllm-m3-allreduce-raw-v1,kaggle-vllm-m3-two-rank-nccl-allreduce-v1,4194304,float16,2,0,36,1108.1279516220093,1091.1359786987305,1108.1279516220093,20,100,2026-09-07T21:15:19.775627+00:00
kaggle-vllm-m3-allreduce-raw-v1,kaggle-vllm-m3-two-rank-nccl-allreduce-v1,4194304,float16,2,0,37,1112.064003944397,1086.176037788391,1112.064003944397,20,100,2026-09-07T21:15:19.775627+00:00
kaggle-vllm-m3-allreduce-raw-v1,kaggle-vllm-m3-two-rank-nccl-allreduce-v1,4194304,float16,2,0,38,1118.2399988174438,1097.7280139923096,1118.2399988174438,20,100,2026-09-07T21:15:19.775627+00:00
kaggle-vllm-m3-allreduce-raw-v1,kaggle-vllm-m3-two-rank-nccl-allreduce-v1,4194304,float16,2,0,39,1118.2399988174438,1103.8719415664673,1118.2399988174438,20,100,2026-09-07T21:15:19.775627+00:00
kaggle-vllm-m3-allreduce-raw-v1,kaggle-vllm-m3-two-rank-nccl-allreduce-v1,4194304,float16,2,0,40,1146.399974822998,1140.7359838485718,1146.399974822998,20,100,2026-09-07T21:15:19.775627+00:00
kaggle-vllm-m3-allreduce-raw-v1,kaggle-vllm-m3-two-rank-nccl-allreduce-v1,4194304,float16,2,0,41,1116.1919832229614,1081.3440084457397,1116.1919832229614,20,100,2026-09-07T21:15:19.775627+00:00
kaggle-vllm-m3-allreduce-raw-v1,kaggle-vllm-m3-two-rank-nccl-allreduce-v1,4194304,float16,2,0,42,1123.3919858932495,1107.9360246658325,1123.3919858932495,20,100,2026-09-07T21:15:19.775627+00:00
kaggle-vllm-m3-allreduce-raw-v1,kaggle-vllm-m3-two-rank-nccl-allreduce-v1,4194304,float16,2,0,43,1075.103998184204,1060.1919889450073,1075.103998184204,20,100,2026-09-07T21:15:19.775627+00:00
kaggle-vllm-m3-allreduce-raw-v1,kaggle-vllm-m3-two-rank-nccl-allreduce-v1,4194304,float16,2,0,44,1116.3840293884277,1101.8879413604736,1116.3840293884277,20,100,2026-09-07T21:15:19.775627+00:00
kaggle-vllm-m3-allreduce-raw-v1,kaggle-vllm-m3-two-rank-nccl-allreduce-v1,4194304,float16,2,0,45,1113.312005996704,1091.5199518203735,1113.312005996704,20,100,2026-09-07T21:15:19.775627+00:00
kaggle-vllm-m3-allreduce-raw-v1,kaggle-vllm-m3-two-rank-nccl-allreduce-v1,4194304,float16,2,0,46,1117.1200275421143,1097.4719524383545,1117.1200275421143,20,100,2026-09-07T21:15:19.775627+00:00
kaggle-vllm-m3-allreduce-raw-v1,kaggle-vllm-m3-two-rank-nccl-allreduce-v1,4194304,float16,2,0,47,1111.807942390442,1093.5039520263672,1111.807942390442,20,100,2026-09-07T21:15:19.775627+00:00
kaggle-vllm-m3-allreduce-raw-v1,kaggle-vllm-m3-two-rank-nccl-allreduce-v1,4194304,float16,2,0,48,1106.495976448059,1081.3440084457397,1106.495976448059,20,100,2026-09-07T21:15:19.775627+00:00
kaggle-vllm-m3-allreduce-raw-v1,kaggle-vllm-m3-two-rank-nccl-allreduce-v1,4194304,float16,2,0,49,1122.9759454727173,1095.6799983978271,1122.9759454727173,20,100,2026-09-07T21:15:19.775627+00:00
kaggle-vllm-m3-allreduce-raw-v1,kaggle-vllm-m3-two-rank-nccl-allreduce-v1,4194304,float16,2,0,50,1114.2719984054565,1092.095971107483,1114.2719984054565,20,100,2026-09-07T21:15:19.775627+00:00
kaggle-vllm-m3-allreduce-raw-v1,kaggle-vllm-m3-two-rank-nccl-allreduce-v1,4194304,float16,2,0,51,1128.2240152359009,1093.1520462036133,1128.2240152359009,20,100,2026-09-07T21:15:19.775627+00:00
kaggle-vllm-m3-allreduce-raw-v1,kaggle-vllm-m3-two-rank-nccl-allreduce-v1,4194304,float16,2,0,52,1117.3440217971802,1101.8240451812744,1117.3440217971802,20,100,2026-09-07T21:15:19.775627+00:00
kaggle-vllm-m3-allreduce-raw-v1,kaggle-vllm-m3-two-rank-nccl-allreduce-v1,4194304,float16,2,0,53,1130.7200193405151,1118.2080507278442,1130.7200193405151,20,100,2026-09-07T21:15:19.775627+00:00
kaggle-vllm-m3-allreduce-raw-v1,kaggle-vllm-m3-two-rank-nccl-allreduce-v1,4194304,float16,2,0,54,1110.5279922485352,1082.0800065994263,1110.5279922485352,20,100,2026-09-07T21:15:19.775627+00:00
kaggle-vllm-m3-allreduce-raw-v1,kaggle-vllm-m3-two-rank-nccl-allreduce-v1,4194304,float16,2,0,55,1119.00794506073,1104.7040224075317,1119.00794506073,20,100,2026-09-07T21:15:19.775627+00:00
kaggle-vllm-m3-allreduce-raw-v1,kaggle-vllm-m3-two-rank-nccl-allreduce-v1,4194304,float16,2,0,56,1112.3199462890625,1087.391972541809,1112.3199462890625,20,100,2026-09-07T21:15:19.775627+00:00
kaggle-vllm-m3-allreduce-raw-v1,kaggle-vllm-m3-two-rank-nccl-allreduce-v1,4194304,float16,2,0,57,1035.6800556182861,1032.1919918060303,1035.6800556182861,20,100,2026-09-07T21:15:19.775627+00:00
kaggle-vllm-m3-allreduce-raw-v1,kaggle-vllm-m3-two-rank-nccl-allreduce-v1,4194304,float16,2,0,58,1105.1839590072632,1067.8720474243164,1105.1839590072632,20,100,2026-09-07T21:15:19.775627+00:00
kaggle-vllm-m3-allreduce-raw-v1,kaggle-vllm-m3-two-rank-nccl-allreduce-v1,4194304,float16,2,0,59,1115.5840158462524,1081.3440084457397,1115.5840158462524,20,100,2026-09-07T21:15:19.775627+00:00
kaggle-vllm-m3-allreduce-raw-v1,kaggle-vllm-m3-two-rank-nccl-allreduce-v1,4194304,float16,2,0,60,1122.3360300064087,1013.5680437088013,1122.3360300064087,20,100,2026-09-07T21:15:19.775627+00:00
kaggle-vllm-m3-allreduce-raw-v1,kaggle-vllm-m3-two-rank-nccl-allreduce-v1,4194304,float16,2,0,61,1098.2400178909302,1077.0560503005981,1098.2400178909302,20,100,2026-09-07T21:15:19.775627+00:00
kaggle-vllm-m3-allreduce-raw-v1,kaggle-vllm-m3-two-rank-nccl-allreduce-v1,4194304,float16,2,0,62,1112.287998199463,1050.719976425171,1112.287998199463,20,100,2026-09-07T21:15:19.775627+00:00
kaggle-vllm-m3-allreduce-raw-v1,kaggle-vllm-m3-two-rank-nccl-allreduce-v1,4194304,float16,2,0,63,1150.8159637451172,1089.5359516143799,1150.8159637451172,20,100,2026-09-07T21:15:19.775627+00:00
kaggle-vllm-m3-allreduce-raw-v1,kaggle-vllm-m3-two-rank-nccl-allreduce-v1,4194304,float16,2,0,64,1116.6399717330933,1058.4959983825684,1116.6399717330933,20,100,2026-09-07T21:15:19.775627+00:00
kaggle-vllm-m3-allreduce-raw-v1,kaggle-vllm-m3-two-rank-nccl-allreduce-v1,4194304,float16,2,0,65,1116.7999505996704,1060.2879524230957,1116.7999505996704,20,100,2026-09-07T21:15:19.775627+00:00
kaggle-vllm-m3-allreduce-raw-v1,kaggle-vllm-m3-two-rank-nccl-allreduce-v1,4194304,float16,2,0,66,1179.58402633667,1115.2640581130981,1179.58402633667,20,100,2026-09-07T21:15:19.775627+00:00
kaggle-vllm-m3-allreduce-raw-v1,kaggle-vllm-m3-two-rank-nccl-allreduce-v1,4194304,float16,2,0,67,1161.9199514389038,1130.3679943084717,1161.9199514389038,20,100,2026-09-07T21:15:19.775627+00:00
kaggle-vllm-m3-allreduce-raw-v1,kaggle-vllm-m3-two-rank-nccl-allreduce-v1,4194304,float16,2,0,68,1106.0160398483276,1069.0879821777344,1106.0160398483276,20,100,2026-09-07T21:15:19.775627+00:00
kaggle-vllm-m3-allreduce-raw-v1,kaggle-vllm-m3-two-rank-nccl-allreduce-v1,4194304,float16,2,0,69,1097.4080562591553,1042.4319505691528,1097.4080562591553,20,100,2026-09-07T21:15:19.775627+00:00
kaggle-vllm-m3-allreduce-raw-v1,kaggle-vllm-m3-two-rank-nccl-allreduce-v1,4194304,float16,2,0,70,1099.552035331726,1057.4719905853271,1099.552035331726,20,100,2026-09-07T21:15:19.775627+00:00
kaggle-vllm-m3-allreduce-raw-v1,kaggle-vllm-m3-two-rank-nccl-allreduce-v1,4194304,float16,2,0,71,1138.5279893875122,1114.1120195388794,1138.5279893875122,20,100,2026-09-07T21:15:19.775627+00:00
kaggle-vllm-m3-allreduce-raw-v1,kaggle-vllm-m3-two-rank-nccl-allreduce-v1,4194304,float16,2,0,72,1107.9039573669434,1353.7280559539795,1353.7280559539795,20,100,2026-09-07T21:15:19.775627+00:00
kaggle-vllm-m3-allreduce-raw-v1,kaggle-vllm-m3-two-rank-nccl-allreduce-v1,4194304,float16,2,0,73,1117.4720525741577,1077.4719715118408,1117.4720525741577,20,100,2026-09-07T21:15:19.775627+00:00
kaggle-vllm-m3-allreduce-raw-v1,kaggle-vllm-m3-two-rank-nccl-allreduce-v1,4194304,float16,2,0,74,1130.560040473938,1108.2240343093872,1130.560040473938,20,100,2026-09-07T21:15:19.775627+00:00
kaggle-vllm-m3-allreduce-raw-v1,kaggle-vllm-m3-two-rank-nccl-allreduce-v1,4194304,float16,2,0,75,1093.727946281433,1024.0000486373901,1093.727946281433,20,100,2026-09-07T21:15:19.775627+00:00
kaggle-vllm-m3-allreduce-raw-v1,kaggle-vllm-m3-two-rank-nccl-allreduce-v1,4194304,float16,2,0,76,1093.6319828033447,1107.9679727554321,1107.9679727554321,20,100,2026-09-07T21:15:19.775627+00:00
kaggle-vllm-m3-allreduce-raw-v1,kaggle-vllm-m3-two-rank-nccl-allreduce-v1,4194304,float16,2,0,77,1131.9680213928223,1100.5760431289673,1131.9680213928223,20,100,2026-09-07T21:15:19.775627+00:00
kaggle-vllm-m3-allreduce-raw-v1,kaggle-vllm-m3-two-rank-nccl-allreduce-v1,4194304,float16,2,0,78,1118.9759969711304,1102.2720336914062,1118.9759969711304,20,100,2026-09-07T21:15:19.775627+00:00
kaggle-vllm-m3-allreduce-raw-v1,kaggle-vllm-m3-two-rank-nccl-allreduce-v1,4194304,float16,2,0,79,1083.9680433273315,1058.2079887390137,1083.9680433273315,20,100,2026-09-07T21:15:19.775627+00:00
kaggle-vllm-m3-allreduce-raw-v1,kaggle-vllm-m3-two-rank-nccl-allreduce-v1,4194304,float16,2,0,80,1093.6319828033447,1044.4799661636353,1093.6319828033447,20,100,2026-09-07T21:15:19.775627+00:00
kaggle-vllm-m3-allreduce-raw-v1,kaggle-vllm-m3-two-rank-nccl-allreduce-v1,4194304,float16,2,0,81,1105.9520244598389,1067.0080184936523,1105.9520244598389,20,100,2026-09-07T21:15:19.775627+00:00
kaggle-vllm-m3-allreduce-raw-v1,kaggle-vllm-m3-two-rank-nccl-allreduce-v1,4194304,float16,2,0,82,1091.7760133743286,1049.056053161621,1091.7760133743286,20,100,2026-09-07T21:15:19.775627+00:00
kaggle-vllm-m3-allreduce-raw-v1,kaggle-vllm-m3-two-rank-nccl-allreduce-v1,4194304,float16,2,0,83,1095.0080156326294,1067.0080184936523,1095.0080156326294,20,100,2026-09-07T21:15:19.775627+00:00
kaggle-vllm-m3-allreduce-raw-v1,kaggle-vllm-m3-two-rank-nccl-allreduce-v1,4194304,float16,2,0,84,1089.6320343017578,1056.7359924316406,1089.6320343017578,20,100,2026-09-07T21:15:19.775627+00:00
kaggle-vllm-m3-allreduce-raw-v1,kaggle-vllm-m3-two-rank-nccl-allreduce-v1,4194304,float16,2,0,85,1089.568018913269,1066.6879415512085,1089.568018913269,20,100,2026-09-07T21:15:19.775627+00:00
kaggle-vllm-m3-allreduce-raw-v1,kaggle-vllm-m3-two-rank-nccl-allreduce-v1,4194304,float16,2,0,86,1085.7280492782593,1062.9119873046875,1085.7280492782593,20,100,2026-09-07T21:15:19.775627+00:00
kaggle-vllm-m3-allreduce-raw-v1,kaggle-vllm-m3-two-rank-nccl-allreduce-v1,4194304,float16,2,0,87,1084.7359895706177,1047.9040145874023,1084.7359895706177,20,100,2026-09-07T21:15:19.775627+00:00
kaggle-vllm-m3-allreduce-raw-v1,kaggle-vllm-m3-two-rank-nccl-allreduce-v1,4194304,float16,2,0,88,1114.1760349273682,1064.512014389038,1114.1760349273682,20,100,2026-09-07T21:15:19.775627+00:00
kaggle-vllm-m3-allreduce-raw-v1,kaggle-vllm-m3-two-rank-nccl-allreduce-v1,4194304,float16,2,0,89,1157.1199893951416,1114.8159503936768,1157.1199893951416,20,100,2026-09-07T21:15:19.775627+00:00
kaggle-vllm-m3-allreduce-raw-v1,kaggle-vllm-m3-two-rank-nccl-allreduce-v1,4194304,float16,2,0,90,1105.9839725494385,1065.2159452438354,1105.9839725494385,20,100,2026-09-07T21:15:19.775627+00:00
kaggle-vllm-m3-allreduce-raw-v1,kaggle-vllm-m3-two-rank-nccl-allreduce-v1,4194304,float16,2,0,91,1163.2959842681885,1105.9199571609497,1163.2959842681885,20,100,2026-09-07T21:15:19.775627+00:00
kaggle-vllm-m3-allreduce-raw-v1,kaggle-vllm-m3-two-rank-nccl-allreduce-v1,4194304,float16,2,0,92,1112.0959520339966,1061.087965965271,1112.0959520339966,20,100,2026-09-07T21:15:19.775627+00:00
kaggle-vllm-m3-allreduce-raw-v1,kaggle-vllm-m3-two-rank-nccl-allreduce-v1,4194304,float16,2,0,93,1111.9040250778198,1071.2319612503052,1111.9040250778198,20,100,2026-09-07T21:15:19.775627+00:00
kaggle-vllm-m3-allreduce-raw-v1,kaggle-vllm-m3-two-rank-nccl-allreduce-v1,4194304,float16,2,0,94,1093.664050102234,1069.0560340881348,1093.664050102234,20,100,2026-09-07T21:15:19.775627+00:00
kaggle-vllm-m3-allreduce-raw-v1,kaggle-vllm-m3-two-rank-nccl-allreduce-v1,4194304,float16,2,0,95,1095.7119464874268,1060.5440139770508,1095.7119464874268,20,100,2026-09-07T21:15:19.775627+00:00
kaggle-vllm-m3-allreduce-raw-v1,kaggle-vllm-m3-two-rank-nccl-allreduce-v1,4194304,float16,2,0,96,1094.9759483337402,1062.880039215088,1094.9759483337402,20,100,2026-09-07T21:15:19.775627+00:00
kaggle-vllm-m3-allreduce-raw-v1,kaggle-vllm-m3-two-rank-nccl-allreduce-v1,4194304,float16,2,0,97,1089.5359516143799,1058.8480234146118,1089.5359516143799,20,100,2026-09-07T21:15:19.775627+00:00
kaggle-vllm-m3-allreduce-raw-v1,kaggle-vllm-m3-two-rank-nccl-allreduce-v1,4194304,float16,2,0,98,1094.7200059890747,1017.8560018539429,1094.7200059890747,20,100,2026-09-07T21:15:19.775627+00:00
kaggle-vllm-m3-allreduce-raw-v1,kaggle-vllm-m3-two-rank-nccl-allreduce-v1,4194304,float16,2,0,99,1132.5759887695312,1097.7280139923096,1132.5759887695312,20,100,2026-09-07T21:15:19.775627+00:00
kaggle-vllm-m3-allreduce-raw-v1,kaggle-vllm-m3-two-rank-nccl-allreduce-v1,16777216,float16,2,0,0,4216.639995574951,4220.928192138672,4220.928192138672,20,100,2026-09-07T21:15:20.316556+00:00
kaggle-vllm-m3-allreduce-raw-v1,kaggle-vllm-m3-two-rank-nccl-allreduce-v1,16777216,float16,2,0,1,4223.616123199463,4226.687908172607,4226.687908172607,20,100,2026-09-07T21:15:20.316556+00:00
kaggle-vllm-m3-allreduce-raw-v1,kaggle-vllm-m3-two-rank-nccl-allreduce-v1,16777216,float16,2,0,2,4193.088054656982,4209.695816040039,4209.695816040039,20,100,2026-09-07T21:15:20.316556+00:00
kaggle-vllm-m3-allreduce-raw-v1,kaggle-vllm-m3-two-rank-nccl-allreduce-v1,16777216,float16,2,0,3,4237.120151519775,4235.263824462891,4237.120151519775,20,100,2026-09-07T21:15:20.316556+00:00
kaggle-vllm-m3-allreduce-raw-v1,kaggle-vllm-m3-two-rank-nccl-allreduce-v1,16777216,float16,2,0,4,4198.080062866211,4195.615768432617,4198.080062866211,20,100,2026-09-07T21:15:20.316556+00:00
kaggle-vllm-m3-allreduce-raw-v1,kaggle-vllm-m3-two-rank-nccl-allreduce-v1,16777216,float16,2,0,5,4232.192039489746,4241.024017333984,4241.024017333984,20,100,2026-09-07T21:15:20.316556+00:00
kaggle-vllm-m3-allreduce-raw-v1,kaggle-vllm-m3-two-rank-nccl-allreduce-v1,16777216,float16,2,0,6,4214.399814605713,4221.63200378418,4221.63200378418,20,100,2026-09-07T21:15:20.316556+00:00
kaggle-vllm-m3-allreduce-raw-v1,kaggle-vllm-m3-two-rank-nccl-allreduce-v1,16777216,float16,2,0,7,4191.2641525268555,4223.199844360352,4223.199844360352,20,100,2026-09-07T21:15:20.316556+00:00
kaggle-vllm-m3-allreduce-raw-v1,kaggle-vllm-m3-two-rank-nccl-allreduce-v1,16777216,float16,2,0,8,4240.19193649292,4237.311840057373,4240.19193649292,20,100,2026-09-07T21:15:20.316556+00:00
kaggle-vllm-m3-allreduce-raw-v1,kaggle-vllm-m3-two-rank-nccl-allreduce-v1,16777216,float16,2,0,9,4224.063873291016,4225.024223327637,4225.024223327637,20,100,2026-09-07T21:15:20.316556+00:00
kaggle-vllm-m3-allreduce-raw-v1,kaggle-vllm-m3-two-rank-nccl-allreduce-v1,16777216,float16,2,0,10,4219.552040100098,4219.583988189697,4219.583988189697,20,100,2026-09-07T21:15:20.316556+00:00
kaggle-vllm-m3-allreduce-raw-v1,kaggle-vllm-m3-two-rank-nccl-allreduce-v1,16777216,float16,2,0,11,4202.49605178833,4205.344200134277,4205.344200134277,20,100,2026-09-07T21:15:20.316556+00:00
kaggle-vllm-m3-allreduce-raw-v1,kaggle-vllm-m3-two-rank-nccl-allreduce-v1,16777216,float16,2,0,12,4195.072174072266,4204.512119293213,4204.512119293213,20,100,2026-09-07T21:15:20.316556+00:00
kaggle-vllm-m3-allreduce-raw-v1,kaggle-vllm-m3-two-rank-nccl-allreduce-v1,16777216,float16,2,0,13,4216.608047485352,4216.832160949707,4216.832160949707,20,100,2026-09-07T21:15:20.316556+00:00
kaggle-vllm-m3-allreduce-raw-v1,kaggle-vllm-m3-two-rank-nccl-allreduce-v1,16777216,float16,2,0,14,4213.759899139404,4216.256141662598,4216.256141662598,20,100,2026-09-07T21:15:20.316556+00:00
kaggle-vllm-m3-allreduce-raw-v1,kaggle-vllm-m3-two-rank-nccl-allreduce-v1,16777216,float16,2,0,15,4243.99995803833,4249.567985534668,4249.567985534668,20,100,2026-09-07T21:15:20.316556+00:00
kaggle-vllm-m3-allreduce-raw-v1,kaggle-vllm-m3-two-rank-nccl-allreduce-v1,16777216,float16,2,0,16,4221.7278480529785,4226.240158081055,4226.240158081055,20,100,2026-09-07T21:15:20.316556+00:00
kaggle-vllm-m3-allreduce-raw-v1,kaggle-vllm-m3-two-rank-nccl-allreduce-v1,16777216,float16,2,0,17,4195.615768432617,4208.960056304932,4208.960056304932,20,100,2026-09-07T21:15:20.316556+00:00
kaggle-vllm-m3-allreduce-raw-v1,kaggle-vllm-m3-two-rank-nccl-allreduce-v1,16777216,float16,2,0,18,4257.120132446289,4253.695964813232,4257.120132446289,20,100,2026-09-07T21:15:20.316556+00:00
kaggle-vllm-m3-allreduce-raw-v1,kaggle-vllm-m3-two-rank-nccl-allreduce-v1,16777216,float16,2,0,19,4210.68811416626,4212.736129760742,4212.736129760742,20,100,2026-09-07T21:15:20.316556+00:00
kaggle-vllm-m3-allreduce-raw-v1,kaggle-vllm-m3-two-rank-nccl-allreduce-v1,16777216,float16,2,0,20,4198.815822601318,4187.871932983398,4198.815822601318,20,100,2026-09-07T21:15:20.316556+00:00
kaggle-vllm-m3-allreduce-raw-v1,kaggle-vllm-m3-two-rank-nccl-allreduce-v1,16777216,float16,2,0,21,4207.136154174805,4215.328216552734,4215.328216552734,20,100,2026-09-07T21:15:20.316556+00:00
kaggle-vllm-m3-allreduce-raw-v1,kaggle-vllm-m3-two-rank-nccl-allreduce-v1,16777216,float16,2,0,22,4191.0400390625,4187.136173248291,4191.0400390625,20,100,2026-09-07T21:15:20.316556+00:00
kaggle-vllm-m3-allreduce-raw-v1,kaggle-vllm-m3-two-rank-nccl-allreduce-v1,16777216,float16,2,0,23,4200.319766998291,4195.807933807373,4200.319766998291,20,100,2026-09-07T21:15:20.316556+00:00
kaggle-vllm-m3-allreduce-raw-v1,kaggle-vllm-m3-two-rank-nccl-allreduce-v1,16777216,float16,2,0,24,4198.400020599365,4204.319953918457,4204.319953918457,20,100,2026-09-07T21:15:20.316556+00:00
kaggle-vllm-m3-allreduce-raw-v1,kaggle-vllm-m3-two-rank-nccl-allreduce-v1,16777216,float16,2,0,25,4204.5440673828125,4188.1279945373535,4204.5440673828125,20,100,2026-09-07T21:15:20.316556+00:00
kaggle-vllm-m3-allreduce-raw-v1,kaggle-vllm-m3-two-rank-nccl-allreduce-v1,16777216,float16,2,0,26,4186.111927032471,4173.567771911621,4186.111927032471,20,100,2026-09-07T21:15:20.316556+00:00
kaggle-vllm-m3-allreduce-raw-v1,kaggle-vllm-m3-two-rank-nccl-allreduce-v1,16777216,float16,2,0,27,4200.511932373047,4202.432155609131,4202.432155609131,20,100,2026-09-07T21:15:20.316556+00:00
kaggle-vllm-m3-allreduce-raw-v1,kaggle-vllm-m3-two-rank-nccl-allreduce-v1,16777216,float16,2,0,28,4227.071762084961,4227.104187011719,4227.104187011719,20,100,2026-09-07T21:15:20.316556+00:00
kaggle-vllm-m3-allreduce-raw-v1,kaggle-vllm-m3-two-rank-nccl-allreduce-v1,16777216,float16,2,0,29,4092.383861541748,4134.24015045166,4134.24015045166,20,100,2026-09-07T21:15:20.316556+00:00
kaggle-vllm-m3-allreduce-raw-v1,kaggle-vllm-m3-two-rank-nccl-allreduce-v1,16777216,float16,2,0,30,4200.448036193848,4197.6637840271,4200.448036193848,20,100,2026-09-07T21:15:20.316556+00:00
kaggle-vllm-m3-allreduce-raw-v1,kaggle-vllm-m3-two-rank-nccl-allreduce-v1,16777216,float16,2,0,31,4207.551956176758,4220.928192138672,4220.928192138672,20,100,2026-09-07T21:15:20.316556+00:00
kaggle-vllm-m3-allreduce-raw-v1,kaggle-vllm-m3-two-rank-nccl-allreduce-v1,16777216,float16,2,0,32,4247.551918029785,4249.375820159912,4249.375820159912,20,100,2026-09-07T21:15:20.316556+00:00
kaggle-vllm-m3-allreduce-raw-v1,kaggle-vllm-m3-two-rank-nccl-allreduce-v1,16777216,float16,2,0,33,4230.080127716064,4227.615833282471,4230.080127716064,20,100,2026-09-07T21:15:20.316556+00:00
kaggle-vllm-m3-allreduce-raw-v1,kaggle-vllm-m3-two-rank-nccl-allreduce-v1,16777216,float16,2,0,34,4208.127975463867,4220.928192138672,4220.928192138672,20,100,2026-09-07T21:15:20.316556+00:00
kaggle-vllm-m3-allreduce-raw-v1,kaggle-vllm-m3-two-rank-nccl-allreduce-v1,16777216,float16,2,0,35,4197.887897491455,4210.624217987061,4210.624217987061,20,100,2026-09-07T21:15:20.316556+00:00
kaggle-vllm-m3-allreduce-raw-v1,kaggle-vllm-m3-two-rank-nccl-allreduce-v1,16777216,float16,2,0,36,4114.304065704346,4132.544040679932,4132.544040679932,20,100,2026-09-07T21:15:20.316556+00:00
kaggle-vllm-m3-allreduce-raw-v1,kaggle-vllm-m3-two-rank-nccl-allreduce-v1,16777216,float16,2,0,37,4120.863914489746,4128.767967224121,4128.767967224121,20,100,2026-09-07T21:15:20.316556+00:00
kaggle-vllm-m3-allreduce-raw-v1,kaggle-vllm-m3-two-rank-nccl-allreduce-v1,16777216,float16,2,0,38,4112.256050109863,4067.3279762268066,4112.256050109863,20,100,2026-09-07T21:15:20.316556+00:00
kaggle-vllm-m3-allreduce-raw-v1,kaggle-vllm-m3-two-rank-nccl-allreduce-v1,16777216,float16,2,0,39,4167.520046234131,4150.368213653564,4167.520046234131,20,100,2026-09-07T21:15:20.316556+00:00
kaggle-vllm-m3-allreduce-raw-v1,kaggle-vllm-m3-two-rank-nccl-allreduce-v1,16777216,float16,2,0,40,4233.119964599609,4202.911853790283,4233.119964599609,20,100,2026-09-07T21:15:20.316556+00:00
kaggle-vllm-m3-allreduce-raw-v1,kaggle-vllm-m3-two-rank-nccl-allreduce-v1,16777216,float16,2,0,41,4204.5440673828125,4194.975852966309,4204.5440673828125,20,100,2026-09-07T21:15:20.316556+00:00
kaggle-vllm-m3-allreduce-raw-v1,kaggle-vllm-m3-two-rank-nccl-allreduce-v1,16777216,float16,2,0,42,4155.519962310791,4079.455852508545,4155.519962310791,20,100,2026-09-07T21:15:20.316556+00:00
kaggle-vllm-m3-allreduce-raw-v1,kaggle-vllm-m3-two-rank-nccl-allreduce-v1,16777216,float16,2,0,43,4231.935977935791,4215.648174285889,4231.935977935791,20,100,2026-09-07T21:15:20.316556+00:00
kaggle-vllm-m3-allreduce-raw-v1,kaggle-vllm-m3-two-rank-nccl-allreduce-v1,16777216,float16,2,0,44,4075.744152069092,4055.9678077697754,4075.744152069092,20,100,2026-09-07T21:15:20.316556+00:00
kaggle-vllm-m3-allreduce-raw-v1,kaggle-vllm-m3-two-rank-nccl-allreduce-v1,16777216,float16,2,0,45,4122.623920440674,4087.967872619629,4122.623920440674,20,100,2026-09-07T21:15:20.316556+00:00
kaggle-vllm-m3-allreduce-raw-v1,kaggle-vllm-m3-two-rank-nccl-allreduce-v1,16777216,float16,2,0,46,4044.2237854003906,4012.8960609436035,4044.2237854003906,20,100,2026-09-07T21:15:20.316556+00:00
kaggle-vllm-m3-allreduce-raw-v1,kaggle-vllm-m3-two-rank-nccl-allreduce-v1,16777216,float16,2,0,47,4139.008045196533,4118.527889251709,4139.008045196533,20,100,2026-09-07T21:15:20.316556+00:00
kaggle-vllm-m3-allreduce-raw-v1,kaggle-vllm-m3-two-rank-nccl-allreduce-v1,16777216,float16,2,0,48,4077.727794647217,4057.0878982543945,4077.727794647217,20,100,2026-09-07T21:15:20.316556+00:00
kaggle-vllm-m3-allreduce-raw-v1,kaggle-vllm-m3-two-rank-nccl-allreduce-v1,16777216,float16,2,0,49,4210.783958435059,4197.279930114746,4210.783958435059,20,100,2026-09-07T21:15:20.316556+00:00
kaggle-vllm-m3-allreduce-raw-v1,kaggle-vllm-m3-two-rank-nccl-allreduce-v1,16777216,float16,2,0,50,4202.559947967529,4197.343826293945,4202.559947967529,20,100,2026-09-07T21:15:20.316556+00:00
kaggle-vllm-m3-allreduce-raw-v1,kaggle-vllm-m3-two-rank-nccl-allreduce-v1,16777216,float16,2,0,51,4229.76016998291,4218.880176544189,4229.76016998291,20,100,2026-09-07T21:15:20.316556+00:00
kaggle-vllm-m3-allreduce-raw-v1,kaggle-vllm-m3-two-rank-nccl-allreduce-v1,16777216,float16,2,0,52,4220.320224761963,4228.960037231445,4228.960037231445,20,100,2026-09-07T21:15:20.316556+00:00
kaggle-vllm-m3-allreduce-raw-v1,kaggle-vllm-m3-two-rank-nccl-allreduce-v1,16777216,float16,2,0,53,4202.49605178833,4218.239784240723,4218.239784240723,20,100,2026-09-07T21:15:20.316556+00:00
kaggle-vllm-m3-allreduce-raw-v1,kaggle-vllm-m3-two-rank-nccl-allreduce-v1,16777216,float16,2,0,54,4189.792156219482,4192.800045013428,4192.800045013428,20,100,2026-09-07T21:15:20.316556+00:00
kaggle-vllm-m3-allreduce-raw-v1,kaggle-vllm-m3-two-rank-nccl-allreduce-v1,16777216,float16,2,0,55,4202.49605178833,4212.992191314697,4212.992191314697,20,100,2026-09-07T21:15:20.316556+00:00
kaggle-vllm-m3-allreduce-raw-v1,kaggle-vllm-m3-two-rank-nccl-allreduce-v1,16777216,float16,2,0,56,4186.111927032471,4193.568229675293,4193.568229675293,20,100,2026-09-07T21:15:20.316556+00:00
kaggle-vllm-m3-allreduce-raw-v1,kaggle-vllm-m3-two-rank-nccl-allreduce-v1,16777216,float16,2,0,57,4212.3517990112305,4224.607944488525,4224.607944488525,20,100,2026-09-07T21:15:20.316556+00:00
kaggle-vllm-m3-allreduce-raw-v1,kaggle-vllm-m3-two-rank-nccl-allreduce-v1,16777216,float16,2,0,58,4203.360080718994,4218.976020812988,4218.976020812988,20,100,2026-09-07T21:15:20.316556+00:00
kaggle-vllm-m3-allreduce-raw-v1,kaggle-vllm-m3-two-rank-nccl-allreduce-v1,16777216,float16,2,0,59,4206.560134887695,4191.0080909729,4206.560134887695,20,100,2026-09-07T21:15:20.316556+00:00
kaggle-vllm-m3-allreduce-raw-v1,kaggle-vllm-m3-two-rank-nccl-allreduce-v1,16777216,float16,2,0,60,4169.343948364258,4150.5279541015625,4169.343948364258,20,100,2026-09-07T21:15:20.316556+00:00
kaggle-vllm-m3-allreduce-raw-v1,kaggle-vllm-m3-two-rank-nccl-allreduce-v1,16777216,float16,2,0,61,4203.743934631348,4188.159942626953,4203.743934631348,20,100,2026-09-07T21:15:20.316556+00:00
kaggle-vllm-m3-allreduce-raw-v1,kaggle-vllm-m3-two-rank-nccl-allreduce-v1,16777216,float16,2,0,62,4214.144229888916,4202.112197875977,4214.144229888916,20,100,2026-09-07T21:15:20.316556+00:00
kaggle-vllm-m3-allreduce-raw-v1,kaggle-vllm-m3-two-rank-nccl-allreduce-v1,16777216,float16,2,0,63,4218.880176544189,4208.672046661377,4218.880176544189,20,100,2026-09-07T21:15:20.316556+00:00
kaggle-vllm-m3-allreduce-raw-v1,kaggle-vllm-m3-two-rank-nccl-allreduce-v1,16777216,float16,2,0,64,4215.519905090332,4210.432052612305,4215.519905090332,20,100,2026-09-07T21:15:20.316556+00:00
kaggle-vllm-m3-allreduce-raw-v1,kaggle-vllm-m3-two-rank-nccl-allreduce-v1,16777216,float16,2,0,65,4214.879989624023,4182.975769042969,4214.879989624023,20,100,2026-09-07T21:15:20.316556+00:00
kaggle-vllm-m3-allreduce-raw-v1,kaggle-vllm-m3-two-rank-nccl-allreduce-v1,16777216,float16,2,0,66,4224.768161773682,4229.951858520508,4229.951858520508,20,100,2026-09-07T21:15:20.316556+00:00
kaggle-vllm-m3-allreduce-raw-v1,kaggle-vllm-m3-two-rank-nccl-allreduce-v1,16777216,float16,2,0,67,4218.880176544189,4212.224006652832,4218.880176544189,20,100,2026-09-07T21:15:20.316556+00:00
kaggle-vllm-m3-allreduce-raw-v1,kaggle-vllm-m3-two-rank-nccl-allreduce-v1,16777216,float16,2,0,68,4220.928192138672,4208.640098571777,4220.928192138672,20,100,2026-09-07T21:15:20.316556+00:00
kaggle-vllm-m3-allreduce-raw-v1,kaggle-vllm-m3-two-rank-nccl-allreduce-v1,16777216,float16,2,0,69,4213.024139404297,4204.832077026367,4213.024139404297,20,100,2026-09-07T21:15:20.316556+00:00
kaggle-vllm-m3-allreduce-raw-v1,kaggle-vllm-m3-two-rank-nccl-allreduce-v1,16777216,float16,2,0,70,4199.615955352783,4194.3039894104,4199.615955352783,20,100,2026-09-07T21:15:20.316556+00:00
kaggle-vllm-m3-allreduce-raw-v1,kaggle-vllm-m3-two-rank-nccl-allreduce-v1,16777216,float16,2,0,71,4235.680103302002,4230.2398681640625,4235.680103302002,20,100,2026-09-07T21:15:20.316556+00:00
kaggle-vllm-m3-allreduce-raw-v1,kaggle-vllm-m3-two-rank-nccl-allreduce-v1,16777216,float16,2,0,72,4207.935810089111,4195.93620300293,4207.935810089111,20,100,2026-09-07T21:15:20.316556+00:00
kaggle-vllm-m3-allreduce-raw-v1,kaggle-vllm-m3-two-rank-nccl-allreduce-v1,16777216,float16,2,0,73,4094.399929046631,4135.615825653076,4135.615825653076,20,100,2026-09-07T21:15:20.316556+00:00
kaggle-vllm-m3-allreduce-raw-v1,kaggle-vllm-m3-two-rank-nccl-allreduce-v1,16777216,float16,2,0,74,4211.935997009277,4218.84822845459,4218.84822845459,20,100,2026-09-07T21:15:20.316556+00:00
kaggle-vllm-m3-allreduce-raw-v1,kaggle-vllm-m3-two-rank-nccl-allreduce-v1,16777216,float16,2,0,75,4224.480152130127,4229.695796966553,4229.695796966553,20,100,2026-09-07T21:15:20.316556+00:00
kaggle-vllm-m3-allreduce-raw-v1,kaggle-vllm-m3-two-rank-nccl-allreduce-v1,16777216,float16,2,0,76,4223.199844360352,4211.520195007324,4223.199844360352,20,100,2026-09-07T21:15:20.316556+00:00
kaggle-vllm-m3-allreduce-raw-v1,kaggle-vllm-m3-two-rank-nccl-allreduce-v1,16777216,float16,2,0,77,4172.800064086914,4191.328048706055,4191.328048706055,20,100,2026-09-07T21:15:20.316556+00:00
kaggle-vllm-m3-allreduce-raw-v1,kaggle-vllm-m3-two-rank-nccl-allreduce-v1,16777216,float16,2,0,78,4235.263824462891,4244.768142700195,4244.768142700195,20,100,2026-09-07T21:15:20.316556+00:00
kaggle-vllm-m3-allreduce-raw-v1,kaggle-vllm-m3-two-rank-nccl-allreduce-v1,16777216,float16,2,0,79,4225.024223327637,4221.024036407471,4225.024223327637,20,100,2026-09-07T21:15:20.316556+00:00
kaggle-vllm-m3-allreduce-raw-v1,kaggle-vllm-m3-two-rank-nccl-allreduce-v1,16777216,float16,2,0,80,4229.375839233398,4228.672027587891,4229.375839233398,20,100,2026-09-07T21:15:20.316556+00:00
kaggle-vllm-m3-allreduce-raw-v1,kaggle-vllm-m3-two-rank-nccl-allreduce-v1,16777216,float16,2,0,81,4205.056190490723,4221.63200378418,4221.63200378418,20,100,2026-09-07T21:15:20.316556+00:00
kaggle-vllm-m3-allreduce-raw-v1,kaggle-vllm-m3-two-rank-nccl-allreduce-v1,16777216,float16,2,0,82,4198.336124420166,4206.016063690186,4206.016063690186,20,100,2026-09-07T21:15:20.316556+00:00
kaggle-vllm-m3-allreduce-raw-v1,kaggle-vllm-m3-two-rank-nccl-allreduce-v1,16777216,float16,2,0,83,3895.296096801758,4056.5757751464844,4056.5757751464844,20,100,2026-09-07T21:15:20.316556+00:00
kaggle-vllm-m3-allreduce-raw-v1,kaggle-vllm-m3-two-rank-nccl-allreduce-v1,16777216,float16,2,0,84,4208.127975463867,4218.880176544189,4218.880176544189,20,100,2026-09-07T21:15:20.316556+00:00
kaggle-vllm-m3-allreduce-raw-v1,kaggle-vllm-m3-two-rank-nccl-allreduce-v1,16777216,float16,2,0,85,4210.68811416626,4195.4240798950195,4210.68811416626,20,100,2026-09-07T21:15:20.316556+00:00
kaggle-vllm-m3-allreduce-raw-v1,kaggle-vllm-m3-two-rank-nccl-allreduce-v1,16777216,float16,2,0,86,4200.448036193848,4209.311962127686,4209.311962127686,20,100,2026-09-07T21:15:20.316556+00:00
kaggle-vllm-m3-allreduce-raw-v1,kaggle-vllm-m3-two-rank-nccl-allreduce-v1,16777216,float16,2,0,87,4219.808101654053,4218.560218811035,4219.808101654053,20,100,2026-09-07T21:15:20.316556+00:00
kaggle-vllm-m3-allreduce-raw-v1,kaggle-vllm-m3-two-rank-nccl-allreduce-v1,16777216,float16,2,0,88,4219.423770904541,4212.224006652832,4219.423770904541,20,100,2026-09-07T21:15:20.316556+00:00
kaggle-vllm-m3-allreduce-raw-v1,kaggle-vllm-m3-two-rank-nccl-allreduce-v1,16777216,float16,2,0,89,4205.952167510986,4198.400020599365,4205.952167510986,20,100,2026-09-07T21:15:20.316556+00:00
kaggle-vllm-m3-allreduce-raw-v1,kaggle-vllm-m3-two-rank-nccl-allreduce-v1,16777216,float16,2,0,90,4207.424163818359,4202.208042144775,4207.424163818359,20,100,2026-09-07T21:15:20.316556+00:00
kaggle-vllm-m3-allreduce-raw-v1,kaggle-vllm-m3-two-rank-nccl-allreduce-v1,16777216,float16,2,0,91,4210.68811416626,4211.423873901367,4211.423873901367,20,100,2026-09-07T21:15:20.316556+00:00
kaggle-vllm-m3-allreduce-raw-v1,kaggle-vllm-m3-two-rank-nccl-allreduce-v1,16777216,float16,2,0,92,4227.839946746826,4225.503921508789,4227.839946746826,20,100,2026-09-07T21:15:20.316556+00:00
kaggle-vllm-m3-allreduce-raw-v1,kaggle-vllm-m3-two-rank-nccl-allreduce-v1,16777216,float16,2,0,93,4219.359874725342,4210.720062255859,4219.359874725342,20,100,2026-09-07T21:15:20.316556+00:00
kaggle-vllm-m3-allreduce-raw-v1,kaggle-vllm-m3-two-rank-nccl-allreduce-v1,16777216,float16,2,0,94,4229.119777679443,4233.183860778809,4233.183860778809,20,100,2026-09-07T21:15:20.316556+00:00
kaggle-vllm-m3-allreduce-raw-v1,kaggle-vllm-m3-two-rank-nccl-allreduce-v1,16777216,float16,2,0,95,4182.015895843506,4182.015895843506,4182.015895843506,20,100,2026-09-07T21:15:20.316556+00:00
kaggle-vllm-m3-allreduce-raw-v1,kaggle-vllm-m3-two-rank-nccl-allreduce-v1,16777216,float16,2,0,96,4218.4319496154785,4228.127956390381,4228.127956390381,20,100,2026-09-07T21:15:20.316556+00:00
kaggle-vllm-m3-allreduce-raw-v1,kaggle-vllm-m3-two-rank-nccl-allreduce-v1,16777216,float16,2,0,97,4206.592082977295,4171.743869781494,4206.592082977295,20,100,2026-09-07T21:15:20.316556+00:00
kaggle-vllm-m3-allreduce-raw-v1,kaggle-vllm-m3-two-rank-nccl-allreduce-v1,16777216,float16,2,0,98,4211.679935455322,4190.207958221436,4211.679935455322,20,100,2026-09-07T21:15:20.316556+00:00
kaggle-vllm-m3-allreduce-raw-v1,kaggle-vllm-m3-two-rank-nccl-allreduce-v1,16777216,float16,2,0,99,4212.031841278076,4198.112010955811,4212.031841278076,20,100,2026-09-07T21:15:20.316556+00:00
kaggle-vllm-m3-allreduce-raw-v1,kaggle-vllm-m3-two-rank-nccl-allreduce-v1,33554432,float16,2,0,0,8395.68042755127,8399.13558959961,8399.13558959961,20,100,2026-09-07T21:15:21.366720+00:00
kaggle-vllm-m3-allreduce-raw-v1,kaggle-vllm-m3-two-rank-nccl-allreduce-v1,33554432,float16,2,0,1,8385.3759765625,8401.568412780762,8401.568412780762,20,100,2026-09-07T21:15:21.366720+00:00
kaggle-vllm-m3-allreduce-raw-v1,kaggle-vllm-m3-two-rank-nccl-allreduce-v1,33554432,float16,2,0,2,8384.511947631836,8394.240379333496,8394.240379333496,20,100,2026-09-07T21:15:21.366720+00:00
kaggle-vllm-m3-allreduce-raw-v1,kaggle-vllm-m3-two-rank-nccl-allreduce-v1,33554432,float16,2,0,3,8387.711524963379,8371.487617492676,8387.711524963379,20,100,2026-09-07T21:15:21.366720+00:00
kaggle-vllm-m3-allreduce-raw-v1,kaggle-vllm-m3-two-rank-nccl-allreduce-v1,33554432,float16,2,0,4,8380.800247192383,8366.175651550293,8380.800247192383,20,100,2026-09-07T21:15:21.366720+00:00
kaggle-vllm-m3-allreduce-raw-v1,kaggle-vllm-m3-two-rank-nccl-allreduce-v1,33554432,float16,2,0,5,8382.528305053711,8387.840270996094,8387.840270996094,20,100,2026-09-07T21:15:21.366720+00:00
kaggle-vllm-m3-allreduce-raw-v1,kaggle-vllm-m3-two-rank-nccl-allreduce-v1,33554432,float16,2,0,6,8345.824241638184,8328.543663024902,8345.824241638184,20,100,2026-09-07T21:15:21.366720+00:00
kaggle-vllm-m3-allreduce-raw-v1,kaggle-vllm-m3-two-rank-nccl-allreduce-v1,33554432,float16,2,0,7,8390.591621398926,8382.464408874512,8390.591621398926,20,100,2026-09-07T21:15:21.366720+00:00
kaggle-vllm-m3-allreduce-raw-v1,kaggle-vllm-m3-two-rank-nccl-allreduce-v1,33554432,float16,2,0,8,8376.543998718262,8386.176109313965,8386.176109313965,20,100,2026-09-07T21:15:21.366720+00:00
kaggle-vllm-m3-allreduce-raw-v1,kaggle-vllm-m3-two-rank-nccl-allreduce-v1,33554432,float16,2,0,9,8369.152069091797,8356.9917678833,8369.152069091797,20,100,2026-09-07T21:15:21.366720+00:00
kaggle-vllm-m3-allreduce-raw-v1,kaggle-vllm-m3-two-rank-nccl-allreduce-v1,33554432,float16,2,0,10,8334.015846252441,8313.535690307617,8334.015846252441,20,100,2026-09-07T21:15:21.366720+00:00
kaggle-vllm-m3-allreduce-raw-v1,kaggle-vllm-m3-two-rank-nccl-allreduce-v1,33554432,float16,2,0,11,8331.711769104004,8329.15210723877,8331.711769104004,20,100,2026-09-07T21:15:21.366720+00:00
kaggle-vllm-m3-allreduce-raw-v1,kaggle-vllm-m3-two-rank-nccl-allreduce-v1,33554432,float16,2,0,12,8318.24016571045,8314.36824798584,8318.24016571045,20,100,2026-09-07T21:15:21.366720+00:00
kaggle-vllm-m3-allreduce-raw-v1,kaggle-vllm-m3-two-rank-nccl-allreduce-v1,33554432,float16,2,0,13,8348.480224609375,8359.16805267334,8359.16805267334,20,100,2026-09-07T21:15:21.366720+00:00
kaggle-vllm-m3-allreduce-raw-v1,kaggle-vllm-m3-two-rank-nccl-allreduce-v1,33554432,float16,2,0,14,8347.647666931152,8347.647666931152,8347.647666931152,20,100,2026-09-07T21:15:21.366720+00:00
kaggle-vllm-m3-allreduce-raw-v1,kaggle-vllm-m3-two-rank-nccl-allreduce-v1,33554432,float16,2,0,15,8366.559982299805,8351.840019226074,8366.559982299805,20,100,2026-09-07T21:15:21.366720+00:00
kaggle-vllm-m3-allreduce-raw-v1,kaggle-vllm-m3-two-rank-nccl-allreduce-v1,33554432,float16,2,0,16,8330.207824707031,8353.887557983398,8353.887557983398,20,100,2026-09-07T21:15:21.366720+00:00
kaggle-vllm-m3-allreduce-raw-v1,kaggle-vllm-m3-two-rank-nccl-allreduce-v1,33554432,float16,2,0,17,8343.680381774902,8338.46378326416,8343.680381774902,20,100,2026-09-07T21:15:21.366720+00:00
kaggle-vllm-m3-allreduce-raw-v1,kaggle-vllm-m3-two-rank-nccl-allreduce-v1,33554432,float16,2,0,18,8141.8561935424805,8216.416358947754,8216.416358947754,20,100,2026-09-07T21:15:21.366720+00:00
kaggle-vllm-m3-allreduce-raw-v1,kaggle-vllm-m3-two-rank-nccl-allreduce-v1,33554432,float16,2,0,19,8279.487609863281,8333.727836608887,8333.727836608887,20,100,2026-09-07T21:15:21.366720+00:00
kaggle-vllm-m3-allreduce-raw-v1,kaggle-vllm-m3-two-rank-nccl-allreduce-v1,33554432,float16,2,0,20,8353.792190551758,8375.200271606445,8375.200271606445,20,100,2026-09-07T21:15:21.366720+00:00
kaggle-vllm-m3-allreduce-raw-v1,kaggle-vllm-m3-two-rank-nccl-allreduce-v1,33554432,float16,2,0,21,8355.584144592285,8368.127822875977,8368.127822875977,20,100,2026-09-07T21:15:21.366720+00:00
kaggle-vllm-m3-allreduce-raw-v1,kaggle-vllm-m3-two-rank-nccl-allreduce-v1,33554432,float16,2,0,22,8179.712295532227,8251.392364501953,8251.392364501953,20,100,2026-09-07T21:15:21.366720+00:00
kaggle-vllm-m3-allreduce-raw-v1,kaggle-vllm-m3-two-rank-nccl-allreduce-v1,33554432,float16,2,0,23,8249.343872070312,8303.232192993164,8303.232192993164,20,100,2026-09-07T21:15:21.366720+00:00
kaggle-vllm-m3-allreduce-raw-v1,kaggle-vllm-m3-two-rank-nccl-allreduce-v1,33554432,float16,2,0,24,8175.616264343262,8076.383590698242,8175.616264343262,20,100,2026-09-07T21:15:21.366720+00:00
kaggle-vllm-m3-allreduce-raw-v1,kaggle-vllm-m3-two-rank-nccl-allreduce-v1,33554432,float16,2,0,25,8413.18416595459,8403.360366821289,8413.18416595459,20,100,2026-09-07T21:15:21.366720+00:00
kaggle-vllm-m3-allreduce-raw-v1,kaggle-vllm-m3-two-rank-nccl-allreduce-v1,33554432,float16,2,0,26,8369.248390197754,8382.464408874512,8382.464408874512,20,100,2026-09-07T21:15:21.366720+00:00
kaggle-vllm-m3-allreduce-raw-v1,kaggle-vllm-m3-two-rank-nccl-allreduce-v1,33554432,float16,2,0,27,8366.496086120605,8370.176315307617,8370.176315307617,20,100,2026-09-07T21:15:21.366720+00:00
kaggle-vllm-m3-allreduce-raw-v1,kaggle-vllm-m3-two-rank-nccl-allreduce-v1,33554432,float16,2,0,28,8300.864219665527,8265.664100646973,8300.864219665527,20,100,2026-09-07T21:15:21.366720+00:00
kaggle-vllm-m3-allreduce-raw-v1,kaggle-vllm-m3-two-rank-nccl-allreduce-v1,33554432,float16,2,0,29,8372.096061706543,8382.464408874512,8382.464408874512,20,100,2026-09-07T21:15:21.366720+00:00
kaggle-vllm-m3-allreduce-raw-v1,kaggle-vllm-m3-two-rank-nccl-allreduce-v1,33554432,float16,2,0,30,8368.127822875977,8366.144180297852,8368.127822875977,20,100,2026-09-07T21:15:21.366720+00:00
kaggle-vllm-m3-allreduce-raw-v1,kaggle-vllm-m3-two-rank-nccl-allreduce-v1,33554432,float16,2,0,31,8375.776290893555,8377.056121826172,8377.056121826172,20,100,2026-09-07T21:15:21.366720+00:00
kaggle-vllm-m3-allreduce-raw-v1,kaggle-vllm-m3-two-rank-nccl-allreduce-v1,33554432,float16,2,0,32,8292.096138000488,8254.464149475098,8292.096138000488,20,100,2026-09-07T21:15:21.366720+00:00
kaggle-vllm-m3-allreduce-raw-v1,kaggle-vllm-m3-two-rank-nccl-allreduce-v1,33554432,float16,2,0,33,8384.448051452637,8370.176315307617,8384.448051452637,20,100,2026-09-07T21:15:21.366720+00:00
kaggle-vllm-m3-allreduce-raw-v1,kaggle-vllm-m3-two-rank-nccl-allreduce-v1,33554432,float16,2,0,34,8380.255699157715,8378.368377685547,8380.255699157715,20,100,2026-09-07T21:15:21.366720+00:00
kaggle-vllm-m3-allreduce-raw-v1,kaggle-vllm-m3-two-rank-nccl-allreduce-v1,33554432,float16,2,0,35,8388.832092285156,8392.704010009766,8392.704010009766,20,100,2026-09-07T21:15:21.366720+00:00
kaggle-vllm-m3-allreduce-raw-v1,kaggle-vllm-m3-two-rank-nccl-allreduce-v1,33554432,float16,2,0,36,8362.048149108887,8367.87223815918,8367.87223815918,20,100,2026-09-07T21:15:21.366720+00:00
kaggle-vllm-m3-allreduce-raw-v1,kaggle-vllm-m3-two-rank-nccl-allreduce-v1,33554432,float16,2,0,37,8382.816314697266,8374.272346496582,8382.816314697266,20,100,2026-09-07T21:15:21.366720+00:00
kaggle-vllm-m3-allreduce-raw-v1,kaggle-vllm-m3-two-rank-nccl-allreduce-v1,33554432,float16,2,0,38,8331.263542175293,8319.135665893555,8331.263542175293,20,100,2026-09-07T21:15:21.366720+00:00
kaggle-vllm-m3-allreduce-raw-v1,kaggle-vllm-m3-two-rank-nccl-allreduce-v1,33554432,float16,2,0,39,8383.744239807129,8374.079704284668,8383.744239807129,20,100,2026-09-07T21:15:21.366720+00:00
kaggle-vllm-m3-allreduce-raw-v1,kaggle-vllm-m3-two-rank-nccl-allreduce-v1,33554432,float16,2,0,40,8383.999824523926,8372.384071350098,8383.999824523926,20,100,2026-09-07T21:15:21.366720+00:00
kaggle-vllm-m3-allreduce-raw-v1,kaggle-vllm-m3-two-rank-nccl-allreduce-v1,33554432,float16,2,0,41,8316.927909851074,8291.296005249023,8316.927909851074,20,100,2026-09-07T21:15:21.366720+00:00
kaggle-vllm-m3-allreduce-raw-v1,kaggle-vllm-m3-two-rank-nccl-allreduce-v1,33554432,float16,2,0,42,8381.440162658691,8372.223854064941,8381.440162658691,20,100,2026-09-07T21:15:21.366720+00:00
kaggle-vllm-m3-allreduce-raw-v1,kaggle-vllm-m3-two-rank-nccl-allreduce-v1,33554432,float16,2,0,43,8407.77587890625,8416.543960571289,8416.543960571289,20,100,2026-09-07T21:15:21.366720+00:00
kaggle-vllm-m3-allreduce-raw-v1,kaggle-vllm-m3-two-rank-nccl-allreduce-v1,33554432,float16,2,0,44,8355.839729309082,8337.311744689941,8355.839729309082,20,100,2026-09-07T21:15:21.366720+00:00
kaggle-vllm-m3-allreduce-raw-v1,kaggle-vllm-m3-two-rank-nccl-allreduce-v1,33554432,float16,2,0,45,8379.648208618164,8368.608474731445,8379.648208618164,20,100,2026-09-07T21:15:21.366720+00:00
kaggle-vllm-m3-allreduce-raw-v1,kaggle-vllm-m3-two-rank-nccl-allreduce-v1,33554432,float16,2,0,46,8343.551635742188,8310.336112976074,8343.551635742188,20,100,2026-09-07T21:15:21.366720+00:00
kaggle-vllm-m3-allreduce-raw-v1,kaggle-vllm-m3-two-rank-nccl-allreduce-v1,33554432,float16,2,0,47,8361.503601074219,8342.592239379883,8361.503601074219,20,100,2026-09-07T21:15:21.366720+00:00
kaggle-vllm-m3-allreduce-raw-v1,kaggle-vllm-m3-two-rank-nccl-allreduce-v1,33554432,float16,2,0,48,8372.1923828125,8363.327980041504,8372.1923828125,20,100,2026-09-07T21:15:21.366720+00:00
kaggle-vllm-m3-allreduce-raw-v1,kaggle-vllm-m3-two-rank-nccl-allreduce-v1,33554432,float16,2,0,49,8353.759765625,8335.647583007812,8353.759765625,20,100,2026-09-07T21:15:21.366720+00:00
kaggle-vllm-m3-allreduce-raw-v1,kaggle-vllm-m3-two-rank-nccl-allreduce-v1,33554432,float16,2,0,50,8340.479850769043,8328.415870666504,8340.479850769043,20,100,2026-09-07T21:15:21.366720+00:00
kaggle-vllm-m3-allreduce-raw-v1,kaggle-vllm-m3-two-rank-nccl-allreduce-v1,33554432,float16,2,0,51,8390.015602111816,8378.080368041992,8390.015602111816,20,100,2026-09-07T21:15:21.366720+00:00
kaggle-vllm-m3-allreduce-raw-v1,kaggle-vllm-m3-two-rank-nccl-allreduce-v1,33554432,float16,2,0,52,8371.61636352539,8390.656471252441,8390.656471252441,20,100,2026-09-07T21:15:21.366720+00:00
kaggle-vllm-m3-allreduce-raw-v1,kaggle-vllm-m3-two-rank-nccl-allreduce-v1,33554432,float16,2,0,53,8238.944053649902,8173.503875732422,8238.944053649902,20,100,2026-09-07T21:15:21.366720+00:00
kaggle-vllm-m3-allreduce-raw-v1,kaggle-vllm-m3-two-rank-nccl-allreduce-v1,33554432,float16,2,0,54,8152.064323425293,8225.44002532959,8225.44002532959,20,100,2026-09-07T21:15:21.366720+00:00
kaggle-vllm-m3-allreduce-raw-v1,kaggle-vllm-m3-two-rank-nccl-allreduce-v1,33554432,float16,2,0,55,8200.19245147705,8245.247840881348,8245.247840881348,20,100,2026-09-07T21:15:21.366720+00:00
kaggle-vllm-m3-allreduce-raw-v1,kaggle-vllm-m3-two-rank-nccl-allreduce-v1,33554432,float16,2,0,56,8093.695640563965,8162.56046295166,8162.56046295166,20,100,2026-09-07T21:15:21.366720+00:00
kaggle-vllm-m3-allreduce-raw-v1,kaggle-vllm-m3-two-rank-nccl-allreduce-v1,33554432,float16,2,0,57,8155.455589294434,8232.000350952148,8232.000350952148,20,100,2026-09-07T21:15:21.366720+00:00
kaggle-vllm-m3-allreduce-raw-v1,kaggle-vllm-m3-two-rank-nccl-allreduce-v1,33554432,float16,2,0,58,8186.431884765625,8261.631965637207,8261.631965637207,20,100,2026-09-07T21:15:21.366720+00:00
kaggle-vllm-m3-allreduce-raw-v1,kaggle-vllm-m3-two-rank-nccl-allreduce-v1,33554432,float16,2,0,59,8235.648155212402,8153.087615966797,8235.648155212402,20,100,2026-09-07T21:15:21.366720+00:00
kaggle-vllm-m3-allreduce-raw-v1,kaggle-vllm-m3-two-rank-nccl-allreduce-v1,33554432,float16,2,0,60,8388.15975189209,8382.399559020996,8388.15975189209,20,100,2026-09-07T21:15:21.366720+00:00
kaggle-vllm-m3-allreduce-raw-v1,kaggle-vllm-m3-two-rank-nccl-allreduce-v1,33554432,float16,2,0,61,8357.888221740723,8355.839729309082,8357.888221740723,20,100,2026-09-07T21:15:21.366720+00:00
kaggle-vllm-m3-allreduce-raw-v1,kaggle-vllm-m3-two-rank-nccl-allreduce-v1,33554432,float16,2,0,62,8353.856086730957,8366.111755371094,8366.111755371094,20,100,2026-09-07T21:15:21.366720+00:00
kaggle-vllm-m3-allreduce-raw-v1,kaggle-vllm-m3-two-rank-nccl-allreduce-v1,33554432,float16,2,0,63,8370.112419128418,8385.4398727417,8385.4398727417,20,100,2026-09-07T21:15:21.366720+00:00
kaggle-vllm-m3-allreduce-raw-v1,kaggle-vllm-m3-two-rank-nccl-allreduce-v1,33554432,float16,2,0,64,8354.592323303223,8366.84799194336,8366.84799194336,20,100,2026-09-07T21:15:21.366720+00:00
kaggle-vllm-m3-allreduce-raw-v1,kaggle-vllm-m3-two-rank-nccl-allreduce-v1,33554432,float16,2,0,65,8337.120056152344,8366.527557373047,8366.527557373047,20,100,2026-09-07T21:15:21.366720+00:00
kaggle-vllm-m3-allreduce-raw-v1,kaggle-vllm-m3-two-rank-nccl-allreduce-v1,33554432,float16,2,0,66,8355.199813842773,8359.935760498047,8359.935760498047,20,100,2026-09-07T21:15:21.366720+00:00
kaggle-vllm-m3-allreduce-raw-v1,kaggle-vllm-m3-two-rank-nccl-allreduce-v1,33554432,float16,2,0,67,8351.615905761719,8331.808090209961,8351.615905761719,20,100,2026-09-07T21:15:21.366720+00:00
kaggle-vllm-m3-allreduce-raw-v1,kaggle-vllm-m3-two-rank-nccl-allreduce-v1,33554432,float16,2,0,68,8293.984413146973,8281.984329223633,8293.984413146973,20,100,2026-09-07T21:15:21.366720+00:00
kaggle-vllm-m3-allreduce-raw-v1,kaggle-vllm-m3-two-rank-nccl-allreduce-v1,33554432,float16,2,0,69,8366.687774658203,8354.463577270508,8366.687774658203,20,100,2026-09-07T21:15:21.366720+00:00
kaggle-vllm-m3-allreduce-raw-v1,kaggle-vllm-m3-two-rank-nccl-allreduce-v1,33554432,float16,2,0,70,8354.528427124023,8339.455604553223,8354.528427124023,20,100,2026-09-07T21:15:21.366720+00:00
kaggle-vllm-m3-allreduce-raw-v1,kaggle-vllm-m3-two-rank-nccl-allreduce-v1,33554432,float16,2,0,71,8341.535568237305,8317.407608032227,8341.535568237305,20,100,2026-09-07T21:15:21.366720+00:00
kaggle-vllm-m3-allreduce-raw-v1,kaggle-vllm-m3-two-rank-nccl-allreduce-v1,33554432,float16,2,0,72,8347.647666931152,8350.848197937012,8350.848197937012,20,100,2026-09-07T21:15:21.366720+00:00
kaggle-vllm-m3-allreduce-raw-v1,kaggle-vllm-m3-two-rank-nccl-allreduce-v1,33554432,float16,2,0,73,8349.21646118164,8360.383987426758,8360.383987426758,20,100,2026-09-07T21:15:21.366720+00:00
kaggle-vllm-m3-allreduce-raw-v1,kaggle-vllm-m3-two-rank-nccl-allreduce-v1,33554432,float16,2,0,74,8371.007919311523,8386.560440063477,8386.560440063477,20,100,2026-09-07T21:15:21.366720+00:00
kaggle-vllm-m3-allreduce-raw-v1,kaggle-vllm-m3-two-rank-nccl-allreduce-v1,33554432,float16,2,0,75,8361.568450927734,8359.77554321289,8361.568450927734,20,100,2026-09-07T21:15:21.366720+00:00
kaggle-vllm-m3-allreduce-raw-v1,kaggle-vllm-m3-two-rank-nccl-allreduce-v1,33554432,float16,2,0,76,8297.247886657715,8266.112327575684,8297.247886657715,20,100,2026-09-07T21:15:21.366720+00:00
kaggle-vllm-m3-allreduce-raw-v1,kaggle-vllm-m3-two-rank-nccl-allreduce-v1,33554432,float16,2,0,77,8388.671875,8388.575553894043,8388.671875,20,100,2026-09-07T21:15:21.366720+00:00
kaggle-vllm-m3-allreduce-raw-v1,kaggle-vllm-m3-two-rank-nccl-allreduce-v1,33554432,float16,2,0,78,8159.232139587402,8073.216438293457,8159.232139587402,20,100,2026-09-07T21:15:21.366720+00:00
kaggle-vllm-m3-allreduce-raw-v1,kaggle-vllm-m3-two-rank-nccl-allreduce-v1,33554432,float16,2,0,79,8347.647666931152,8325.440406799316,8347.647666931152,20,100,2026-09-07T21:15:21.366720+00:00
kaggle-vllm-m3-allreduce-raw-v1,kaggle-vllm-m3-two-rank-nccl-allreduce-v1,33554432,float16,2,0,80,8376.319885253906,8390.87963104248,8390.87963104248,20,100,2026-09-07T21:15:21.366720+00:00
kaggle-vllm-m3-allreduce-raw-v1,kaggle-vllm-m3-two-rank-nccl-allreduce-v1,33554432,float16,2,0,81,8347.968101501465,8334.495544433594,8347.968101501465,20,100,2026-09-07T21:15:21.366720+00:00
kaggle-vllm-m3-allreduce-raw-v1,kaggle-vllm-m3-two-rank-nccl-allreduce-v1,33554432,float16,2,0,82,8181.440353393555,8230.912208557129,8230.912208557129,20,100,2026-09-07T21:15:21.366720+00:00
kaggle-vllm-m3-allreduce-raw-v1,kaggle-vllm-m3-two-rank-nccl-allreduce-v1,33554432,float16,2,0,83,8351.519584655762,8373.855590820312,8373.855590820312,20,100,2026-09-07T21:15:21.366720+00:00
kaggle-vllm-m3-allreduce-raw-v1,kaggle-vllm-m3-two-rank-nccl-allreduce-v1,33554432,float16,2,0,84,8396.80004119873,8387.935638427734,8396.80004119873,20,100,2026-09-07T21:15:21.366720+00:00
kaggle-vllm-m3-allreduce-raw-v1,kaggle-vllm-m3-two-rank-nccl-allreduce-v1,33554432,float16,2,0,85,8341.82357788086,8369.664192199707,8369.664192199707,20,100,2026-09-07T21:15:21.366720+00:00
kaggle-vllm-m3-allreduce-raw-v1,kaggle-vllm-m3-two-rank-nccl-allreduce-v1,33554432,float16,2,0,86,8339.072227478027,8358.495712280273,8358.495712280273,20,100,2026-09-07T21:15:21.366720+00:00
kaggle-vllm-m3-allreduce-raw-v1,kaggle-vllm-m3-two-rank-nccl-allreduce-v1,33554432,float16,2,0,87,8361.663818359375,8372.35164642334,8372.35164642334,20,100,2026-09-07T21:15:21.366720+00:00
kaggle-vllm-m3-allreduce-raw-v1,kaggle-vllm-m3-two-rank-nccl-allreduce-v1,33554432,float16,2,0,88,8275.967597961426,8233.087539672852,8275.967597961426,20,100,2026-09-07T21:15:21.366720+00:00
kaggle-vllm-m3-allreduce-raw-v1,kaggle-vllm-m3-two-rank-nccl-allreduce-v1,33554432,float16,2,0,89,8266.528129577637,8372.384071350098,8372.384071350098,20,100,2026-09-07T21:15:21.366720+00:00
kaggle-vllm-m3-allreduce-raw-v1,kaggle-vllm-m3-two-rank-nccl-allreduce-v1,33554432,float16,2,0,90,8075.839996337891,8147.040367126465,8147.040367126465,20,100,2026-09-07T21:15:21.366720+00:00
kaggle-vllm-m3-allreduce-raw-v1,kaggle-vllm-m3-two-rank-nccl-allreduce-v1,33554432,float16,2,0,91,8372.2562789917,8386.240005493164,8386.240005493164,20,100,2026-09-07T21:15:21.366720+00:00
kaggle-vllm-m3-allreduce-raw-v1,kaggle-vllm-m3-two-rank-nccl-allreduce-v1,33554432,float16,2,0,92,8217.82398223877,8269.21558380127,8269.21558380127,20,100,2026-09-07T21:15:21.366720+00:00
kaggle-vllm-m3-allreduce-raw-v1,kaggle-vllm-m3-two-rank-nccl-allreduce-v1,33554432,float16,2,0,93,8138.751983642578,8207.967758178711,8207.967758178711,20,100,2026-09-07T21:15:21.366720+00:00
kaggle-vllm-m3-allreduce-raw-v1,kaggle-vllm-m3-two-rank-nccl-allreduce-v1,33554432,float16,2,0,94,8269.248008728027,8204.447746276855,8269.248008728027,20,100,2026-09-07T21:15:21.366720+00:00
kaggle-vllm-m3-allreduce-raw-v1,kaggle-vllm-m3-two-rank-nccl-allreduce-v1,33554432,float16,2,0,95,8400.575637817383,8399.295806884766,8400.575637817383,20,100,2026-09-07T21:15:21.366720+00:00
kaggle-vllm-m3-allreduce-raw-v1,kaggle-vllm-m3-two-rank-nccl-allreduce-v1,33554432,float16,2,0,96,8382.240295410156,8382.464408874512,8382.464408874512,20,100,2026-09-07T21:15:21.366720+00:00
kaggle-vllm-m3-allreduce-raw-v1,kaggle-vllm-m3-two-rank-nccl-allreduce-v1,33554432,float16,2,0,97,8332.96012878418,8317.407608032227,8332.96012878418,20,100,2026-09-07T21:15:21.366720+00:00
kaggle-vllm-m3-allreduce-raw-v1,kaggle-vllm-m3-two-rank-nccl-allreduce-v1,33554432,float16,2,0,98,8346.240043640137,8354.368209838867,8354.368209838867,20,100,2026-09-07T21:15:21.366720+00:00
kaggle-vllm-m3-allreduce-raw-v1,kaggle-vllm-m3-two-rank-nccl-allreduce-v1,33554432,float16,2,0,99,8361.984252929688,8361.311912536621,8361.984252929688,20,100,2026-09-07T21:15:21.366720+00:00
kaggle-vllm-m3-allreduce-raw-v1,kaggle-vllm-m3-two-rank-nccl-allreduce-v1,67108864,float16,2,0,0,16715.71159362793,16709.632873535156,16715.71159362793,20,100,2026-09-07T21:15:23.442571+00:00
kaggle-vllm-m3-allreduce-raw-v1,kaggle-vllm-m3-two-rank-nccl-allreduce-v1,67108864,float16,2,0,1,16682.94334411621,16668.672561645508,16682.94334411621,20,100,2026-09-07T21:15:23.442571+00:00
kaggle-vllm-m3-allreduce-raw-v1,kaggle-vllm-m3-two-rank-nccl-allreduce-v1,67108864,float16,2,0,2,16622.14469909668,16590.62385559082,16622.14469909668,20,100,2026-09-07T21:15:23.442571+00:00
kaggle-vllm-m3-allreduce-raw-v1,kaggle-vllm-m3-two-rank-nccl-allreduce-v1,67108864,float16,2,0,3,16648.128509521484,16674.911499023438,16674.911499023438,20,100,2026-09-07T21:15:23.442571+00:00
kaggle-vllm-m3-allreduce-raw-v1,kaggle-vllm-m3-two-rank-nccl-allreduce-v1,67108864,float16,2,0,4,16722.368240356445,16728.160858154297,16728.160858154297,20,100,2026-09-07T21:15:23.442571+00:00
kaggle-vllm-m3-allreduce-raw-v1,kaggle-vllm-m3-two-rank-nccl-allreduce-v1,67108864,float16,2,0,5,16641.82472229004,16621.2158203125,16641.82472229004,20,100,2026-09-07T21:15:23.442571+00:00
kaggle-vllm-m3-allreduce-raw-v1,kaggle-vllm-m3-two-rank-nccl-allreduce-v1,67108864,float16,2,0,6,16632.064819335938,16652.28843688965,16652.28843688965,20,100,2026-09-07T21:15:23.442571+00:00
kaggle-vllm-m3-allreduce-raw-v1,kaggle-vllm-m3-two-rank-nccl-allreduce-v1,67108864,float16,2,0,7,16753.599166870117,16761.024475097656,16761.024475097656,20,100,2026-09-07T21:15:23.442571+00:00
kaggle-vllm-m3-allreduce-raw-v1,kaggle-vllm-m3-two-rank-nccl-allreduce-v1,67108864,float16,2,0,8,16707.584381103516,16695.775985717773,16707.584381103516,20,100,2026-09-07T21:15:23.442571+00:00
kaggle-vllm-m3-allreduce-raw-v1,kaggle-vllm-m3-two-rank-nccl-allreduce-v1,67108864,float16,2,0,9,16623.743057250977,16595.07179260254,16623.743057250977,20,100,2026-09-07T21:15:23.442571+00:00
kaggle-vllm-m3-allreduce-raw-v1,kaggle-vllm-m3-two-rank-nccl-allreduce-v1,67108864,float16,2,0,10,16723.968505859375,16743.135452270508,16743.135452270508,20,100,2026-09-07T21:15:23.442571+00:00
kaggle-vllm-m3-allreduce-raw-v1,kaggle-vllm-m3-two-rank-nccl-allreduce-v1,67108864,float16,2,0,11,16342.94319152832,16424.480438232422,16424.480438232422,20,100,2026-09-07T21:15:23.442571+00:00
kaggle-vllm-m3-allreduce-raw-v1,kaggle-vllm-m3-two-rank-nccl-allreduce-v1,67108864,float16,2,0,12,16674.240112304688,16773.279190063477,16773.279190063477,20,100,2026-09-07T21:15:23.442571+00:00
kaggle-vllm-m3-allreduce-raw-v1,kaggle-vllm-m3-two-rank-nccl-allreduce-v1,67108864,float16,2,0,13,16732.99217224121,16726.848602294922,16732.99217224121,20,100,2026-09-07T21:15:23.442571+00:00
kaggle-vllm-m3-allreduce-raw-v1,kaggle-vllm-m3-two-rank-nccl-allreduce-v1,67108864,float16,2,0,14,16696.992874145508,16683.008193969727,16696.992874145508,20,100,2026-09-07T21:15:23.442571+00:00
kaggle-vllm-m3-allreduce-raw-v1,kaggle-vllm-m3-two-rank-nccl-allreduce-v1,67108864,float16,2,0,15,16670.81642150879,16690.048217773438,16690.048217773438,20,100,2026-09-07T21:15:23.442571+00:00
kaggle-vllm-m3-allreduce-raw-v1,kaggle-vllm-m3-two-rank-nccl-allreduce-v1,67108864,float16,2,0,16,16728.44886779785,16720.895767211914,16728.44886779785,20,100,2026-09-07T21:15:23.442571+00:00
kaggle-vllm-m3-allreduce-raw-v1,kaggle-vllm-m3-two-rank-nccl-allreduce-v1,67108864,float16,2,0,17,16570.783615112305,16504.831314086914,16570.783615112305,20,100,2026-09-07T21:15:23.442571+00:00
kaggle-vllm-m3-allreduce-raw-v1,kaggle-vllm-m3-two-rank-nccl-allreduce-v1,67108864,float16,2,0,18,16633.760452270508,16605.18455505371,16633.760452270508,20,100,2026-09-07T21:15:23.442571+00:00
kaggle-vllm-m3-allreduce-raw-v1,kaggle-vllm-m3-two-rank-nccl-allreduce-v1,67108864,float16,2,0,19,16620.41664123535,16609.27963256836,16620.41664123535,20,100,2026-09-07T21:15:23.442571+00:00
kaggle-vllm-m3-allreduce-raw-v1,kaggle-vllm-m3-two-rank-nccl-allreduce-v1,67108864,float16,2,0,20,16736.064910888672,16732.704162597656,16736.064910888672,20,100,2026-09-07T21:15:23.442571+00:00
kaggle-vllm-m3-allreduce-raw-v1,kaggle-vllm-m3-two-rank-nccl-allreduce-v1,67108864,float16,2,0,21,16610.912322998047,16637.95280456543,16637.95280456543,20,100,2026-09-07T21:15:23.442571+00:00
kaggle-vllm-m3-allreduce-raw-v1,kaggle-vllm-m3-two-rank-nccl-allreduce-v1,67108864,float16,2,0,22,16681.15234375,16697.952270507812,16697.952270507812,20,100,2026-09-07T21:15:23.442571+00:00
kaggle-vllm-m3-allreduce-raw-v1,kaggle-vllm-m3-two-rank-nccl-allreduce-v1,67108864,float16,2,0,23,16670.015335083008,16683.008193969727,16683.008193969727,20,100,2026-09-07T21:15:23.442571+00:00
kaggle-vllm-m3-allreduce-raw-v1,kaggle-vllm-m3-two-rank-nccl-allreduce-v1,67108864,float16,2,0,24,16704.12826538086,16719.072341918945,16719.072341918945,20,100,2026-09-07T21:15:23.442571+00:00
kaggle-vllm-m3-allreduce-raw-v1,kaggle-vllm-m3-two-rank-nccl-allreduce-v1,67108864,float16,2,0,25,16722.75161743164,16664.640426635742,16722.75161743164,20,100,2026-09-07T21:15:23.442571+00:00
kaggle-vllm-m3-allreduce-raw-v1,kaggle-vllm-m3-two-rank-nccl-allreduce-v1,67108864,float16,2,0,26,16747.87139892578,16752.67219543457,16752.67219543457,20,100,2026-09-07T21:15:23.442571+00:00
kaggle-vllm-m3-allreduce-raw-v1,kaggle-vllm-m3-two-rank-nccl-allreduce-v1,67108864,float16,2,0,27,16701.919555664062,16686.912536621094,16701.919555664062,20,100,2026-09-07T21:15:23.442571+00:00
kaggle-vllm-m3-allreduce-raw-v1,kaggle-vllm-m3-two-rank-nccl-allreduce-v1,67108864,float16,2,0,28,16477.792739868164,16545.312881469727,16545.312881469727,20,100,2026-09-07T21:15:23.442571+00:00
kaggle-vllm-m3-allreduce-raw-v1,kaggle-vllm-m3-two-rank-nccl-allreduce-v1,67108864,float16,2,0,29,16534.81674194336,16610.431671142578,16610.431671142578,20,100,2026-09-07T21:15:23.442571+00:00
kaggle-vllm-m3-allreduce-raw-v1,kaggle-vllm-m3-two-rank-nccl-allreduce-v1,67108864,float16,2,0,30,16527.16827392578,16582.656860351562,16582.656860351562,20,100,2026-09-07T21:15:23.442571+00:00
kaggle-vllm-m3-allreduce-raw-v1,kaggle-vllm-m3-two-rank-nccl-allreduce-v1,67108864,float16,2,0,31,16553.983688354492,16484.384536743164,16553.983688354492,20,100,2026-09-07T21:15:23.442571+00:00
kaggle-vllm-m3-allreduce-raw-v1,kaggle-vllm-m3-two-rank-nccl-allreduce-v1,67108864,float16,2,0,32,16607.23114013672,16628.192901611328,16628.192901611328,20,100,2026-09-07T21:15:23.442571+00:00
kaggle-vllm-m3-allreduce-raw-v1,kaggle-vllm-m3-two-rank-nccl-allreduce-v1,67108864,float16,2,0,33,16666.847229003906,16667.13523864746,16667.13523864746,20,100,2026-09-07T21:15:23.442571+00:00
kaggle-vllm-m3-allreduce-raw-v1,kaggle-vllm-m3-two-rank-nccl-allreduce-v1,67108864,float16,2,0,34,16694.976806640625,16706.27212524414,16706.27212524414,20,100,2026-09-07T21:15:23.442571+00:00
kaggle-vllm-m3-allreduce-raw-v1,kaggle-vllm-m3-two-rank-nccl-allreduce-v1,67108864,float16,2,0,35,16568.288803100586,16529.5352935791,16568.288803100586,20,100,2026-09-07T21:15:23.442571+00:00
kaggle-vllm-m3-allreduce-raw-v1,kaggle-vllm-m3-two-rank-nccl-allreduce-v1,67108864,float16,2,0,36,16611.328125,16653.696060180664,16653.696060180664,20,100,2026-09-07T21:15:23.442571+00:00
kaggle-vllm-m3-allreduce-raw-v1,kaggle-vllm-m3-two-rank-nccl-allreduce-v1,67108864,float16,2,0,37,16662.5919342041,16687.64877319336,16687.64877319336,20,100,2026-09-07T21:15:23.442571+00:00
kaggle-vllm-m3-allreduce-raw-v1,kaggle-vllm-m3-two-rank-nccl-allreduce-v1,67108864,float16,2,0,38,16615.264892578125,16627.26402282715,16627.26402282715,20,100,2026-09-07T21:15:23.442571+00:00
kaggle-vllm-m3-allreduce-raw-v1,kaggle-vllm-m3-two-rank-nccl-allreduce-v1,67108864,float16,2,0,39,16670.272827148438,16651.519775390625,16670.272827148438,20,100,2026-09-07T21:15:23.442571+00:00
kaggle-vllm-m3-allreduce-raw-v1,kaggle-vllm-m3-two-rank-nccl-allreduce-v1,67108864,float16,2,0,40,16654.33692932129,16676.063537597656,16676.063537597656,20,100,2026-09-07T21:15:23.442571+00:00
kaggle-vllm-m3-allreduce-raw-v1,kaggle-vllm-m3-two-rank-nccl-allreduce-v1,67108864,float16,2,0,41,16652.28843688965,16629.7607421875,16652.28843688965,20,100,2026-09-07T21:15:23.442571+00:00
kaggle-vllm-m3-allreduce-raw-v1,kaggle-vllm-m3-two-rank-nccl-allreduce-v1,67108864,float16,2,0,42,16678.688049316406,16659.423828125,16678.688049316406,20,100,2026-09-07T21:15:23.442571+00:00
kaggle-vllm-m3-allreduce-raw-v1,kaggle-vllm-m3-two-rank-nccl-allreduce-v1,67108864,float16,2,0,43,16750.751495361328,16744.447708129883,16750.751495361328,20,100,2026-09-07T21:15:23.442571+00:00
kaggle-vllm-m3-allreduce-raw-v1,kaggle-vllm-m3-two-rank-nccl-allreduce-v1,67108864,float16,2,0,44,16693.471908569336,16714.336395263672,16714.336395263672,20,100,2026-09-07T21:15:23.442571+00:00
kaggle-vllm-m3-allreduce-raw-v1,kaggle-vllm-m3-two-rank-nccl-allreduce-v1,67108864,float16,2,0,45,16749.343872070312,16731.199264526367,16749.343872070312,20,100,2026-09-07T21:15:23.442571+00:00
kaggle-vllm-m3-allreduce-raw-v1,kaggle-vllm-m3-two-rank-nccl-allreduce-v1,67108864,float16,2,0,46,16420.86410522461,16488.576889038086,16488.576889038086,20,100,2026-09-07T21:15:23.442571+00:00
kaggle-vllm-m3-allreduce-raw-v1,kaggle-vllm-m3-two-rank-nccl-allreduce-v1,67108864,float16,2,0,47,16701.791763305664,16720.51239013672,16720.51239013672,20,100,2026-09-07T21:15:23.442571+00:00
kaggle-vllm-m3-allreduce-raw-v1,kaggle-vllm-m3-two-rank-nccl-allreduce-v1,67108864,float16,2,0,48,16587.839126586914,16650.272369384766,16650.272369384766,20,100,2026-09-07T21:15:23.442571+00:00
kaggle-vllm-m3-allreduce-raw-v1,kaggle-vllm-m3-two-rank-nccl-allreduce-v1,67108864,float16,2,0,49,16600.351333618164,16669.3115234375,16669.3115234375,20,100,2026-09-07T21:15:23.442571+00:00
kaggle-vllm-m3-allreduce-raw-v1,kaggle-vllm-m3-two-rank-nccl-allreduce-v1,67108864,float16,2,0,50,16680.03273010254,16687.040328979492,16687.040328979492,20,100,2026-09-07T21:15:23.442571+00:00
kaggle-vllm-m3-allreduce-raw-v1,kaggle-vllm-m3-two-rank-nccl-allreduce-v1,67108864,float16,2,0,51,16736.51123046875,16752.639770507812,16752.639770507812,20,100,2026-09-07T21:15:23.442571+00:00
kaggle-vllm-m3-allreduce-raw-v1,kaggle-vllm-m3-two-rank-nccl-allreduce-v1,67108864,float16,2,0,52,16700.992584228516,16719.871520996094,16719.871520996094,20,100,2026-09-07T21:15:23.442571+00:00
kaggle-vllm-m3-allreduce-raw-v1,kaggle-vllm-m3-two-rank-nccl-allreduce-v1,67108864,float16,2,0,53,16683.07113647461,16698.272705078125,16698.272705078125,20,100,2026-09-07T21:15:23.442571+00:00
kaggle-vllm-m3-allreduce-raw-v1,kaggle-vllm-m3-two-rank-nccl-allreduce-v1,67108864,float16,2,0,54,16609.27963256836,16557.76023864746,16609.27963256836,20,100,2026-09-07T21:15:23.442571+00:00
kaggle-vllm-m3-allreduce-raw-v1,kaggle-vllm-m3-two-rank-nccl-allreduce-v1,67108864,float16,2,0,55,16541.696548461914,16530.68733215332,16541.696548461914,20,100,2026-09-07T21:15:23.442571+00:00
kaggle-vllm-m3-allreduce-raw-v1,kaggle-vllm-m3-two-rank-nccl-allreduce-v1,67108864,float16,2,0,56,16663.07258605957,16691.200256347656,16691.200256347656,20,100,2026-09-07T21:15:23.442571+00:00
kaggle-vllm-m3-allreduce-raw-v1,kaggle-vllm-m3-two-rank-nccl-allreduce-v1,67108864,float16,2,0,57,16648.191452026367,16660.09521484375,16660.09521484375,20,100,2026-09-07T21:15:23.442571+00:00
kaggle-vllm-m3-allreduce-raw-v1,kaggle-vllm-m3-two-rank-nccl-allreduce-v1,67108864,float16,2,0,58,16667.072296142578,16673.471450805664,16673.471450805664,20,100,2026-09-07T21:15:23.442571+00:00
kaggle-vllm-m3-allreduce-raw-v1,kaggle-vllm-m3-two-rank-nccl-allreduce-v1,67108864,float16,2,0,59,16562.719345092773,16622.175216674805,16622.175216674805,20,100,2026-09-07T21:15:23.442571+00:00
kaggle-vllm-m3-allreduce-raw-v1,kaggle-vllm-m3-two-rank-nccl-allreduce-v1,67108864,float16,2,0,60,16721.920013427734,16744.319915771484,16744.319915771484,20,100,2026-09-07T21:15:23.442571+00:00
kaggle-vllm-m3-allreduce-raw-v1,kaggle-vllm-m3-two-rank-nccl-allreduce-v1,67108864,float16,2,0,61,16518.367767333984,16449.05662536621,16518.367767333984,20,100,2026-09-07T21:15:23.442571+00:00
kaggle-vllm-m3-allreduce-raw-v1,kaggle-vllm-m3-two-rank-nccl-allreduce-v1,67108864,float16,2,0,62,16379.903793334961,16300.224304199219,16379.903793334961,20,100,2026-09-07T21:15:23.442571+00:00
kaggle-vllm-m3-allreduce-raw-v1,kaggle-vllm-m3-two-rank-nccl-allreduce-v1,67108864,float16,2,0,63,16670.848846435547,16654.687881469727,16670.848846435547,20,100,2026-09-07T21:15:23.442571+00:00
kaggle-vllm-m3-allreduce-raw-v1,kaggle-vllm-m3-two-rank-nccl-allreduce-v1,67108864,float16,2,0,64,16600.99220275879,16554.14390563965,16600.99220275879,20,100,2026-09-07T21:15:23.442571+00:00
kaggle-vllm-m3-allreduce-raw-v1,kaggle-vllm-m3-two-rank-nccl-allreduce-v1,67108864,float16,2,0,65,16467.519760131836,16372.640609741211,16467.519760131836,20,100,2026-09-07T21:15:23.442571+00:00
kaggle-vllm-m3-allreduce-raw-v1,kaggle-vllm-m3-two-rank-nccl-allreduce-v1,67108864,float16,2,0,66,16764.928817749023,16778.59115600586,16778.59115600586,20,100,2026-09-07T21:15:23.442571+00:00
kaggle-vllm-m3-allreduce-raw-v1,kaggle-vllm-m3-two-rank-nccl-allreduce-v1,67108864,float16,2,0,67,16655.231475830078,16568.31932067871,16655.231475830078,20,100,2026-09-07T21:15:23.442571+00:00
kaggle-vllm-m3-allreduce-raw-v1,kaggle-vllm-m3-two-rank-nccl-allreduce-v1,67108864,float16,2,0,68,16664.89601135254,16679.967880249023,16679.967880249023,20,100,2026-09-07T21:15:23.442571+00:00
kaggle-vllm-m3-allreduce-raw-v1,kaggle-vllm-m3-two-rank-nccl-allreduce-v1,67108864,float16,2,0,69,16656.192779541016,16680.959701538086,16680.959701538086,20,100,2026-09-07T21:15:23.442571+00:00
kaggle-vllm-m3-allreduce-raw-v1,kaggle-vllm-m3-two-rank-nccl-allreduce-v1,67108864,float16,2,0,70,16707.744598388672,16684.288024902344,16707.744598388672,20,100,2026-09-07T21:15:23.442571+00:00
kaggle-vllm-m3-allreduce-raw-v1,kaggle-vllm-m3-two-rank-nccl-allreduce-v1,67108864,float16,2,0,71,16668.54476928711,16700.7999420166,16700.7999420166,20,100,2026-09-07T21:15:23.442571+00:00
kaggle-vllm-m3-allreduce-raw-v1,kaggle-vllm-m3-two-rank-nccl-allreduce-v1,67108864,float16,2,0,72,16687.679290771484,16681.24771118164,16687.679290771484,20,100,2026-09-07T21:15:23.442571+00:00
kaggle-vllm-m3-allreduce-raw-v1,kaggle-vllm-m3-two-rank-nccl-allreduce-v1,67108864,float16,2,0,73,16554.271697998047,16477.344512939453,16554.271697998047,20,100,2026-09-07T21:15:23.442571+00:00
kaggle-vllm-m3-allreduce-raw-v1,kaggle-vllm-m3-two-rank-nccl-allreduce-v1,67108864,float16,2,0,74,16638.399124145508,16648.191452026367,16648.191452026367,20,100,2026-09-07T21:15:23.442571+00:00
kaggle-vllm-m3-allreduce-raw-v1,kaggle-vllm-m3-two-rank-nccl-allreduce-v1,67108864,float16,2,0,75,16695.58334350586,16723.968505859375,16723.968505859375,20,100,2026-09-07T21:15:23.442571+00:00
kaggle-vllm-m3-allreduce-raw-v1,kaggle-vllm-m3-two-rank-nccl-allreduce-v1,67108864,float16,2,0,76,16688.447952270508,16687.583923339844,16688.447952270508,20,100,2026-09-07T21:15:23.442571+00:00
kaggle-vllm-m3-allreduce-raw-v1,kaggle-vllm-m3-two-rank-nccl-allreduce-v1,67108864,float16,2,0,77,16686.59210205078,16672.86491394043,16686.59210205078,20,100,2026-09-07T21:15:23.442571+00:00
kaggle-vllm-m3-allreduce-raw-v1,kaggle-vllm-m3-two-rank-nccl-allreduce-v1,67108864,float16,2,0,78,16754.688262939453,16752.4471282959,16754.688262939453,20,100,2026-09-07T21:15:23.442571+00:00
kaggle-vllm-m3-allreduce-raw-v1,kaggle-vllm-m3-two-rank-nccl-allreduce-v1,67108864,float16,2,0,79,16769.088745117188,16772.768020629883,16772.768020629883,20,100,2026-09-07T21:15:23.442571+00:00
kaggle-vllm-m3-allreduce-raw-v1,kaggle-vllm-m3-two-rank-nccl-allreduce-v1,67108864,float16,2,0,80,16701.440811157227,16700.031280517578,16701.440811157227,20,100,2026-09-07T21:15:23.442571+00:00
kaggle-vllm-m3-allreduce-raw-v1,kaggle-vllm-m3-two-rank-nccl-allreduce-v1,67108864,float16,2,0,81,16736.255645751953,16744.96078491211,16744.96078491211,20,100,2026-09-07T21:15:23.442571+00:00
kaggle-vllm-m3-allreduce-raw-v1,kaggle-vllm-m3-two-rank-nccl-allreduce-v1,67108864,float16,2,0,82,16766.97540283203,16803.84063720703,16803.84063720703,20,100,2026-09-07T21:15:23.442571+00:00
kaggle-vllm-m3-allreduce-raw-v1,kaggle-vllm-m3-two-rank-nccl-allreduce-v1,67108864,float16,2,0,83,16741.952896118164,16715.648651123047,16741.952896118164,20,100,2026-09-07T21:15:23.442571+00:00
kaggle-vllm-m3-allreduce-raw-v1,kaggle-vllm-m3-two-rank-nccl-allreduce-v1,67108864,float16,2,0,84,16607.23114013672,16545.759201049805,16607.23114013672,20,100,2026-09-07T21:15:23.442571+00:00
kaggle-vllm-m3-allreduce-raw-v1,kaggle-vllm-m3-two-rank-nccl-allreduce-v1,67108864,float16,2,0,85,16675.071716308594,16701.440811157227,16701.440811157227,20,100,2026-09-07T21:15:23.442571+00:00
kaggle-vllm-m3-allreduce-raw-v1,kaggle-vllm-m3-two-rank-nccl-allreduce-v1,67108864,float16,2,0,86,16522.88055419922,16609.216690063477,16609.216690063477,20,100,2026-09-07T21:15:23.442571+00:00
kaggle-vllm-m3-allreduce-raw-v1,kaggle-vllm-m3-two-rank-nccl-allreduce-v1,67108864,float16,2,0,87,16668.960571289062,16689.664840698242,16689.664840698242,20,100,2026-09-07T21:15:23.442571+00:00
kaggle-vllm-m3-allreduce-raw-v1,kaggle-vllm-m3-two-rank-nccl-allreduce-v1,67108864,float16,2,0,88,16242.687225341797,16424.896240234375,16424.896240234375,20,100,2026-09-07T21:15:23.442571+00:00
kaggle-vllm-m3-allreduce-raw-v1,kaggle-vllm-m3-two-rank-nccl-allreduce-v1,67108864,float16,2,0,89,16629.728317260742,16651.071548461914,16651.071548461914,20,100,2026-09-07T21:15:23.442571+00:00
kaggle-vllm-m3-allreduce-raw-v1,kaggle-vllm-m3-two-rank-nccl-allreduce-v1,67108864,float16,2,0,90,16682.97576904297,16656.320571899414,16682.97576904297,20,100,2026-09-07T21:15:23.442571+00:00
kaggle-vllm-m3-allreduce-raw-v1,kaggle-vllm-m3-two-rank-nccl-allreduce-v1,67108864,float16,2,0,91,16527.360916137695,16623.584747314453,16623.584747314453,20,100,2026-09-07T21:15:23.442571+00:00
kaggle-vllm-m3-allreduce-raw-v1,kaggle-vllm-m3-two-rank-nccl-allreduce-v1,67108864,float16,2,0,92,16696.224212646484,16717.695236206055,16717.695236206055,20,100,2026-09-07T21:15:23.442571+00:00
kaggle-vllm-m3-allreduce-raw-v1,kaggle-vllm-m3-two-rank-nccl-allreduce-v1,67108864,float16,2,0,93,16715.904235839844,16713.151931762695,16715.904235839844,20,100,2026-09-07T21:15:23.442571+00:00
kaggle-vllm-m3-allreduce-raw-v1,kaggle-vllm-m3-two-rank-nccl-allreduce-v1,67108864,float16,2,0,94,16663.29574584961,16674.816131591797,16674.816131591797,20,100,2026-09-07T21:15:23.442571+00:00
kaggle-vllm-m3-allreduce-raw-v1,kaggle-vllm-m3-two-rank-nccl-allreduce-v1,67108864,float16,2,0,95,16541.248321533203,16455.392837524414,16541.248321533203,20,100,2026-09-07T21:15:23.442571+00:00
kaggle-vllm-m3-allreduce-raw-v1,kaggle-vllm-m3-two-rank-nccl-allreduce-v1,67108864,float16,2,0,96,16693.151473999023,16699.392318725586,16699.392318725586,20,100,2026-09-07T21:15:23.442571+00:00
kaggle-vllm-m3-allreduce-raw-v1,kaggle-vllm-m3-two-rank-nccl-allreduce-v1,67108864,float16,2,0,97,16683.008193969727,16654.815673828125,16683.008193969727,20,100,2026-09-07T21:15:23.442571+00:00
kaggle-vllm-m3-allreduce-raw-v1,kaggle-vllm-m3-two-rank-nccl-allreduce-v1,67108864,float16,2,0,98,16701.663970947266,16689.119338989258,16701.663970947266,20,100,2026-09-07T21:15:23.442571+00:00
kaggle-vllm-m3-allreduce-raw-v1,kaggle-vllm-m3-two-rank-nccl-allreduce-v1,67108864,float16,2,0,99,16717.504501342773,16709.69581604004,16717.504501342773,20,100,2026-09-07T21:15:23.442571+00:00
kaggle-vllm-m3-allreduce-raw-v1,kaggle-vllm-m3-two-rank-nccl-allreduce-v1,1024,float16,2,1,0,190.43199717998505,197.40800559520721,197.40800559520721,20,100,2026-09-07T21:15:29.993060+00:00
kaggle-vllm-m3-allreduce-raw-v1,kaggle-vllm-m3-two-rank-nccl-allreduce-v1,1024,float16,2,1,1,179.03999984264374,176.12800002098083,179.03999984264374,20,100,2026-09-07T21:15:29.993060+00:00
kaggle-vllm-m3-allreduce-raw-v1,kaggle-vllm-m3-two-rank-nccl-allreduce-v1,1024,float16,2,1,2,155.90399503707886,157.05600380897522,157.05600380897522,20,100,2026-09-07T21:15:29.993060+00:00
kaggle-vllm-m3-allreduce-raw-v1,kaggle-vllm-m3-two-rank-nccl-allreduce-v1,1024,float16,2,1,3,146.464005112648,137.2160017490387,146.464005112648,20,100,2026-09-07T21:15:29.993060+00:00
kaggle-vllm-m3-allreduce-raw-v1,kaggle-vllm-m3-two-rank-nccl-allreduce-v1,1024,float16,2,1,4,163.96799683570862,164.32000696659088,164.32000696659088,20,100,2026-09-07T21:15:29.993060+00:00
kaggle-vllm-m3-allreduce-raw-v1,kaggle-vllm-m3-two-rank-nccl-allreduce-v1,1024,float16,2,1,5,195.16800343990326,188.57599794864655,195.16800343990326,20,100,2026-09-07T21:15:29.993060+00:00
kaggle-vllm-m3-allreduce-raw-v1,kaggle-vllm-m3-two-rank-nccl-allreduce-v1,1024,float16,2,1,6,169.69600319862366,169.98399794101715,169.98399794101715,20,100,2026-09-07T21:15:29.993060+00:00
kaggle-vllm-m3-allreduce-raw-v1,kaggle-vllm-m3-two-rank-nccl-allreduce-v1,1024,float16,2,1,7,156.67200088500977,148.12800288200378,156.67200088500977,20,100,2026-09-07T21:15:29.993060+00:00
kaggle-vllm-m3-allreduce-raw-v1,kaggle-vllm-m3-two-rank-nccl-allreduce-v1,1024,float16,2,1,8,146.14400267601013,147.48799800872803,147.48799800872803,20,100,2026-09-07T21:15:29.993060+00:00
kaggle-vllm-m3-allreduce-raw-v1,kaggle-vllm-m3-two-rank-nccl-allreduce-v1,1024,float16,2,1,9,149.53599870204926,150.30400454998016,150.30400454998016,20,100,2026-09-07T21:15:29.993060+00:00
kaggle-vllm-m3-allreduce-raw-v1,kaggle-vllm-m3-two-rank-nccl-allreduce-v1,1024,float16,2,1,10,141.7279988527298,142.94399321079254,142.94399321079254,20,100,2026-09-07T21:15:29.993060+00:00
kaggle-vllm-m3-allreduce-raw-v1,kaggle-vllm-m3-two-rank-nccl-allreduce-v1,1024,float16,2,1,11,145.4080045223236,145.9839940071106,145.9839940071106,20,100,2026-09-07T21:15:29.993060+00:00
kaggle-vllm-m3-allreduce-raw-v1,kaggle-vllm-m3-two-rank-nccl-allreduce-v1,1024,float16,2,1,12,143.99999380111694,144.83200013637543,144.83200013637543,20,100,2026-09-07T21:15:29.993060+00:00
kaggle-vllm-m3-allreduce-raw-v1,kaggle-vllm-m3-two-rank-nccl-allreduce-v1,1024,float16,2,1,13,140.51200449466705,152.8320014476776,152.8320014476776,20,100,2026-09-07T21:15:29.993060+00:00
kaggle-vllm-m3-allreduce-raw-v1,kaggle-vllm-m3-two-rank-nccl-allreduce-v1,1024,float16,2,1,14,168.2880073785782,168.99199783802032,168.99199783802032,20,100,2026-09-07T21:15:29.993060+00:00
kaggle-vllm-m3-allreduce-raw-v1,kaggle-vllm-m3-two-rank-nccl-allreduce-v1,1024,float16,2,1,15,186.3359957933426,174.0799993276596,186.3359957933426,20,100,2026-09-07T21:15:29.993060+00:00
kaggle-vllm-m3-allreduce-raw-v1,kaggle-vllm-m3-two-rank-nccl-allreduce-v1,1024,float16,2,1,16,161.82400286197662,161.3759994506836,161.82400286197662,20,100,2026-09-07T21:15:29.993060+00:00
kaggle-vllm-m3-allreduce-raw-v1,kaggle-vllm-m3-two-rank-nccl-allreduce-v1,1024,float16,2,1,17,190.68799912929535,192.4159973859787,192.4159973859787,20,100,2026-09-07T21:15:29.993060+00:00
kaggle-vllm-m3-allreduce-raw-v1,kaggle-vllm-m3-two-rank-nccl-allreduce-v1,1024,float16,2,1,18,116.83200299739838,113.53600025177002,116.83200299739838,20,100,2026-09-07T21:15:29.993060+00:00
kaggle-vllm-m3-allreduce-raw-v1,kaggle-vllm-m3-two-rank-nccl-allreduce-v1,1024,float16,2,1,19,118.78400295972824,103.87200117111206,118.78400295972824,20,100,2026-09-07T21:15:29.993060+00:00
kaggle-vllm-m3-allreduce-raw-v1,kaggle-vllm-m3-two-rank-nccl-allreduce-v1,1024,float16,2,1,20,117.47200042009354,135.16800105571747,135.16800105571747,20,100,2026-09-07T21:15:29.993060+00:00
kaggle-vllm-m3-allreduce-raw-v1,kaggle-vllm-m3-two-rank-nccl-allreduce-v1,1024,float16,2,1,21,100.3199964761734,98.36799651384354,100.3199964761734,20,100,2026-09-07T21:15:29.993060+00:00
kaggle-vllm-m3-allreduce-raw-v1,kaggle-vllm-m3-two-rank-nccl-allreduce-v1,1024,float16,2,1,22,115.07199704647064,113.95200341939926,115.07199704647064,20,100,2026-09-07T21:15:29.993060+00:00
kaggle-vllm-m3-allreduce-raw-v1,kaggle-vllm-m3-two-rank-nccl-allreduce-v1,1024,float16,2,1,23,99.35999661684036,100.3199964761734,100.3199964761734,20,100,2026-09-07T21:15:29.993060+00:00
kaggle-vllm-m3-allreduce-raw-v1,kaggle-vllm-m3-two-rank-nccl-allreduce-v1,1024,float16,2,1,24,96.28800302743912,88.0960002541542,96.28800302743912,20,100,2026-09-07T21:15:29.993060+00:00
kaggle-vllm-m3-allreduce-raw-v1,kaggle-vllm-m3-two-rank-nccl-allreduce-v1,1024,float16,2,1,25,96.38399630784988,87.80799806118011,96.38399630784988,20,100,2026-09-07T21:15:29.993060+00:00
kaggle-vllm-m3-allreduce-raw-v1,kaggle-vllm-m3-two-rank-nccl-allreduce-v1,1024,float16,2,1,26,126.30400061607361,131.1040073633194,131.1040073633194,20,100,2026-09-07T21:15:29.993060+00:00
kaggle-vllm-m3-allreduce-raw-v1,kaggle-vllm-m3-two-rank-nccl-allreduce-v1,1024,float16,2,1,27,92.19200164079666,81.82399719953537,92.19200164079666,20,100,2026-09-07T21:15:29.993060+00:00
kaggle-vllm-m3-allreduce-raw-v1,kaggle-vllm-m3-two-rank-nccl-allreduce-v1,1024,float16,2,1,28,83.67999643087387,86.2400010228157,86.2400010228157,20,100,2026-09-07T21:15:29.993060+00:00
kaggle-vllm-m3-allreduce-raw-v1,kaggle-vllm-m3-two-rank-nccl-allreduce-v1,1024,float16,2,1,29,85.69599688053131,83.90399813652039,85.69599688053131,20,100,2026-09-07T21:15:29.993060+00:00
kaggle-vllm-m3-allreduce-raw-v1,kaggle-vllm-m3-two-rank-nccl-allreduce-v1,1024,float16,2,1,30,87.74399757385254,96.03200107812881,96.03200107812881,20,100,2026-09-07T21:15:29.993060+00:00
kaggle-vllm-m3-allreduce-raw-v1,kaggle-vllm-m3-two-rank-nccl-allreduce-v1,1024,float16,2,1,31,91.42400324344635,94.24000233411789,94.24000233411789,20,100,2026-09-07T21:15:29.993060+00:00
kaggle-vllm-m3-allreduce-raw-v1,kaggle-vllm-m3-two-rank-nccl-allreduce-v1,1024,float16,2,1,32,101.27999633550644,90.71999788284302,101.27999633550644,20,100,2026-09-07T21:15:29.993060+00:00
kaggle-vllm-m3-allreduce-raw-v1,kaggle-vllm-m3-two-rank-nccl-allreduce-v1,1024,float16,2,1,33,111.10399663448334,107.84000158309937,111.10399663448334,20,100,2026-09-07T21:15:29.993060+00:00
kaggle-vllm-m3-allreduce-raw-v1,kaggle-vllm-m3-two-rank-nccl-allreduce-v1,1024,float16,2,1,34,119.13599818944931,137.2479945421219,137.2479945421219,20,100,2026-09-07T21:15:29.993060+00:00
kaggle-vllm-m3-allreduce-raw-v1,kaggle-vllm-m3-two-rank-nccl-allreduce-v1,1024,float16,2,1,35,100.03200173377991,87.42400258779526,100.03200173377991,20,100,2026-09-07T21:15:29.993060+00:00
kaggle-vllm-m3-allreduce-raw-v1,kaggle-vllm-m3-two-rank-nccl-allreduce-v1,1024,float16,2,1,36,88.35200220346451,92.16000139713287,92.16000139713287,20,100,2026-09-07T21:15:29.993060+00:00
kaggle-vllm-m3-allreduce-raw-v1,kaggle-vllm-m3-two-rank-nccl-allreduce-v1,1024,float16,2,1,37,88.32000195980072,88.06400001049042,88.32000195980072,20,100,2026-09-07T21:15:29.993060+00:00
kaggle-vllm-m3-allreduce-raw-v1,kaggle-vllm-m3-two-rank-nccl-allreduce-v1,1024,float16,2,1,38,87.0399996638298,95.87199985980988,95.87199985980988,20,100,2026-09-07T21:15:29.993060+00:00
kaggle-vllm-m3-allreduce-raw-v1,kaggle-vllm-m3-two-rank-nccl-allreduce-v1,1024,float16,2,1,39,112.64000087976456,104.44799810647964,112.64000087976456,20,100,2026-09-07T21:15:29.993060+00:00
kaggle-vllm-m3-allreduce-raw-v1,kaggle-vllm-m3-two-rank-nccl-allreduce-v1,1024,float16,2,1,40,82.17599987983704,83.55200290679932,83.55200290679932,20,100,2026-09-07T21:15:29.993060+00:00
kaggle-vllm-m3-allreduce-raw-v1,kaggle-vllm-m3-two-rank-nccl-allreduce-v1,1024,float16,2,1,41,83.23200047016144,84.60800349712372,84.60800349712372,20,100,2026-09-07T21:15:29.993060+00:00
kaggle-vllm-m3-allreduce-raw-v1,kaggle-vllm-m3-two-rank-nccl-allreduce-v1,1024,float16,2,1,42,85.75999736785889,90.14400094747543,90.14400094747543,20,100,2026-09-07T21:15:29.993060+00:00
kaggle-vllm-m3-allreduce-raw-v1,kaggle-vllm-m3-two-rank-nccl-allreduce-v1,1024,float16,2,1,43,90.7839983701706,88.03199976682663,90.7839983701706,20,100,2026-09-07T21:15:29.993060+00:00
kaggle-vllm-m3-allreduce-raw-v1,kaggle-vllm-m3-two-rank-nccl-allreduce-v1,1024,float16,2,1,44,96.73599898815155,104.96000200510025,104.96000200510025,20,100,2026-09-07T21:15:29.993060+00:00
kaggle-vllm-m3-allreduce-raw-v1,kaggle-vllm-m3-two-rank-nccl-allreduce-v1,1024,float16,2,1,45,101.40799731016159,88.28800171613693,101.40799731016159,20,100,2026-09-07T21:15:29.993060+00:00
kaggle-vllm-m3-allreduce-raw-v1,kaggle-vllm-m3-two-rank-nccl-allreduce-v1,1024,float16,2,1,46,124.70400333404541,139.29599523544312,139.29599523544312,20,100,2026-09-07T21:15:29.993060+00:00
kaggle-vllm-m3-allreduce-raw-v1,kaggle-vllm-m3-two-rank-nccl-allreduce-v1,1024,float16,2,1,47,129.50399518013,108.5439994931221,129.50399518013,20,100,2026-09-07T21:15:29.993060+00:00
kaggle-vllm-m3-allreduce-raw-v1,kaggle-vllm-m3-two-rank-nccl-allreduce-v1,1024,float16,2,1,48,108.83200168609619,94.7519987821579,108.83200168609619,20,100,2026-09-07T21:15:29.993060+00:00
kaggle-vllm-m3-allreduce-raw-v1,kaggle-vllm-m3-two-rank-nccl-allreduce-v1,1024,float16,2,1,49,112.15999722480774,112.31999844312668,112.31999844312668,20,100,2026-09-07T21:15:29.993060+00:00
kaggle-vllm-m3-allreduce-raw-v1,kaggle-vllm-m3-two-rank-nccl-allreduce-v1,1024,float16,2,1,50,113.95200341939926,135.3279948234558,135.3279948234558,20,100,2026-09-07T21:15:29.993060+00:00
kaggle-vllm-m3-allreduce-raw-v1,kaggle-vllm-m3-two-rank-nccl-allreduce-v1,1024,float16,2,1,51,99.67999905347824,92.06400066614151,99.67999905347824,20,100,2026-09-07T21:15:29.993060+00:00
kaggle-vllm-m3-allreduce-raw-v1,kaggle-vllm-m3-two-rank-nccl-allreduce-v1,1024,float16,2,1,52,105.47199845314026,96.22400254011154,105.47199845314026,20,100,2026-09-07T21:15:29.993060+00:00
kaggle-vllm-m3-allreduce-raw-v1,kaggle-vllm-m3-two-rank-nccl-allreduce-v1,1024,float16,2,1,53,94.17600184679031,112.60800063610077,112.60800063610077,20,100,2026-09-07T21:15:29.993060+00:00
kaggle-vllm-m3-allreduce-raw-v1,kaggle-vllm-m3-two-rank-nccl-allreduce-v1,1024,float16,2,1,54,85.79199761152267,83.52000266313553,85.79199761152267,20,100,2026-09-07T21:15:29.993060+00:00
kaggle-vllm-m3-allreduce-raw-v1,kaggle-vllm-m3-two-rank-nccl-allreduce-v1,1024,float16,2,1,55,85.4720026254654,100.35199671983719,100.35199671983719,20,100,2026-09-07T21:15:29.993060+00:00
kaggle-vllm-m3-allreduce-raw-v1,kaggle-vllm-m3-two-rank-nccl-allreduce-v1,1024,float16,2,1,56,94.2080020904541,81.08799904584885,94.2080020904541,20,100,2026-09-07T21:15:29.993060+00:00
kaggle-vllm-m3-allreduce-raw-v1,kaggle-vllm-m3-two-rank-nccl-allreduce-v1,1024,float16,2,1,57,90.36800265312195,84.09599959850311,90.36800265312195,20,100,2026-09-07T21:15:29.993060+00:00
kaggle-vllm-m3-allreduce-raw-v1,kaggle-vllm-m3-two-rank-nccl-allreduce-v1,1024,float16,2,1,58,120.86399644613266,156.2879979610443,156.2879979610443,20,100,2026-09-07T21:15:29.993060+00:00
kaggle-vllm-m3-allreduce-raw-v1,kaggle-vllm-m3-two-rank-nccl-allreduce-v1,1024,float16,2,1,59,83.64800363779068,90.52799642086029,90.52799642086029,20,100,2026-09-07T21:15:29.993060+00:00
kaggle-vllm-m3-allreduce-raw-v1,kaggle-vllm-m3-two-rank-nccl-allreduce-v1,1024,float16,2,1,60,89.91999924182892,83.48800241947174,89.91999924182892,20,100,2026-09-07T21:15:29.993060+00:00
kaggle-vllm-m3-allreduce-raw-v1,kaggle-vllm-m3-two-rank-nccl-allreduce-v1,1024,float16,2,1,61,82.0159986615181,82.14399963617325,82.14399963617325,20,100,2026-09-07T21:15:29.993060+00:00
kaggle-vllm-m3-allreduce-raw-v1,kaggle-vllm-m3-two-rank-nccl-allreduce-v1,1024,float16,2,1,62,83.96799862384796,82.59200304746628,83.96799862384796,20,100,2026-09-07T21:15:29.993060+00:00
kaggle-vllm-m3-allreduce-raw-v1,kaggle-vllm-m3-two-rank-nccl-allreduce-v1,1024,float16,2,1,63,142.36800372600555,123.87199699878693,142.36800372600555,20,100,2026-09-07T21:15:29.993060+00:00
kaggle-vllm-m3-allreduce-raw-v1,kaggle-vllm-m3-two-rank-nccl-allreduce-v1,1024,float16,2,1,64,93.79199892282486,81.88799768686295,93.79199892282486,20,100,2026-09-07T21:15:29.993060+00:00
kaggle-vllm-m3-allreduce-raw-v1,kaggle-vllm-m3-two-rank-nccl-allreduce-v1,1024,float16,2,1,65,83.99999886751175,84.22400057315826,84.22400057315826,20,100,2026-09-07T21:15:29.993060+00:00
kaggle-vllm-m3-allreduce-raw-v1,kaggle-vllm-m3-two-rank-nccl-allreduce-v1,1024,float16,2,1,66,88.41600269079208,101.02400183677673,101.02400183677673,20,100,2026-09-07T21:15:29.993060+00:00
kaggle-vllm-m3-allreduce-raw-v1,kaggle-vllm-m3-two-rank-nccl-allreduce-v1,1024,float16,2,1,67,106.52799904346466,98.33600372076035,106.52799904346466,20,100,2026-09-07T21:15:29.993060+00:00
kaggle-vllm-m3-allreduce-raw-v1,kaggle-vllm-m3-two-rank-nccl-allreduce-v1,1024,float16,2,1,68,104.47999835014343,106.49599879980087,106.49599879980087,20,100,2026-09-07T21:15:29.993060+00:00
kaggle-vllm-m3-allreduce-raw-v1,kaggle-vllm-m3-two-rank-nccl-allreduce-v1,1024,float16,2,1,69,81.63200318813324,96.28800302743912,96.28800302743912,20,100,2026-09-07T21:15:29.993060+00:00
kaggle-vllm-m3-allreduce-raw-v1,kaggle-vllm-m3-two-rank-nccl-allreduce-v1,1024,float16,2,1,70,94.17600184679031,82.56000280380249,94.17600184679031,20,100,2026-09-07T21:15:29.993060+00:00
kaggle-vllm-m3-allreduce-raw-v1,kaggle-vllm-m3-two-rank-nccl-allreduce-v1,1024,float16,2,1,71,100.38399696350098,110.49599945545197,110.49599945545197,20,100,2026-09-07T21:15:29.993060+00:00
kaggle-vllm-m3-allreduce-raw-v1,kaggle-vllm-m3-two-rank-nccl-allreduce-v1,1024,float16,2,1,72,90.30400216579437,79.9039974808693,90.30400216579437,20,100,2026-09-07T21:15:29.993060+00:00
kaggle-vllm-m3-allreduce-raw-v1,kaggle-vllm-m3-two-rank-nccl-allreduce-v1,1024,float16,2,1,73,79.8719972372055,82.07999914884567,82.07999914884567,20,100,2026-09-07T21:15:29.993060+00:00
kaggle-vllm-m3-allreduce-raw-v1,kaggle-vllm-m3-two-rank-nccl-allreduce-v1,1024,float16,2,1,74,81.88799768686295,81.216000020504,81.88799768686295,20,100,2026-09-07T21:15:29.993060+00:00
kaggle-vllm-m3-allreduce-raw-v1,kaggle-vllm-m3-two-rank-nccl-allreduce-v1,1024,float16,2,1,75,83.61600339412689,90.11200070381165,90.11200070381165,20,100,2026-09-07T21:15:29.993060+00:00
kaggle-vllm-m3-allreduce-raw-v1,kaggle-vllm-m3-two-rank-nccl-allreduce-v1,1024,float16,2,1,76,86.59200370311737,92.8959995508194,92.8959995508194,20,100,2026-09-07T21:15:29.993060+00:00
kaggle-vllm-m3-allreduce-raw-v1,kaggle-vllm-m3-two-rank-nccl-allreduce-v1,1024,float16,2,1,77,114.656001329422,79.96799796819687,114.656001329422,20,100,2026-09-07T21:15:29.993060+00:00
kaggle-vllm-m3-allreduce-raw-v1,kaggle-vllm-m3-two-rank-nccl-allreduce-v1,1024,float16,2,1,78,86.01599931716919,86.94399893283844,86.94399893283844,20,100,2026-09-07T21:15:29.993060+00:00
kaggle-vllm-m3-allreduce-raw-v1,kaggle-vllm-m3-two-rank-nccl-allreduce-v1,1024,float16,2,1,79,82.46400207281113,83.83999764919281,83.83999764919281,20,100,2026-09-07T21:15:29.993060+00:00
kaggle-vllm-m3-allreduce-raw-v1,kaggle-vllm-m3-two-rank-nccl-allreduce-v1,1024,float16,2,1,80,83.90399813652039,90.11200070381165,90.11200070381165,20,100,2026-09-07T21:15:29.993060+00:00
kaggle-vllm-m3-allreduce-raw-v1,kaggle-vllm-m3-two-rank-nccl-allreduce-v1,1024,float16,2,1,81,82.94399827718735,81.40800148248672,82.94399827718735,20,100,2026-09-07T21:15:29.993060+00:00
kaggle-vllm-m3-allreduce-raw-v1,kaggle-vllm-m3-two-rank-nccl-allreduce-v1,1024,float16,2,1,82,83.96799862384796,87.36000210046768,87.36000210046768,20,100,2026-09-07T21:15:29.993060+00:00
kaggle-vllm-m3-allreduce-raw-v1,kaggle-vllm-m3-two-rank-nccl-allreduce-v1,1024,float16,2,1,83,98.30400347709656,102.39999741315842,102.39999741315842,20,100,2026-09-07T21:15:29.993060+00:00
kaggle-vllm-m3-allreduce-raw-v1,kaggle-vllm-m3-two-rank-nccl-allreduce-v1,1024,float16,2,1,84,106.49599879980087,94.65599805116653,106.49599879980087,20,100,2026-09-07T21:15:29.993060+00:00
kaggle-vllm-m3-allreduce-raw-v1,kaggle-vllm-m3-two-rank-nccl-allreduce-v1,1024,float16,2,1,85,95.61599791049957,99.58399832248688,99.58399832248688,20,100,2026-09-07T21:15:29.993060+00:00
kaggle-vllm-m3-allreduce-raw-v1,kaggle-vllm-m3-two-rank-nccl-allreduce-v1,1024,float16,2,1,86,95.42399644851685,96.54399752616882,96.54399752616882,20,100,2026-09-07T21:15:29.993060+00:00
kaggle-vllm-m3-allreduce-raw-v1,kaggle-vllm-m3-two-rank-nccl-allreduce-v1,1024,float16,2,1,87,88.35200220346451,92.47999638319016,92.47999638319016,20,100,2026-09-07T21:15:29.993060+00:00
kaggle-vllm-m3-allreduce-raw-v1,kaggle-vllm-m3-two-rank-nccl-allreduce-v1,1024,float16,2,1,88,84.76799726486206,81.66400343179703,84.76799726486206,20,100,2026-09-07T21:15:29.993060+00:00
kaggle-vllm-m3-allreduce-raw-v1,kaggle-vllm-m3-two-rank-nccl-allreduce-v1,1024,float16,2,1,89,89.85599875450134,94.91200000047684,94.91200000047684,20,100,2026-09-07T21:15:29.993060+00:00
kaggle-vllm-m3-allreduce-raw-v1,kaggle-vllm-m3-two-rank-nccl-allreduce-v1,1024,float16,2,1,90,94.17600184679031,81.95199817419052,94.17600184679031,20,100,2026-09-07T21:15:29.993060+00:00
kaggle-vllm-m3-allreduce-raw-v1,kaggle-vllm-m3-two-rank-nccl-allreduce-v1,1024,float16,2,1,91,85.9839990735054,93.59999746084213,93.59999746084213,20,100,2026-09-07T21:15:29.993060+00:00
kaggle-vllm-m3-allreduce-raw-v1,kaggle-vllm-m3-two-rank-nccl-allreduce-v1,1024,float16,2,1,92,83.45600217580795,80.9599980711937,83.45600217580795,20,100,2026-09-07T21:15:29.993060+00:00
kaggle-vllm-m3-allreduce-raw-v1,kaggle-vllm-m3-two-rank-nccl-allreduce-v1,1024,float16,2,1,93,88.06400001049042,81.95199817419052,88.06400001049042,20,100,2026-09-07T21:15:29.993060+00:00
kaggle-vllm-m3-allreduce-raw-v1,kaggle-vllm-m3-two-rank-nccl-allreduce-v1,1024,float16,2,1,94,115.39199948310852,140.9280002117157,140.9280002117157,20,100,2026-09-07T21:15:29.993060+00:00
kaggle-vllm-m3-allreduce-raw-v1,kaggle-vllm-m3-two-rank-nccl-allreduce-v1,1024,float16,2,1,95,83.03999900817871,85.28000116348267,85.28000116348267,20,100,2026-09-07T21:15:29.993060+00:00
kaggle-vllm-m3-allreduce-raw-v1,kaggle-vllm-m3-two-rank-nccl-allreduce-v1,1024,float16,2,1,96,88.03199976682663,85.7279971241951,88.03199976682663,20,100,2026-09-07T21:15:29.993060+00:00
kaggle-vllm-m3-allreduce-raw-v1,kaggle-vllm-m3-two-rank-nccl-allreduce-v1,1024,float16,2,1,97,86.04799956083298,88.06400001049042,88.06400001049042,20,100,2026-09-07T21:15:29.993060+00:00
kaggle-vllm-m3-allreduce-raw-v1,kaggle-vllm-m3-two-rank-nccl-allreduce-v1,1024,float16,2,1,98,92.19200164079666,88.06400001049042,92.19200164079666,20,100,2026-09-07T21:15:29.993060+00:00
kaggle-vllm-m3-allreduce-raw-v1,kaggle-vllm-m3-two-rank-nccl-allreduce-v1,1024,float16,2,1,99,81.56800270080566,93.72799843549728,93.72799843549728,20,100,2026-09-07T21:15:29.993060+00:00
kaggle-vllm-m3-allreduce-raw-v1,kaggle-vllm-m3-two-rank-nccl-allreduce-v1,4096,float16,2,1,0,120.83200365304947,129.02399897575378,129.02399897575378,20,100,2026-09-07T21:15:30.065616+00:00
kaggle-vllm-m3-allreduce-raw-v1,kaggle-vllm-m3-two-rank-nccl-allreduce-v1,4096,float16,2,1,1,175.61599612236023,159.71200168132782,175.61599612236023,20,100,2026-09-07T21:15:30.065616+00:00
kaggle-vllm-m3-allreduce-raw-v1,kaggle-vllm-m3-two-rank-nccl-allreduce-v1,4096,float16,2,1,2,92.12800115346909,90.30400216579437,92.12800115346909,20,100,2026-09-07T21:15:30.065616+00:00
kaggle-vllm-m3-allreduce-raw-v1,kaggle-vllm-m3-two-rank-nccl-allreduce-v1,4096,float16,2,1,3,90.43200314044952,86.14400029182434,90.43200314044952,20,100,2026-09-07T21:15:30.065616+00:00
kaggle-vllm-m3-allreduce-raw-v1,kaggle-vllm-m3-two-rank-nccl-allreduce-v1,4096,float16,2,1,4,200.70399343967438,152.70400047302246,200.70399343967438,20,100,2026-09-07T21:15:30.065616+00:00
kaggle-vllm-m3-allreduce-raw-v1,kaggle-vllm-m3-two-rank-nccl-allreduce-v1,4096,float16,2,1,5,92.16000139713287,86.01599931716919,92.16000139713287,20,100,2026-09-07T21:15:30.065616+00:00
kaggle-vllm-m3-allreduce-raw-v1,kaggle-vllm-m3-two-rank-nccl-allreduce-v1,4096,float16,2,1,6,88.54400366544724,85.24800091981888,88.54400366544724,20,100,2026-09-07T21:15:30.065616+00:00
kaggle-vllm-m3-allreduce-raw-v1,kaggle-vllm-m3-two-rank-nccl-allreduce-v1,4096,float16,2,1,7,167.00799763202667,165.66400229930878,167.00799763202667,20,100,2026-09-07T21:15:30.065616+00:00
kaggle-vllm-m3-allreduce-raw-v1,kaggle-vllm-m3-two-rank-nccl-allreduce-v1,4096,float16,2,1,8,89.91999924182892,87.2960016131401,89.91999924182892,20,100,2026-09-07T21:15:30.065616+00:00
kaggle-vllm-m3-allreduce-raw-v1,kaggle-vllm-m3-two-rank-nccl-allreduce-v1,4096,float16,2,1,9,88.73599767684937,87.77599781751633,88.73599767684937,20,100,2026-09-07T21:15:30.065616+00:00
kaggle-vllm-m3-allreduce-raw-v1,kaggle-vllm-m3-two-rank-nccl-allreduce-v1,4096,float16,2,1,10,87.90399879217148,85.02399921417236,87.90399879217148,20,100,2026-09-07T21:15:30.065616+00:00
kaggle-vllm-m3-allreduce-raw-v1,kaggle-vllm-m3-two-rank-nccl-allreduce-v1,4096,float16,2,1,11,88.128000497818,84.06399935483932,88.128000497818,20,100,2026-09-07T21:15:30.065616+00:00
kaggle-vllm-m3-allreduce-raw-v1,kaggle-vllm-m3-two-rank-nccl-allreduce-v1,4096,float16,2,1,12,104.73600029945374,116.70400202274323,116.70400202274323,20,100,2026-09-07T21:15:30.065616+00:00
kaggle-vllm-m3-allreduce-raw-v1,kaggle-vllm-m3-two-rank-nccl-allreduce-v1,4096,float16,2,1,13,98.01600128412247,91.13600105047226,98.01600128412247,20,100,2026-09-07T21:15:30.065616+00:00
kaggle-vllm-m3-allreduce-raw-v1,kaggle-vllm-m3-two-rank-nccl-allreduce-v1,4096,float16,2,1,14,96.25600278377533,95.39200365543365,96.25600278377533,20,100,2026-09-07T21:15:30.065616+00:00
kaggle-vllm-m3-allreduce-raw-v1,kaggle-vllm-m3-two-rank-nccl-allreduce-v1,4096,float16,2,1,15,94.59199756383896,104.06400263309479,104.06400263309479,20,100,2026-09-07T21:15:30.065616+00:00
kaggle-vllm-m3-allreduce-raw-v1,kaggle-vllm-m3-two-rank-nccl-allreduce-v1,4096,float16,2,1,16,87.00799942016602,79.29600030183792,87.00799942016602,20,100,2026-09-07T21:15:30.065616+00:00
kaggle-vllm-m3-allreduce-raw-v1,kaggle-vllm-m3-two-rank-nccl-allreduce-v1,4096,float16,2,1,17,86.17600053548813,87.16800063848495,87.16800063848495,20,100,2026-09-07T21:15:30.065616+00:00
kaggle-vllm-m3-allreduce-raw-v1,kaggle-vllm-m3-two-rank-nccl-allreduce-v1,4096,float16,2,1,18,81.95199817419052,80.70400357246399,81.95199817419052,20,100,2026-09-07T21:15:30.065616+00:00
kaggle-vllm-m3-allreduce-raw-v1,kaggle-vllm-m3-two-rank-nccl-allreduce-v1,4096,float16,2,1,19,85.05599945783615,80.54400235414505,85.05599945783615,20,100,2026-09-07T21:15:30.065616+00:00
kaggle-vllm-m3-allreduce-raw-v1,kaggle-vllm-m3-two-rank-nccl-allreduce-v1,4096,float16,2,1,20,84.89599823951721,79.99999821186066,84.89599823951721,20,100,2026-09-07T21:15:30.065616+00:00
kaggle-vllm-m3-allreduce-raw-v1,kaggle-vllm-m3-two-rank-nccl-allreduce-v1,4096,float16,2,1,21,88.44800293445587,84.03199911117554,88.44800293445587,20,100,2026-09-07T21:15:30.065616+00:00
kaggle-vllm-m3-allreduce-raw-v1,kaggle-vllm-m3-two-rank-nccl-allreduce-v1,4096,float16,2,1,22,84.70399677753448,94.33600306510925,94.33600306510925,20,100,2026-09-07T21:15:30.065616+00:00
kaggle-vllm-m3-allreduce-raw-v1,kaggle-vllm-m3-two-rank-nccl-allreduce-v1,4096,float16,2,1,23,87.96799927949905,81.18399977684021,87.96799927949905,20,100,2026-09-07T21:15:30.065616+00:00
kaggle-vllm-m3-allreduce-raw-v1,kaggle-vllm-m3-two-rank-nccl-allreduce-v1,4096,float16,2,1,24,110.36799848079681,100.38399696350098,110.36799848079681,20,100,2026-09-07T21:15:30.065616+00:00
kaggle-vllm-m3-allreduce-raw-v1,kaggle-vllm-m3-two-rank-nccl-allreduce-v1,4096,float16,2,1,25,111.64800077676773,108.60799998044968,111.64800077676773,20,100,2026-09-07T21:15:30.065616+00:00
kaggle-vllm-m3-allreduce-raw-v1,kaggle-vllm-m3-two-rank-nccl-allreduce-v1,4096,float16,2,1,26,88.32000195980072,87.23200112581253,88.32000195980072,20,100,2026-09-07T21:15:30.065616+00:00
kaggle-vllm-m3-allreduce-raw-v1,kaggle-vllm-m3-two-rank-nccl-allreduce-v1,4096,float16,2,1,27,100.28800368309021,96.41599655151367,100.28800368309021,20,100,2026-09-07T21:15:30.065616+00:00
kaggle-vllm-m3-allreduce-raw-v1,kaggle-vllm-m3-two-rank-nccl-allreduce-v1,4096,float16,2,1,28,118.78400295972824,113.3119985461235,118.78400295972824,20,100,2026-09-07T21:15:30.065616+00:00
kaggle-vllm-m3-allreduce-raw-v1,kaggle-vllm-m3-two-rank-nccl-allreduce-v1,4096,float16,2,1,29,84.32000130414963,79.83999699354172,84.32000130414963,20,100,2026-09-07T21:15:30.065616+00:00
kaggle-vllm-m3-allreduce-raw-v1,kaggle-vllm-m3-two-rank-nccl-allreduce-v1,4096,float16,2,1,30,83.96799862384796,84.76799726486206,84.76799726486206,20,100,2026-09-07T21:15:30.065616+00:00
kaggle-vllm-m3-allreduce-raw-v1,kaggle-vllm-m3-two-rank-nccl-allreduce-v1,4096,float16,2,1,31,86.04799956083298,80.12799918651581,86.04799956083298,20,100,2026-09-07T21:15:30.065616+00:00
kaggle-vllm-m3-allreduce-raw-v1,kaggle-vllm-m3-two-rank-nccl-allreduce-v1,4096,float16,2,1,32,86.01599931716919,92.92799979448318,92.92799979448318,20,100,2026-09-07T21:15:30.065616+00:00
kaggle-vllm-m3-allreduce-raw-v1,kaggle-vllm-m3-two-rank-nccl-allreduce-v1,4096,float16,2,1,33,83.48800241947174,80.76799660921097,83.48800241947174,20,100,2026-09-07T21:15:30.065616+00:00
kaggle-vllm-m3-allreduce-raw-v1,kaggle-vllm-m3-two-rank-nccl-allreduce-v1,4096,float16,2,1,34,82.65600353479385,79.8719972372055,82.65600353479385,20,100,2026-09-07T21:15:30.065616+00:00
kaggle-vllm-m3-allreduce-raw-v1,kaggle-vllm-m3-two-rank-nccl-allreduce-v1,4096,float16,2,1,35,105.6319996714592,143.10400187969208,143.10400187969208,20,100,2026-09-07T21:15:30.065616+00:00
kaggle-vllm-m3-allreduce-raw-v1,kaggle-vllm-m3-two-rank-nccl-allreduce-v1,4096,float16,2,1,36,81.88799768686295,87.07199990749359,87.07199990749359,20,100,2026-09-07T21:15:30.065616+00:00
kaggle-vllm-m3-allreduce-raw-v1,kaggle-vllm-m3-two-rank-nccl-allreduce-v1,4096,float16,2,1,37,100.19200295209885,99.39199686050415,100.19200295209885,20,100,2026-09-07T21:15:30.065616+00:00
kaggle-vllm-m3-allreduce-raw-v1,kaggle-vllm-m3-two-rank-nccl-allreduce-v1,4096,float16,2,1,38,112.99200356006622,90.11200070381165,112.99200356006622,20,100,2026-09-07T21:15:30.065616+00:00
kaggle-vllm-m3-allreduce-raw-v1,kaggle-vllm-m3-two-rank-nccl-allreduce-v1,4096,float16,2,1,39,93.18400174379349,89.34400230646133,93.18400174379349,20,100,2026-09-07T21:15:30.065616+00:00
kaggle-vllm-m3-allreduce-raw-v1,kaggle-vllm-m3-two-rank-nccl-allreduce-v1,4096,float16,2,1,40,93.72799843549728,97.21600264310837,97.21600264310837,20,100,2026-09-07T21:15:30.065616+00:00
kaggle-vllm-m3-allreduce-raw-v1,kaggle-vllm-m3-two-rank-nccl-allreduce-v1,4096,float16,2,1,41,89.6959975361824,88.79999816417694,89.6959975361824,20,100,2026-09-07T21:15:30.065616+00:00
kaggle-vllm-m3-allreduce-raw-v1,kaggle-vllm-m3-two-rank-nccl-allreduce-v1,4096,float16,2,1,42,86.01599931716919,85.91999858617783,86.01599931716919,20,100,2026-09-07T21:15:30.065616+00:00
kaggle-vllm-m3-allreduce-raw-v1,kaggle-vllm-m3-two-rank-nccl-allreduce-v1,4096,float16,2,1,43,107.744000852108,126.14400684833527,126.14400684833527,20,100,2026-09-07T21:15:30.065616+00:00
kaggle-vllm-m3-allreduce-raw-v1,kaggle-vllm-m3-two-rank-nccl-allreduce-v1,4096,float16,2,1,44,98.33600372076035,92.12800115346909,98.33600372076035,20,100,2026-09-07T21:15:30.065616+00:00
kaggle-vllm-m3-allreduce-raw-v1,kaggle-vllm-m3-two-rank-nccl-allreduce-v1,4096,float16,2,1,45,96.28800302743912,102.59199887514114,102.59199887514114,20,100,2026-09-07T21:15:30.065616+00:00
kaggle-vllm-m3-allreduce-raw-v1,kaggle-vllm-m3-two-rank-nccl-allreduce-v1,4096,float16,2,1,46,94.59199756383896,104.89600151777267,104.89600151777267,20,100,2026-09-07T21:15:30.065616+00:00
kaggle-vllm-m3-allreduce-raw-v1,kaggle-vllm-m3-two-rank-nccl-allreduce-v1,4096,float16,2,1,47,86.62399649620056,79.6160027384758,86.62399649620056,20,100,2026-09-07T21:15:30.065616+00:00
kaggle-vllm-m3-allreduce-raw-v1,kaggle-vllm-m3-two-rank-nccl-allreduce-v1,4096,float16,2,1,48,102.65599936246872,98.30400347709656,102.65599936246872,20,100,2026-09-07T21:15:30.065616+00:00
kaggle-vllm-m3-allreduce-raw-v1,kaggle-vllm-m3-two-rank-nccl-allreduce-v1,4096,float16,2,1,49,83.0719992518425,80.76799660921097,83.0719992518425,20,100,2026-09-07T21:15:30.065616+00:00
kaggle-vllm-m3-allreduce-raw-v1,kaggle-vllm-m3-two-rank-nccl-allreduce-v1,4096,float16,2,1,50,81.69600367546082,81.40800148248672,81.69600367546082,20,100,2026-09-07T21:15:30.065616+00:00
kaggle-vllm-m3-allreduce-raw-v1,kaggle-vllm-m3-two-rank-nccl-allreduce-v1,4096,float16,2,1,51,104.44799810647964,102.39999741315842,104.44799810647964,20,100,2026-09-07T21:15:30.065616+00:00
kaggle-vllm-m3-allreduce-raw-v1,kaggle-vllm-m3-two-rank-nccl-allreduce-v1,4096,float16,2,1,52,82.33600109815598,81.727996468544,82.33600109815598,20,100,2026-09-07T21:15:30.065616+00:00
kaggle-vllm-m3-allreduce-raw-v1,kaggle-vllm-m3-two-rank-nccl-allreduce-v1,4096,float16,2,1,53,82.40000158548355,92.83199906349182,92.83199906349182,20,100,2026-09-07T21:15:30.065616+00:00
kaggle-vllm-m3-allreduce-raw-v1,kaggle-vllm-m3-two-rank-nccl-allreduce-v1,4096,float16,2,1,54,86.01599931716919,79.32800054550171,86.01599931716919,20,100,2026-09-07T21:15:30.065616+00:00
kaggle-vllm-m3-allreduce-raw-v1,kaggle-vllm-m3-two-rank-nccl-allreduce-v1,4096,float16,2,1,55,84.06399935483932,83.93599838018417,84.06399935483932,20,100,2026-09-07T21:15:30.065616+00:00
kaggle-vllm-m3-allreduce-raw-v1,kaggle-vllm-m3-two-rank-nccl-allreduce-v1,4096,float16,2,1,56,81.85599744319916,79.83999699354172,81.85599744319916,20,100,2026-09-07T21:15:30.065616+00:00
kaggle-vllm-m3-allreduce-raw-v1,kaggle-vllm-m3-two-rank-nccl-allreduce-v1,4096,float16,2,1,57,83.96799862384796,81.88799768686295,83.96799862384796,20,100,2026-09-07T21:15:30.065616+00:00
kaggle-vllm-m3-allreduce-raw-v1,kaggle-vllm-m3-two-rank-nccl-allreduce-v1,4096,float16,2,1,58,80.64000308513641,79.26400005817413,80.64000308513641,20,100,2026-09-07T21:15:30.065616+00:00
kaggle-vllm-m3-allreduce-raw-v1,kaggle-vllm-m3-two-rank-nccl-allreduce-v1,4096,float16,2,1,59,83.8719978928566,86.01599931716919,86.01599931716919,20,100,2026-09-07T21:15:30.065616+00:00
kaggle-vllm-m3-allreduce-raw-v1,kaggle-vllm-m3-two-rank-nccl-allreduce-v1,4096,float16,2,1,60,84.99199897050858,94.04800087213516,94.04800087213516,20,100,2026-09-07T21:15:30.065616+00:00
kaggle-vllm-m3-allreduce-raw-v1,kaggle-vllm-m3-two-rank-nccl-allreduce-v1,4096,float16,2,1,61,95.51999717950821,88.25600147247314,95.51999717950821,20,100,2026-09-07T21:15:30.065616+00:00
kaggle-vllm-m3-allreduce-raw-v1,kaggle-vllm-m3-two-rank-nccl-allreduce-v1,4096,float16,2,1,62,111.23199760913849,92.51199662685394,111.23199760913849,20,100,2026-09-07T21:15:30.065616+00:00
kaggle-vllm-m3-allreduce-raw-v1,kaggle-vllm-m3-two-rank-nccl-allreduce-v1,4096,float16,2,1,63,82.62400329113007,80.76799660921097,82.62400329113007,20,100,2026-09-07T21:15:30.065616+00:00
kaggle-vllm-m3-allreduce-raw-v1,kaggle-vllm-m3-two-rank-nccl-allreduce-v1,4096,float16,2,1,64,81.91999793052673,80.48000186681747,81.91999793052673,20,100,2026-09-07T21:15:30.065616+00:00
kaggle-vllm-m3-allreduce-raw-v1,kaggle-vllm-m3-two-rank-nccl-allreduce-v1,4096,float16,2,1,65,102.39999741315842,100.35199671983719,102.39999741315842,20,100,2026-09-07T21:15:30.065616+00:00
kaggle-vllm-m3-allreduce-raw-v1,kaggle-vllm-m3-two-rank-nccl-allreduce-v1,4096,float16,2,1,66,81.95199817419052,85.21600067615509,85.21600067615509,20,100,2026-09-07T21:15:30.065616+00:00
kaggle-vllm-m3-allreduce-raw-v1,kaggle-vllm-m3-two-rank-nccl-allreduce-v1,4096,float16,2,1,67,81.95199817419052,90.40000289678574,90.40000289678574,20,100,2026-09-07T21:15:30.065616+00:00
kaggle-vllm-m3-allreduce-raw-v1,kaggle-vllm-m3-two-rank-nccl-allreduce-v1,4096,float16,2,1,68,93.82399916648865,79.8719972372055,93.82399916648865,20,100,2026-09-07T21:15:30.065616+00:00
kaggle-vllm-m3-allreduce-raw-v1,kaggle-vllm-m3-two-rank-nccl-allreduce-v1,4096,float16,2,1,69,88.0960002541542,86.81599795818329,88.0960002541542,20,100,2026-09-07T21:15:30.065616+00:00
kaggle-vllm-m3-allreduce-raw-v1,kaggle-vllm-m3-two-rank-nccl-allreduce-v1,4096,float16,2,1,70,82.8159973025322,80.60800284147263,82.8159973025322,20,100,2026-09-07T21:15:30.065616+00:00
kaggle-vllm-m3-allreduce-raw-v1,kaggle-vllm-m3-two-rank-nccl-allreduce-v1,4096,float16,2,1,71,82.94399827718735,82.43200182914734,82.94399827718735,20,100,2026-09-07T21:15:30.065616+00:00
kaggle-vllm-m3-allreduce-raw-v1,kaggle-vllm-m3-two-rank-nccl-allreduce-v1,4096,float16,2,1,72,83.23200047016144,79.8719972372055,83.23200047016144,20,100,2026-09-07T21:15:30.065616+00:00
kaggle-vllm-m3-allreduce-raw-v1,kaggle-vllm-m3-two-rank-nccl-allreduce-v1,4096,float16,2,1,73,85.34400165081024,88.06400001049042,88.06400001049042,20,100,2026-09-07T21:15:30.065616+00:00
kaggle-vllm-m3-allreduce-raw-v1,kaggle-vllm-m3-two-rank-nccl-allreduce-v1,4096,float16,2,1,74,80.54400235414505,79.39200103282928,80.54400235414505,20,100,2026-09-07T21:15:30.065616+00:00
kaggle-vllm-m3-allreduce-raw-v1,kaggle-vllm-m3-two-rank-nccl-allreduce-v1,4096,float16,2,1,75,90.14400094747543,80.25600016117096,90.14400094747543,20,100,2026-09-07T21:15:30.065616+00:00
kaggle-vllm-m3-allreduce-raw-v1,kaggle-vllm-m3-two-rank-nccl-allreduce-v1,4096,float16,2,1,76,112.64000087976456,148.60799908638,148.60799908638,20,100,2026-09-07T21:15:30.065616+00:00
kaggle-vllm-m3-allreduce-raw-v1,kaggle-vllm-m3-two-rank-nccl-allreduce-v1,4096,float16,2,1,77,88.41600269079208,86.04799956083298,88.41600269079208,20,100,2026-09-07T21:15:30.065616+00:00
kaggle-vllm-m3-allreduce-raw-v1,kaggle-vllm-m3-two-rank-nccl-allreduce-v1,4096,float16,2,1,78,94.65599805116653,92.86399930715561,94.65599805116653,20,100,2026-09-07T21:15:30.065616+00:00
kaggle-vllm-m3-allreduce-raw-v1,kaggle-vllm-m3-two-rank-nccl-allreduce-v1,4096,float16,2,1,79,116.06399714946747,114.72000181674957,116.06399714946747,20,100,2026-09-07T21:15:30.065616+00:00
kaggle-vllm-m3-allreduce-raw-v1,kaggle-vllm-m3-two-rank-nccl-allreduce-v1,4096,float16,2,1,80,94.04800087213516,91.71199798583984,94.04800087213516,20,100,2026-09-07T21:15:30.065616+00:00
kaggle-vllm-m3-allreduce-raw-v1,kaggle-vllm-m3-two-rank-nccl-allreduce-v1,4096,float16,2,1,81,94.30400282144547,110.59200018644333,110.59200018644333,20,100,2026-09-07T21:15:30.065616+00:00
kaggle-vllm-m3-allreduce-raw-v1,kaggle-vllm-m3-two-rank-nccl-allreduce-v1,4096,float16,2,1,82,83.52000266313553,79.9039974808693,83.52000266313553,20,100,2026-09-07T21:15:30.065616+00:00
kaggle-vllm-m3-allreduce-raw-v1,kaggle-vllm-m3-two-rank-nccl-allreduce-v1,4096,float16,2,1,83,82.07999914884567,79.8719972372055,82.07999914884567,20,100,2026-09-07T21:15:30.065616+00:00
kaggle-vllm-m3-allreduce-raw-v1,kaggle-vllm-m3-two-rank-nccl-allreduce-v1,4096,float16,2,1,84,82.11199939250946,80.48000186681747,82.11199939250946,20,100,2026-09-07T21:15:30.065616+00:00
kaggle-vllm-m3-allreduce-raw-v1,kaggle-vllm-m3-two-rank-nccl-allreduce-v1,4096,float16,2,1,85,91.87199920415878,80.09599894285202,91.87199920415878,20,100,2026-09-07T21:15:30.065616+00:00
kaggle-vllm-m3-allreduce-raw-v1,kaggle-vllm-m3-two-rank-nccl-allreduce-v1,4096,float16,2,1,86,114.72000181674957,152.38399803638458,152.38399803638458,20,100,2026-09-07T21:15:30.065616+00:00
kaggle-vllm-m3-allreduce-raw-v1,kaggle-vllm-m3-two-rank-nccl-allreduce-v1,4096,float16,2,1,87,95.90400010347366,88.99199962615967,95.90400010347366,20,100,2026-09-07T21:15:30.065616+00:00
kaggle-vllm-m3-allreduce-raw-v1,kaggle-vllm-m3-two-rank-nccl-allreduce-v1,4096,float16,2,1,88,82.20800012350082,81.88799768686295,82.20800012350082,20,100,2026-09-07T21:15:30.065616+00:00
kaggle-vllm-m3-allreduce-raw-v1,kaggle-vllm-m3-two-rank-nccl-allreduce-v1,4096,float16,2,1,89,83.8719978928566,79.96799796819687,83.8719978928566,20,100,2026-09-07T21:15:30.065616+00:00
kaggle-vllm-m3-allreduce-raw-v1,kaggle-vllm-m3-two-rank-nccl-allreduce-v1,4096,float16,2,1,90,83.93599838018417,83.3280012011528,83.93599838018417,20,100,2026-09-07T21:15:30.065616+00:00
kaggle-vllm-m3-allreduce-raw-v1,kaggle-vllm-m3-two-rank-nccl-allreduce-v1,4096,float16,2,1,91,82.33600109815598,91.13600105047226,91.13600105047226,20,100,2026-09-07T21:15:30.065616+00:00
kaggle-vllm-m3-allreduce-raw-v1,kaggle-vllm-m3-two-rank-nccl-allreduce-v1,4096,float16,2,1,92,87.87199854850769,81.34400099515915,87.87199854850769,20,100,2026-09-07T21:15:30.065616+00:00
kaggle-vllm-m3-allreduce-raw-v1,kaggle-vllm-m3-two-rank-nccl-allreduce-v1,4096,float16,2,1,93,87.93599903583527,85.9839990735054,87.93599903583527,20,100,2026-09-07T21:15:30.065616+00:00
kaggle-vllm-m3-allreduce-raw-v1,kaggle-vllm-m3-two-rank-nccl-allreduce-v1,4096,float16,2,1,94,80.89599758386612,80.35200089216232,80.89599758386612,20,100,2026-09-07T21:15:30.065616+00:00
kaggle-vllm-m3-allreduce-raw-v1,kaggle-vllm-m3-two-rank-nccl-allreduce-v1,4096,float16,2,1,95,82.8159973025322,81.88799768686295,82.8159973025322,20,100,2026-09-07T21:15:30.065616+00:00
kaggle-vllm-m3-allreduce-raw-v1,kaggle-vllm-m3-two-rank-nccl-allreduce-v1,4096,float16,2,1,96,81.91999793052673,79.00799810886383,81.91999793052673,20,100,2026-09-07T21:15:30.065616+00:00
kaggle-vllm-m3-allreduce-raw-v1,kaggle-vllm-m3-two-rank-nccl-allreduce-v1,4096,float16,2,1,97,83.61600339412689,90.08000046014786,90.08000046014786,20,100,2026-09-07T21:15:30.065616+00:00
kaggle-vllm-m3-allreduce-raw-v1,kaggle-vllm-m3-two-rank-nccl-allreduce-v1,4096,float16,2,1,98,79.99999821186066,90.08000046014786,90.08000046014786,20,100,2026-09-07T21:15:30.065616+00:00
kaggle-vllm-m3-allreduce-raw-v1,kaggle-vllm-m3-two-rank-nccl-allreduce-v1,4096,float16,2,1,99,95.42399644851685,80.35200089216232,95.42399644851685,20,100,2026-09-07T21:15:30.065616+00:00
kaggle-vllm-m3-allreduce-raw-v1,kaggle-vllm-m3-two-rank-nccl-allreduce-v1,16384,float16,2,1,0,216.19200706481934,194.5600062608719,216.19200706481934,20,100,2026-09-07T21:15:30.100314+00:00
kaggle-vllm-m3-allreduce-raw-v1,kaggle-vllm-m3-two-rank-nccl-allreduce-v1,16384,float16,2,1,1,106.20799660682678,112.8000020980835,112.8000020980835,20,100,2026-09-07T21:15:30.100314+00:00
kaggle-vllm-m3-allreduce-raw-v1,kaggle-vllm-m3-two-rank-nccl-allreduce-v1,16384,float16,2,1,2,119.03999745845795,114.17599767446518,119.03999745845795,20,100,2026-09-07T21:15:30.100314+00:00
kaggle-vllm-m3-allreduce-raw-v1,kaggle-vllm-m3-two-rank-nccl-allreduce-v1,16384,float16,2,1,3,98.27200323343277,98.30400347709656,98.30400347709656,20,100,2026-09-07T21:15:30.100314+00:00
kaggle-vllm-m3-allreduce-raw-v1,kaggle-vllm-m3-two-rank-nccl-allreduce-v1,16384,float16,2,1,4,106.49599879980087,83.99999886751175,106.49599879980087,20,100,2026-09-07T21:15:30.100314+00:00
kaggle-vllm-m3-allreduce-raw-v1,kaggle-vllm-m3-two-rank-nccl-allreduce-v1,16384,float16,2,1,5,96.22400254011154,85.79199761152267,96.22400254011154,20,100,2026-09-07T21:15:30.100314+00:00
kaggle-vllm-m3-allreduce-raw-v1,kaggle-vllm-m3-two-rank-nccl-allreduce-v1,16384,float16,2,1,6,91.13600105047226,87.67999708652496,91.13600105047226,20,100,2026-09-07T21:15:30.100314+00:00
kaggle-vllm-m3-allreduce-raw-v1,kaggle-vllm-m3-two-rank-nccl-allreduce-v1,16384,float16,2,1,7,87.26400136947632,83.10399949550629,87.26400136947632,20,100,2026-09-07T21:15:30.100314+00:00
kaggle-vllm-m3-allreduce-raw-v1,kaggle-vllm-m3-two-rank-nccl-allreduce-v1,16384,float16,2,1,8,84.22400057315826,94.2080020904541,94.2080020904541,20,100,2026-09-07T21:15:30.100314+00:00
kaggle-vllm-m3-allreduce-raw-v1,kaggle-vllm-m3-two-rank-nccl-allreduce-v1,16384,float16,2,1,9,94.24000233411789,90.33600240945816,94.24000233411789,20,100,2026-09-07T21:15:30.100314+00:00
kaggle-vllm-m3-allreduce-raw-v1,kaggle-vllm-m3-two-rank-nccl-allreduce-v1,16384,float16,2,1,10,86.01599931716919,82.07999914884567,86.01599931716919,20,100,2026-09-07T21:15:30.100314+00:00
kaggle-vllm-m3-allreduce-raw-v1,kaggle-vllm-m3-two-rank-nccl-allreduce-v1,16384,float16,2,1,11,85.50400286912918,97.59999811649323,97.59999811649323,20,100,2026-09-07T21:15:30.100314+00:00
kaggle-vllm-m3-allreduce-raw-v1,kaggle-vllm-m3-two-rank-nccl-allreduce-v1,16384,float16,2,1,12,104.19200360774994,81.88799768686295,104.19200360774994,20,100,2026-09-07T21:15:30.100314+00:00
kaggle-vllm-m3-allreduce-raw-v1,kaggle-vllm-m3-two-rank-nccl-allreduce-v1,16384,float16,2,1,13,105.34399747848511,108.5439994931221,108.5439994931221,20,100,2026-09-07T21:15:30.100314+00:00
kaggle-vllm-m3-allreduce-raw-v1,kaggle-vllm-m3-two-rank-nccl-allreduce-v1,16384,float16,2,1,14,86.01599931716919,81.95199817419052,86.01599931716919,20,100,2026-09-07T21:15:30.100314+00:00
kaggle-vllm-m3-allreduce-raw-v1,kaggle-vllm-m3-two-rank-nccl-allreduce-v1,16384,float16,2,1,15,96.44799679517746,81.98399841785431,96.44799679517746,20,100,2026-09-07T21:15:30.100314+00:00
kaggle-vllm-m3-allreduce-raw-v1,kaggle-vllm-m3-two-rank-nccl-allreduce-v1,16384,float16,2,1,16,174.0799993276596,132.4480026960373,174.0799993276596,20,100,2026-09-07T21:15:30.100314+00:00
kaggle-vllm-m3-allreduce-raw-v1,kaggle-vllm-m3-two-rank-nccl-allreduce-v1,16384,float16,2,1,17,84.76799726486206,89.02399986982346,89.02399986982346,20,100,2026-09-07T21:15:30.100314+00:00
kaggle-vllm-m3-allreduce-raw-v1,kaggle-vllm-m3-two-rank-nccl-allreduce-v1,16384,float16,2,1,18,87.23200112581253,80.51200211048126,87.23200112581253,20,100,2026-09-07T21:15:30.100314+00:00
kaggle-vllm-m3-allreduce-raw-v1,kaggle-vllm-m3-two-rank-nccl-allreduce-v1,16384,float16,2,1,19,104.63999956846237,99.29600358009338,104.63999956846237,20,100,2026-09-07T21:15:30.100314+00:00
kaggle-vllm-m3-allreduce-raw-v1,kaggle-vllm-m3-two-rank-nccl-allreduce-v1,16384,float16,2,1,20,92.79999881982803,81.216000020504,92.79999881982803,20,100,2026-09-07T21:15:30.100314+00:00
kaggle-vllm-m3-allreduce-raw-v1,kaggle-vllm-m3-two-rank-nccl-allreduce-v1,16384,float16,2,1,21,92.6399976015091,102.27199643850327,102.27199643850327,20,100,2026-09-07T21:15:30.100314+00:00
kaggle-vllm-m3-allreduce-raw-v1,kaggle-vllm-m3-two-rank-nccl-allreduce-v1,16384,float16,2,1,22,86.17600053548813,81.91999793052673,86.17600053548813,20,100,2026-09-07T21:15:30.100314+00:00
kaggle-vllm-m3-allreduce-raw-v1,kaggle-vllm-m3-two-rank-nccl-allreduce-v1,16384,float16,2,1,23,88.03199976682663,93.56799721717834,93.56799721717834,20,100,2026-09-07T21:15:30.100314+00:00
kaggle-vllm-m3-allreduce-raw-v1,kaggle-vllm-m3-two-rank-nccl-allreduce-v1,16384,float16,2,1,24,83.96799862384796,80.86399734020233,83.96799862384796,20,100,2026-09-07T21:15:30.100314+00:00
kaggle-vllm-m3-allreduce-raw-v1,kaggle-vllm-m3-two-rank-nccl-allreduce-v1,16384,float16,2,1,25,90.68799763917923,88.54400366544724,90.68799763917923,20,100,2026-09-07T21:15:30.100314+00:00
kaggle-vllm-m3-allreduce-raw-v1,kaggle-vllm-m3-two-rank-nccl-allreduce-v1,16384,float16,2,1,26,100.35199671983719,147.61599898338318,147.61599898338318,20,100,2026-09-07T21:15:30.100314+00:00
kaggle-vllm-m3-allreduce-raw-v1,kaggle-vllm-m3-two-rank-nccl-allreduce-v1,16384,float16,2,1,27,85.9839990735054,81.91999793052673,85.9839990735054,20,100,2026-09-07T21:15:30.100314+00:00
kaggle-vllm-m3-allreduce-raw-v1,kaggle-vllm-m3-two-rank-nccl-allreduce-v1,16384,float16,2,1,28,83.96799862384796,86.11200004816055,86.11200004816055,20,100,2026-09-07T21:15:30.100314+00:00
kaggle-vllm-m3-allreduce-raw-v1,kaggle-vllm-m3-two-rank-nccl-allreduce-v1,16384,float16,2,1,29,94.14400160312653,83.0719992518425,94.14400160312653,20,100,2026-09-07T21:15:30.100314+00:00
kaggle-vllm-m3-allreduce-raw-v1,kaggle-vllm-m3-two-rank-nccl-allreduce-v1,16384,float16,2,1,30,135.00800728797913,163.2000058889389,163.2000058889389,20,100,2026-09-07T21:15:30.100314+00:00
kaggle-vllm-m3-allreduce-raw-v1,kaggle-vllm-m3-two-rank-nccl-allreduce-v1,16384,float16,2,1,31,84.60800349712372,94.52799707651138,94.52799707651138,20,100,2026-09-07T21:15:30.100314+00:00
kaggle-vllm-m3-allreduce-raw-v1,kaggle-vllm-m3-two-rank-nccl-allreduce-v1,16384,float16,2,1,32,99.23200309276581,97.88800030946732,99.23200309276581,20,100,2026-09-07T21:15:30.100314+00:00
kaggle-vllm-m3-allreduce-raw-v1,kaggle-vllm-m3-two-rank-nccl-allreduce-v1,16384,float16,2,1,33,105.27999699115753,101.72799974679947,105.27999699115753,20,100,2026-09-07T21:15:30.100314+00:00
kaggle-vllm-m3-allreduce-raw-v1,kaggle-vllm-m3-two-rank-nccl-allreduce-v1,16384,float16,2,1,34,95.39200365543365,118.78400295972824,118.78400295972824,20,100,2026-09-07T21:15:30.100314+00:00
kaggle-vllm-m3-allreduce-raw-v1,kaggle-vllm-m3-two-rank-nccl-allreduce-v1,16384,float16,2,1,35,86.07999980449677,78.59200239181519,86.07999980449677,20,100,2026-09-07T21:15:30.100314+00:00
kaggle-vllm-m3-allreduce-raw-v1,kaggle-vllm-m3-two-rank-nccl-allreduce-v1,16384,float16,2,1,36,85.91999858617783,84.51200276613235,85.91999858617783,20,100,2026-09-07T21:15:30.100314+00:00
kaggle-vllm-m3-allreduce-raw-v1,kaggle-vllm-m3-two-rank-nccl-allreduce-v1,16384,float16,2,1,37,90.08000046014786,81.7599967122078,90.08000046014786,20,100,2026-09-07T21:15:30.100314+00:00
kaggle-vllm-m3-allreduce-raw-v1,kaggle-vllm-m3-two-rank-nccl-allreduce-v1,16384,float16,2,1,38,91.07200056314468,89.21600133180618,91.07200056314468,20,100,2026-09-07T21:15:30.100314+00:00
kaggle-vllm-m3-allreduce-raw-v1,kaggle-vllm-m3-two-rank-nccl-allreduce-v1,16384,float16,2,1,39,114.62400108575821,154.11199629306793,154.11199629306793,20,100,2026-09-07T21:15:30.100314+00:00
kaggle-vllm-m3-allreduce-raw-v1,kaggle-vllm-m3-two-rank-nccl-allreduce-v1,16384,float16,2,1,40,84.76799726486206,83.48800241947174,84.76799726486206,20,100,2026-09-07T21:15:30.100314+00:00
kaggle-vllm-m3-allreduce-raw-v1,kaggle-vllm-m3-two-rank-nccl-allreduce-v1,16384,float16,2,1,41,94.87999975681305,84.09599959850311,94.87999975681305,20,100,2026-09-07T21:15:30.100314+00:00
kaggle-vllm-m3-allreduce-raw-v1,kaggle-vllm-m3-two-rank-nccl-allreduce-v1,16384,float16,2,1,42,82.46400207281113,89.85599875450134,89.85599875450134,20,100,2026-09-07T21:15:30.100314+00:00
kaggle-vllm-m3-allreduce-raw-v1,kaggle-vllm-m3-two-rank-nccl-allreduce-v1,16384,float16,2,1,43,86.17600053548813,85.60000360012054,86.17600053548813,20,100,2026-09-07T21:15:30.100314+00:00
kaggle-vllm-m3-allreduce-raw-v1,kaggle-vllm-m3-two-rank-nccl-allreduce-v1,16384,float16,2,1,44,85.37600189447403,96.96000069379807,96.96000069379807,20,100,2026-09-07T21:15:30.100314+00:00
kaggle-vllm-m3-allreduce-raw-v1,kaggle-vllm-m3-two-rank-nccl-allreduce-v1,16384,float16,2,1,45,96.6079980134964,81.91999793052673,96.6079980134964,20,100,2026-09-07T21:15:30.100314+00:00
kaggle-vllm-m3-allreduce-raw-v1,kaggle-vllm-m3-two-rank-nccl-allreduce-v1,16384,float16,2,1,46,85.88799834251404,93.91999989748001,93.91999989748001,20,100,2026-09-07T21:15:30.100314+00:00
kaggle-vllm-m3-allreduce-raw-v1,kaggle-vllm-m3-two-rank-nccl-allreduce-v1,16384,float16,2,1,47,86.01599931716919,80.92799782752991,86.01599931716919,20,100,2026-09-07T21:15:30.100314+00:00
kaggle-vllm-m3-allreduce-raw-v1,kaggle-vllm-m3-two-rank-nccl-allreduce-v1,16384,float16,2,1,48,85.91999858617783,83.83999764919281,85.91999858617783,20,100,2026-09-07T21:15:30.100314+00:00
kaggle-vllm-m3-allreduce-raw-v1,kaggle-vllm-m3-two-rank-nccl-allreduce-v1,16384,float16,2,1,49,112.41599917411804,105.66399991512299,112.41599917411804,20,100,2026-09-07T21:15:30.100314+00:00
kaggle-vllm-m3-allreduce-raw-v1,kaggle-vllm-m3-two-rank-nccl-allreduce-v1,16384,float16,2,1,50,82.56000280380249,88.44800293445587,88.44800293445587,20,100,2026-09-07T21:15:30.100314+00:00
kaggle-vllm-m3-allreduce-raw-v1,kaggle-vllm-m3-two-rank-nccl-allreduce-v1,16384,float16,2,1,51,325.439989566803,268.2879865169525,325.439989566803,20,100,2026-09-07T21:15:30.100314+00:00
kaggle-vllm-m3-allreduce-raw-v1,kaggle-vllm-m3-two-rank-nccl-allreduce-v1,16384,float16,2,1,52,104.99200224876404,100.70399940013885,104.99200224876404,20,100,2026-09-07T21:15:30.100314+00:00
kaggle-vllm-m3-allreduce-raw-v1,kaggle-vllm-m3-two-rank-nccl-allreduce-v1,16384,float16,2,1,53,88.95999938249588,85.95199882984161,88.95999938249588,20,100,2026-09-07T21:15:30.100314+00:00
kaggle-vllm-m3-allreduce-raw-v1,kaggle-vllm-m3-two-rank-nccl-allreduce-v1,16384,float16,2,1,54,89.79199826717377,86.01599931716919,89.79199826717377,20,100,2026-09-07T21:15:30.100314+00:00
kaggle-vllm-m3-allreduce-raw-v1,kaggle-vllm-m3-two-rank-nccl-allreduce-v1,16384,float16,2,1,55,103.32799702882767,159.743994474411,159.743994474411,20,100,2026-09-07T21:15:30.100314+00:00
kaggle-vllm-m3-allreduce-raw-v1,kaggle-vllm-m3-two-rank-nccl-allreduce-v1,16384,float16,2,1,56,95.74399888515472,84.54400300979614,95.74399888515472,20,100,2026-09-07T21:15:30.100314+00:00
kaggle-vllm-m3-allreduce-raw-v1,kaggle-vllm-m3-two-rank-nccl-allreduce-v1,16384,float16,2,1,57,86.04799956083298,96.38399630784988,96.38399630784988,20,100,2026-09-07T21:15:30.100314+00:00
kaggle-vllm-m3-allreduce-raw-v1,kaggle-vllm-m3-two-rank-nccl-allreduce-v1,16384,float16,2,1,58,104.22399640083313,108.92800241708755,108.92800241708755,20,100,2026-09-07T21:15:30.100314+00:00
kaggle-vllm-m3-allreduce-raw-v1,kaggle-vllm-m3-two-rank-nccl-allreduce-v1,16384,float16,2,1,59,83.96799862384796,80.70400357246399,83.96799862384796,20,100,2026-09-07T21:15:30.100314+00:00
kaggle-vllm-m3-allreduce-raw-v1,kaggle-vllm-m3-two-rank-nccl-allreduce-v1,16384,float16,2,1,60,104.35199737548828,93.6959981918335,104.35199737548828,20,100,2026-09-07T21:15:30.100314+00:00
kaggle-vllm-m3-allreduce-raw-v1,kaggle-vllm-m3-two-rank-nccl-allreduce-v1,16384,float16,2,1,61,82.75199681520462,81.91999793052673,82.75199681520462,20,100,2026-09-07T21:15:30.100314+00:00
kaggle-vllm-m3-allreduce-raw-v1,kaggle-vllm-m3-two-rank-nccl-allreduce-v1,16384,float16,2,1,62,87.55200356245041,94.08000111579895,94.08000111579895,20,100,2026-09-07T21:15:30.100314+00:00
kaggle-vllm-m3-allreduce-raw-v1,kaggle-vllm-m3-two-rank-nccl-allreduce-v1,16384,float16,2,1,63,85.56800335645676,81.44000172615051,85.56800335645676,20,100,2026-09-07T21:15:30.100314+00:00
kaggle-vllm-m3-allreduce-raw-v1,kaggle-vllm-m3-two-rank-nccl-allreduce-v1,16384,float16,2,1,64,97.120001912117,94.17600184679031,97.120001912117,20,100,2026-09-07T21:15:30.100314+00:00
kaggle-vllm-m3-allreduce-raw-v1,kaggle-vllm-m3-two-rank-nccl-allreduce-v1,16384,float16,2,1,65,131.71200454235077,170.81600427627563,170.81600427627563,20,100,2026-09-07T21:15:30.100314+00:00
kaggle-vllm-m3-allreduce-raw-v1,kaggle-vllm-m3-two-rank-nccl-allreduce-v1,16384,float16,2,1,66,95.0080007314682,104.63999956846237,104.63999956846237,20,100,2026-09-07T21:15:30.100314+00:00
kaggle-vllm-m3-allreduce-raw-v1,kaggle-vllm-m3-two-rank-nccl-allreduce-v1,16384,float16,2,1,67,120.19199877977371,118.46400052309036,120.19199877977371,20,100,2026-09-07T21:15:30.100314+00:00
kaggle-vllm-m3-allreduce-raw-v1,kaggle-vllm-m3-two-rank-nccl-allreduce-v1,16384,float16,2,1,68,108.19199681282043,143.16800236701965,143.16800236701965,20,100,2026-09-07T21:15:30.100314+00:00
kaggle-vllm-m3-allreduce-raw-v1,kaggle-vllm-m3-two-rank-nccl-allreduce-v1,16384,float16,2,1,69,92.03200042247772,84.76799726486206,92.03200042247772,20,100,2026-09-07T21:15:30.100314+00:00
kaggle-vllm-m3-allreduce-raw-v1,kaggle-vllm-m3-two-rank-nccl-allreduce-v1,16384,float16,2,1,70,85.9839990735054,92.22400188446045,92.22400188446045,20,100,2026-09-07T21:15:30.100314+00:00
kaggle-vllm-m3-allreduce-raw-v1,kaggle-vllm-m3-two-rank-nccl-allreduce-v1,16384,float16,2,1,71,83.20000022649765,79.71200346946716,83.20000022649765,20,100,2026-09-07T21:15:30.100314+00:00
kaggle-vllm-m3-allreduce-raw-v1,kaggle-vllm-m3-two-rank-nccl-allreduce-v1,16384,float16,2,1,72,85.9839990735054,81.95199817419052,85.9839990735054,20,100,2026-09-07T21:15:30.100314+00:00
kaggle-vllm-m3-allreduce-raw-v1,kaggle-vllm-m3-two-rank-nccl-allreduce-v1,16384,float16,2,1,73,90.14400094747543,80.32000064849854,90.14400094747543,20,100,2026-09-07T21:15:30.100314+00:00
kaggle-vllm-m3-allreduce-raw-v1,kaggle-vllm-m3-two-rank-nccl-allreduce-v1,16384,float16,2,1,74,83.67999643087387,90.01599997282028,90.01599997282028,20,100,2026-09-07T21:15:30.100314+00:00
kaggle-vllm-m3-allreduce-raw-v1,kaggle-vllm-m3-two-rank-nccl-allreduce-v1,16384,float16,2,1,75,105.02400249242783,103.93600165843964,105.02400249242783,20,100,2026-09-07T21:15:30.100314+00:00
kaggle-vllm-m3-allreduce-raw-v1,kaggle-vllm-m3-two-rank-nccl-allreduce-v1,16384,float16,2,1,76,83.99999886751175,81.85599744319916,83.99999886751175,20,100,2026-09-07T21:15:30.100314+00:00
kaggle-vllm-m3-allreduce-raw-v1,kaggle-vllm-m3-two-rank-nccl-allreduce-v1,16384,float16,2,1,77,89.40800279378891,86.01599931716919,89.40800279378891,20,100,2026-09-07T21:15:30.100314+00:00
kaggle-vllm-m3-allreduce-raw-v1,kaggle-vllm-m3-two-rank-nccl-allreduce-v1,16384,float16,2,1,78,92.03200042247772,83.10399949550629,92.03200042247772,20,100,2026-09-07T21:15:30.100314+00:00
kaggle-vllm-m3-allreduce-raw-v1,kaggle-vllm-m3-two-rank-nccl-allreduce-v1,16384,float16,2,1,79,82.84799754619598,95.87199985980988,95.87199985980988,20,100,2026-09-07T21:15:30.100314+00:00
kaggle-vllm-m3-allreduce-raw-v1,kaggle-vllm-m3-two-rank-nccl-allreduce-v1,16384,float16,2,1,80,92.41600334644318,79.93599772453308,92.41600334644318,20,100,2026-09-07T21:15:30.100314+00:00
kaggle-vllm-m3-allreduce-raw-v1,kaggle-vllm-m3-two-rank-nccl-allreduce-v1,16384,float16,2,1,81,190.94400107860565,176.79999768733978,190.94400107860565,20,100,2026-09-07T21:15:30.100314+00:00
kaggle-vllm-m3-allreduce-raw-v1,kaggle-vllm-m3-two-rank-nccl-allreduce-v1,16384,float16,2,1,82,108.83200168609619,92.0960009098053,108.83200168609619,20,100,2026-09-07T21:15:30.100314+00:00
kaggle-vllm-m3-allreduce-raw-v1,kaggle-vllm-m3-two-rank-nccl-allreduce-v1,16384,float16,2,1,83,87.5839963555336,92.67199784517288,92.67199784517288,20,100,2026-09-07T21:15:30.100314+00:00
kaggle-vllm-m3-allreduce-raw-v1,kaggle-vllm-m3-two-rank-nccl-allreduce-v1,16384,float16,2,1,84,86.04799956083298,81.91999793052673,86.04799956083298,20,100,2026-09-07T21:15:30.100314+00:00
kaggle-vllm-m3-allreduce-raw-v1,kaggle-vllm-m3-two-rank-nccl-allreduce-v1,16384,float16,2,1,85,90.11200070381165,84.60800349712372,90.11200070381165,20,100,2026-09-07T21:15:30.100314+00:00
kaggle-vllm-m3-allreduce-raw-v1,kaggle-vllm-m3-two-rank-nccl-allreduce-v1,16384,float16,2,1,86,131.6159963607788,101.82400047779083,131.6159963607788,20,100,2026-09-07T21:15:30.100314+00:00
kaggle-vllm-m3-allreduce-raw-v1,kaggle-vllm-m3-two-rank-nccl-allreduce-v1,16384,float16,2,1,87,83.93599838018417,81.53600245714188,83.93599838018417,20,100,2026-09-07T21:15:30.100314+00:00
kaggle-vllm-m3-allreduce-raw-v1,kaggle-vllm-m3-two-rank-nccl-allreduce-v1,16384,float16,2,1,88,86.87999844551086,86.01599931716919,86.87999844551086,20,100,2026-09-07T21:15:30.100314+00:00
kaggle-vllm-m3-allreduce-raw-v1,kaggle-vllm-m3-two-rank-nccl-allreduce-v1,16384,float16,2,1,89,94.33600306510925,79.83999699354172,94.33600306510925,20,100,2026-09-07T21:15:30.100314+00:00
kaggle-vllm-m3-allreduce-raw-v1,kaggle-vllm-m3-two-rank-nccl-allreduce-v1,16384,float16,2,1,90,93.44000369310379,83.48800241947174,93.44000369310379,20,100,2026-09-07T21:15:30.100314+00:00
kaggle-vllm-m3-allreduce-raw-v1,kaggle-vllm-m3-two-rank-nccl-allreduce-v1,16384,float16,2,1,91,130.97600638866425,159.64800119400024,159.64800119400024,20,100,2026-09-07T21:15:30.100314+00:00
kaggle-vllm-m3-allreduce-raw-v1,kaggle-vllm-m3-two-rank-nccl-allreduce-v1,16384,float16,2,1,92,85.69599688053131,104.41599786281586,104.41599786281586,20,100,2026-09-07T21:15:30.100314+00:00
kaggle-vllm-m3-allreduce-raw-v1,kaggle-vllm-m3-two-rank-nccl-allreduce-v1,16384,float16,2,1,93,85.53600311279297,90.11200070381165,90.11200070381165,20,100,2026-09-07T21:15:30.100314+00:00
kaggle-vllm-m3-allreduce-raw-v1,kaggle-vllm-m3-two-rank-nccl-allreduce-v1,16384,float16,2,1,94,84.19200032949448,81.15199953317642,84.19200032949448,20,100,2026-09-07T21:15:30.100314+00:00
kaggle-vllm-m3-allreduce-raw-v1,kaggle-vllm-m3-two-rank-nccl-allreduce-v1,16384,float16,2,1,95,84.03199911117554,85.95199882984161,85.95199882984161,20,100,2026-09-07T21:15:30.100314+00:00
kaggle-vllm-m3-allreduce-raw-v1,kaggle-vllm-m3-two-rank-nccl-allreduce-v1,16384,float16,2,1,96,120.86399644613266,126.94400548934937,126.94400548934937,20,100,2026-09-07T21:15:30.100314+00:00
kaggle-vllm-m3-allreduce-raw-v1,kaggle-vllm-m3-two-rank-nccl-allreduce-v1,16384,float16,2,1,97,95.77599912881851,94.17600184679031,95.77599912881851,20,100,2026-09-07T21:15:30.100314+00:00
kaggle-vllm-m3-allreduce-raw-v1,kaggle-vllm-m3-two-rank-nccl-allreduce-v1,16384,float16,2,1,98,106.49599879980087,100.47999769449234,106.49599879980087,20,100,2026-09-07T21:15:30.100314+00:00
kaggle-vllm-m3-allreduce-raw-v1,kaggle-vllm-m3-two-rank-nccl-allreduce-v1,16384,float16,2,1,99,100.51199793815613,98.78399968147278,100.51199793815613,20,100,2026-09-07T21:15:30.100314+00:00
kaggle-vllm-m3-allreduce-raw-v1,kaggle-vllm-m3-two-rank-nccl-allreduce-v1,65536,float16,2,1,0,104.41599786281586,102.36799716949463,104.41599786281586,20,100,2026-09-07T21:15:30.138963+00:00
kaggle-vllm-m3-allreduce-raw-v1,kaggle-vllm-m3-two-rank-nccl-allreduce-v1,65536,float16,2,1,1,108.2879975438118,141.34399592876434,141.34399592876434,20,100,2026-09-07T21:15:30.138963+00:00
kaggle-vllm-m3-allreduce-raw-v1,kaggle-vllm-m3-two-rank-nccl-allreduce-v1,65536,float16,2,1,2,98.43199700117111,101.75999999046326,101.75999999046326,20,100,2026-09-07T21:15:30.138963+00:00
kaggle-vllm-m3-allreduce-raw-v1,kaggle-vllm-m3-two-rank-nccl-allreduce-v1,65536,float16,2,1,3,94.7519987821579,100.28800368309021,100.28800368309021,20,100,2026-09-07T21:15:30.138963+00:00
kaggle-vllm-m3-allreduce-raw-v1,kaggle-vllm-m3-two-rank-nccl-allreduce-v1,65536,float16,2,1,4,152.73599326610565,160.35200655460358,160.35200655460358,20,100,2026-09-07T21:15:30.138963+00:00
kaggle-vllm-m3-allreduce-raw-v1,kaggle-vllm-m3-two-rank-nccl-allreduce-v1,65536,float16,2,1,5,97.05600142478943,91.71199798583984,97.05600142478943,20,100,2026-09-07T21:15:30.138963+00:00
kaggle-vllm-m3-allreduce-raw-v1,kaggle-vllm-m3-two-rank-nccl-allreduce-v1,65536,float16,2,1,6,97.08800166845322,99.55199807882309,99.55199807882309,20,100,2026-09-07T21:15:30.138963+00:00
kaggle-vllm-m3-allreduce-raw-v1,kaggle-vllm-m3-two-rank-nccl-allreduce-v1,65536,float16,2,1,7,176.15999281406403,152.25599706172943,176.15999281406403,20,100,2026-09-07T21:15:30.138963+00:00
kaggle-vllm-m3-allreduce-raw-v1,kaggle-vllm-m3-two-rank-nccl-allreduce-v1,65536,float16,2,1,8,98.33600372076035,93.75999867916107,98.33600372076035,20,100,2026-09-07T21:15:30.138963+00:00
kaggle-vllm-m3-allreduce-raw-v1,kaggle-vllm-m3-two-rank-nccl-allreduce-v1,65536,float16,2,1,9,98.4639972448349,104.54399883747101,104.54399883747101,20,100,2026-09-07T21:15:30.138963+00:00
kaggle-vllm-m3-allreduce-raw-v1,kaggle-vllm-m3-two-rank-nccl-allreduce-v1,65536,float16,2,1,10,155.96799552440643,107.61599987745285,155.96799552440643,20,100,2026-09-07T21:15:30.138963+00:00
kaggle-vllm-m3-allreduce-raw-v1,kaggle-vllm-m3-two-rank-nccl-allreduce-v1,65536,float16,2,1,11,99.29600358009338,108.31999778747559,108.31999778747559,20,100,2026-09-07T21:15:30.138963+00:00
kaggle-vllm-m3-allreduce-raw-v1,kaggle-vllm-m3-two-rank-nccl-allreduce-v1,65536,float16,2,1,12,100.5759984254837,96.16000205278397,100.5759984254837,20,100,2026-09-07T21:15:30.138963+00:00
kaggle-vllm-m3-allreduce-raw-v1,kaggle-vllm-m3-two-rank-nccl-allreduce-v1,65536,float16,2,1,13,100.47999769449234,100.41599720716476,100.47999769449234,20,100,2026-09-07T21:15:30.138963+00:00
kaggle-vllm-m3-allreduce-raw-v1,kaggle-vllm-m3-two-rank-nccl-allreduce-v1,65536,float16,2,1,14,96.25600278377533,96.28800302743912,96.28800302743912,20,100,2026-09-07T21:15:30.138963+00:00
kaggle-vllm-m3-allreduce-raw-v1,kaggle-vllm-m3-two-rank-nccl-allreduce-v1,65536,float16,2,1,15,139.26400244235992,146.59200608730316,146.59200608730316,20,100,2026-09-07T21:15:30.138963+00:00
kaggle-vllm-m3-allreduce-raw-v1,kaggle-vllm-m3-two-rank-nccl-allreduce-v1,65536,float16,2,1,16,104.12800312042236,95.23200243711472,104.12800312042236,20,100,2026-09-07T21:15:30.138963+00:00
kaggle-vllm-m3-allreduce-raw-v1,kaggle-vllm-m3-two-rank-nccl-allreduce-v1,65536,float16,2,1,17,113.27999830245972,104.47999835014343,113.27999830245972,20,100,2026-09-07T21:15:30.138963+00:00
kaggle-vllm-m3-allreduce-raw-v1,kaggle-vllm-m3-two-rank-nccl-allreduce-v1,65536,float16,2,1,18,106.75200074911118,101.98400169610977,106.75200074911118,20,100,2026-09-07T21:15:30.138963+00:00
kaggle-vllm-m3-allreduce-raw-v1,kaggle-vllm-m3-two-rank-nccl-allreduce-v1,65536,float16,2,1,19,114.68800157308578,104.73600029945374,114.68800157308578,20,100,2026-09-07T21:15:30.138963+00:00
kaggle-vllm-m3-allreduce-raw-v1,kaggle-vllm-m3-two-rank-nccl-allreduce-v1,65536,float16,2,1,20,105.0880029797554,99.23200309276581,105.0880029797554,20,100,2026-09-07T21:15:30.138963+00:00
kaggle-vllm-m3-allreduce-raw-v1,kaggle-vllm-m3-two-rank-nccl-allreduce-v1,65536,float16,2,1,21,101.59999877214432,98.33600372076035,101.59999877214432,20,100,2026-09-07T21:15:30.138963+00:00
kaggle-vllm-m3-allreduce-raw-v1,kaggle-vllm-m3-two-rank-nccl-allreduce-v1,65536,float16,2,1,22,115.42399972677231,114.9120032787323,115.42399972677231,20,100,2026-09-07T21:15:30.138963+00:00
kaggle-vllm-m3-allreduce-raw-v1,kaggle-vllm-m3-two-rank-nccl-allreduce-v1,65536,float16,2,1,23,100.35199671983719,118.84800344705582,118.84800344705582,20,100,2026-09-07T21:15:30.138963+00:00
kaggle-vllm-m3-allreduce-raw-v1,kaggle-vllm-m3-two-rank-nccl-allreduce-v1,65536,float16,2,1,24,97.28000313043594,102.39999741315842,102.39999741315842,20,100,2026-09-07T21:15:30.138963+00:00
kaggle-vllm-m3-allreduce-raw-v1,kaggle-vllm-m3-two-rank-nccl-allreduce-v1,65536,float16,2,1,25,94.2080020904541,92.03200042247772,94.2080020904541,20,100,2026-09-07T21:15:30.138963+00:00
kaggle-vllm-m3-allreduce-raw-v1,kaggle-vllm-m3-two-rank-nccl-allreduce-v1,65536,float16,2,1,26,98.27200323343277,106.55999928712845,106.55999928712845,20,100,2026-09-07T21:15:30.138963+00:00
kaggle-vllm-m3-allreduce-raw-v1,kaggle-vllm-m3-two-rank-nccl-allreduce-v1,65536,float16,2,1,27,98.33600372076035,102.33599692583084,102.33599692583084,20,100,2026-09-07T21:15:30.138963+00:00
kaggle-vllm-m3-allreduce-raw-v1,kaggle-vllm-m3-two-rank-nccl-allreduce-v1,65536,float16,2,1,28,95.61599791049957,92.51199662685394,95.61599791049957,20,100,2026-09-07T21:15:30.138963+00:00
kaggle-vllm-m3-allreduce-raw-v1,kaggle-vllm-m3-two-rank-nccl-allreduce-v1,65536,float16,2,1,29,110.68800091743469,92.54399687051773,110.68800091743469,20,100,2026-09-07T21:15:30.138963+00:00
kaggle-vllm-m3-allreduce-raw-v1,kaggle-vllm-m3-two-rank-nccl-allreduce-v1,65536,float16,2,1,30,96.09600156545639,94.2080020904541,96.09600156545639,20,100,2026-09-07T21:15:30.138963+00:00
kaggle-vllm-m3-allreduce-raw-v1,kaggle-vllm-m3-two-rank-nccl-allreduce-v1,65536,float16,2,1,31,95.51999717950821,90.17600119113922,95.51999717950821,20,100,2026-09-07T21:15:30.138963+00:00
kaggle-vllm-m3-allreduce-raw-v1,kaggle-vllm-m3-two-rank-nccl-allreduce-v1,65536,float16,2,1,32,110.52799969911575,107.4879989027977,110.52799969911575,20,100,2026-09-07T21:15:30.138963+00:00
kaggle-vllm-m3-allreduce-raw-v1,kaggle-vllm-m3-two-rank-nccl-allreduce-v1,65536,float16,2,1,33,96.54399752616882,92.67199784517288,96.54399752616882,20,100,2026-09-07T21:15:30.138963+00:00
kaggle-vllm-m3-allreduce-raw-v1,kaggle-vllm-m3-two-rank-nccl-allreduce-v1,65536,float16,2,1,34,96.3520035147667,99.58399832248688,99.58399832248688,20,100,2026-09-07T21:15:30.138963+00:00
kaggle-vllm-m3-allreduce-raw-v1,kaggle-vllm-m3-two-rank-nccl-allreduce-v1,65536,float16,2,1,35,119.26399916410446,154.01600301265717,154.01600301265717,20,100,2026-09-07T21:15:30.138963+00:00
kaggle-vllm-m3-allreduce-raw-v1,kaggle-vllm-m3-two-rank-nccl-allreduce-v1,65536,float16,2,1,36,97.69599884748459,94.2080020904541,97.69599884748459,20,100,2026-09-07T21:15:30.138963+00:00
kaggle-vllm-m3-allreduce-raw-v1,kaggle-vllm-m3-two-rank-nccl-allreduce-v1,65536,float16,2,1,37,96.63999825716019,92.19200164079666,96.63999825716019,20,100,2026-09-07T21:15:30.138963+00:00
kaggle-vllm-m3-allreduce-raw-v1,kaggle-vllm-m3-two-rank-nccl-allreduce-v1,65536,float16,2,1,38,93.02400052547455,94.46399658918381,94.46399658918381,20,100,2026-09-07T21:15:30.138963+00:00
kaggle-vllm-m3-allreduce-raw-v1,kaggle-vllm-m3-two-rank-nccl-allreduce-v1,65536,float16,2,1,39,96.28800302743912,94.17600184679031,96.28800302743912,20,100,2026-09-07T21:15:30.138963+00:00
kaggle-vllm-m3-allreduce-raw-v1,kaggle-vllm-m3-two-rank-nccl-allreduce-v1,65536,float16,2,1,40,99.84000027179718,98.9760011434555,99.84000027179718,20,100,2026-09-07T21:15:30.138963+00:00
kaggle-vllm-m3-allreduce-raw-v1,kaggle-vllm-m3-two-rank-nccl-allreduce-v1,65536,float16,2,1,41,94.52799707651138,90.11200070381165,94.52799707651138,20,100,2026-09-07T21:15:30.138963+00:00
kaggle-vllm-m3-allreduce-raw-v1,kaggle-vllm-m3-two-rank-nccl-allreduce-v1,65536,float16,2,1,42,106.39999806880951,92.73599833250046,106.39999806880951,20,100,2026-09-07T21:15:30.138963+00:00
kaggle-vllm-m3-allreduce-raw-v1,kaggle-vllm-m3-two-rank-nccl-allreduce-v1,65536,float16,2,1,43,94.78399902582169,99.23200309276581,99.23200309276581,20,100,2026-09-07T21:15:30.138963+00:00
kaggle-vllm-m3-allreduce-raw-v1,kaggle-vllm-m3-two-rank-nccl-allreduce-v1,65536,float16,2,1,44,92.00000017881393,88.0960002541542,92.00000017881393,20,100,2026-09-07T21:15:30.138963+00:00
kaggle-vllm-m3-allreduce-raw-v1,kaggle-vllm-m3-two-rank-nccl-allreduce-v1,65536,float16,2,1,45,100.76799988746643,98.01600128412247,100.76799988746643,20,100,2026-09-07T21:15:30.138963+00:00
kaggle-vllm-m3-allreduce-raw-v1,kaggle-vllm-m3-two-rank-nccl-allreduce-v1,65536,float16,2,1,46,93.98400038480759,92.6079973578453,93.98400038480759,20,100,2026-09-07T21:15:30.138963+00:00
kaggle-vllm-m3-allreduce-raw-v1,kaggle-vllm-m3-two-rank-nccl-allreduce-v1,65536,float16,2,1,47,99.61599856615067,116.41599982976913,116.41599982976913,20,100,2026-09-07T21:15:30.138963+00:00
kaggle-vllm-m3-allreduce-raw-v1,kaggle-vllm-m3-two-rank-nccl-allreduce-v1,65536,float16,2,1,48,121.34400010108948,114.81600254774094,121.34400010108948,20,100,2026-09-07T21:15:30.138963+00:00
kaggle-vllm-m3-allreduce-raw-v1,kaggle-vllm-m3-two-rank-nccl-allreduce-v1,65536,float16,2,1,49,104.44799810647964,98.33600372076035,104.44799810647964,20,100,2026-09-07T21:15:30.138963+00:00
kaggle-vllm-m3-allreduce-raw-v1,kaggle-vllm-m3-two-rank-nccl-allreduce-v1,65536,float16,2,1,50,108.76800119876862,108.57599973678589,108.76800119876862,20,100,2026-09-07T21:15:30.138963+00:00
kaggle-vllm-m3-allreduce-raw-v1,kaggle-vllm-m3-two-rank-nccl-allreduce-v1,65536,float16,2,1,51,92.12800115346909,96.3200032711029,96.3200032711029,20,100,2026-09-07T21:15:30.138963+00:00
kaggle-vllm-m3-allreduce-raw-v1,kaggle-vllm-m3-two-rank-nccl-allreduce-v1,65536,float16,2,1,52,98.52799773216248,94.17600184679031,98.52799773216248,20,100,2026-09-07T21:15:30.138963+00:00
kaggle-vllm-m3-allreduce-raw-v1,kaggle-vllm-m3-two-rank-nccl-allreduce-v1,65536,float16,2,1,53,96.28800302743912,93.40800344944,96.28800302743912,20,100,2026-09-07T21:15:30.138963+00:00
kaggle-vllm-m3-allreduce-raw-v1,kaggle-vllm-m3-two-rank-nccl-allreduce-v1,65536,float16,2,1,54,95.83999961614609,95.87199985980988,95.87199985980988,20,100,2026-09-07T21:15:30.138963+00:00
kaggle-vllm-m3-allreduce-raw-v1,kaggle-vllm-m3-two-rank-nccl-allreduce-v1,65536,float16,2,1,55,103.84000092744827,98.04800152778625,103.84000092744827,20,100,2026-09-07T21:15:30.138963+00:00
kaggle-vllm-m3-allreduce-raw-v1,kaggle-vllm-m3-two-rank-nccl-allreduce-v1,65536,float16,2,1,56,102.55999863147736,92.6079973578453,102.55999863147736,20,100,2026-09-07T21:15:30.138963+00:00
kaggle-vllm-m3-allreduce-raw-v1,kaggle-vllm-m3-two-rank-nccl-allreduce-v1,65536,float16,2,1,57,94.4959968328476,92.3520028591156,94.4959968328476,20,100,2026-09-07T21:15:30.138963+00:00
kaggle-vllm-m3-allreduce-raw-v1,kaggle-vllm-m3-two-rank-nccl-allreduce-v1,65536,float16,2,1,58,99.64799880981445,97.4079966545105,99.64799880981445,20,100,2026-09-07T21:15:30.138963+00:00
kaggle-vllm-m3-allreduce-raw-v1,kaggle-vllm-m3-two-rank-nccl-allreduce-v1,65536,float16,2,1,59,93.79199892282486,92.73599833250046,93.79199892282486,20,100,2026-09-07T21:15:30.138963+00:00
kaggle-vllm-m3-allreduce-raw-v1,kaggle-vllm-m3-two-rank-nccl-allreduce-v1,65536,float16,2,1,60,94.24000233411789,94.14400160312653,94.24000233411789,20,100,2026-09-07T21:15:30.138963+00:00
kaggle-vllm-m3-allreduce-raw-v1,kaggle-vllm-m3-two-rank-nccl-allreduce-v1,65536,float16,2,1,61,94.08000111579895,91.36000275611877,94.08000111579895,20,100,2026-09-07T21:15:30.138963+00:00
kaggle-vllm-m3-allreduce-raw-v1,kaggle-vllm-m3-two-rank-nccl-allreduce-v1,65536,float16,2,1,62,106.20799660682678,92.19200164079666,106.20799660682678,20,100,2026-09-07T21:15:30.138963+00:00
kaggle-vllm-m3-allreduce-raw-v1,kaggle-vllm-m3-two-rank-nccl-allreduce-v1,65536,float16,2,1,63,102.36799716949463,96.57599776983261,102.36799716949463,20,100,2026-09-07T21:15:30.138963+00:00
kaggle-vllm-m3-allreduce-raw-v1,kaggle-vllm-m3-two-rank-nccl-allreduce-v1,65536,float16,2,1,64,97.56799787282944,92.6399976015091,97.56799787282944,20,100,2026-09-07T21:15:30.138963+00:00
kaggle-vllm-m3-allreduce-raw-v1,kaggle-vllm-m3-two-rank-nccl-allreduce-v1,65536,float16,2,1,65,104.3199971318245,96.25600278377533,104.3199971318245,20,100,2026-09-07T21:15:30.138963+00:00
kaggle-vllm-m3-allreduce-raw-v1,kaggle-vllm-m3-two-rank-nccl-allreduce-v1,65536,float16,2,1,66,93.82399916648865,91.2960022687912,93.82399916648865,20,100,2026-09-07T21:15:30.138963+00:00
kaggle-vllm-m3-allreduce-raw-v1,kaggle-vllm-m3-two-rank-nccl-allreduce-v1,65536,float16,2,1,67,101.08800232410431,115.68000167608261,115.68000167608261,20,100,2026-09-07T21:15:30.138963+00:00
kaggle-vllm-m3-allreduce-raw-v1,kaggle-vllm-m3-two-rank-nccl-allreduce-v1,65536,float16,2,1,68,123.77600371837616,133.15199315547943,133.15199315547943,20,100,2026-09-07T21:15:30.138963+00:00
kaggle-vllm-m3-allreduce-raw-v1,kaggle-vllm-m3-two-rank-nccl-allreduce-v1,65536,float16,2,1,69,100.22400319576263,100.35199671983719,100.35199671983719,20,100,2026-09-07T21:15:30.138963+00:00
kaggle-vllm-m3-allreduce-raw-v1,kaggle-vllm-m3-two-rank-nccl-allreduce-v1,65536,float16,2,1,70,101.50399804115295,98.30400347709656,101.50399804115295,20,100,2026-09-07T21:15:30.138963+00:00
kaggle-vllm-m3-allreduce-raw-v1,kaggle-vllm-m3-two-rank-nccl-allreduce-v1,65536,float16,2,1,71,98.39999675750732,98.4639972448349,98.4639972448349,20,100,2026-09-07T21:15:30.138963+00:00
kaggle-vllm-m3-allreduce-raw-v1,kaggle-vllm-m3-two-rank-nccl-allreduce-v1,65536,float16,2,1,72,96.79999947547913,92.06400066614151,96.79999947547913,20,100,2026-09-07T21:15:30.138963+00:00
kaggle-vllm-m3-allreduce-raw-v1,kaggle-vllm-m3-two-rank-nccl-allreduce-v1,65536,float16,2,1,73,100.38399696350098,96.25600278377533,100.38399696350098,20,100,2026-09-07T21:15:30.138963+00:00
kaggle-vllm-m3-allreduce-raw-v1,kaggle-vllm-m3-two-rank-nccl-allreduce-v1,65536,float16,2,1,74,114.17599767446518,114.3679991364479,114.3679991364479,20,100,2026-09-07T21:15:30.138963+00:00
kaggle-vllm-m3-allreduce-raw-v1,kaggle-vllm-m3-two-rank-nccl-allreduce-v1,65536,float16,2,1,75,96.0640013217926,100.0640019774437,100.0640019774437,20,100,2026-09-07T21:15:30.138963+00:00
kaggle-vllm-m3-allreduce-raw-v1,kaggle-vllm-m3-two-rank-nccl-allreduce-v1,65536,float16,2,1,76,96.76799923181534,93.24800223112106,96.76799923181534,20,100,2026-09-07T21:15:30.138963+00:00
kaggle-vllm-m3-allreduce-raw-v1,kaggle-vllm-m3-two-rank-nccl-allreduce-v1,65536,float16,2,1,77,96.25600278377533,93.05600076913834,96.25600278377533,20,100,2026-09-07T21:15:30.138963+00:00
kaggle-vllm-m3-allreduce-raw-v1,kaggle-vllm-m3-two-rank-nccl-allreduce-v1,65536,float16,2,1,78,118.78400295972824,152.19199657440186,152.19199657440186,20,100,2026-09-07T21:15:30.138963+00:00
kaggle-vllm-m3-allreduce-raw-v1,kaggle-vllm-m3-two-rank-nccl-allreduce-v1,65536,float16,2,1,79,101.88800096511841,110.6560006737709,110.6560006737709,20,100,2026-09-07T21:15:30.138963+00:00
kaggle-vllm-m3-allreduce-raw-v1,kaggle-vllm-m3-two-rank-nccl-allreduce-v1,65536,float16,2,1,80,187.8719925880432,192.51200556755066,192.51200556755066,20,100,2026-09-07T21:15:30.138963+00:00
kaggle-vllm-m3-allreduce-raw-v1,kaggle-vllm-m3-two-rank-nccl-allreduce-v1,65536,float16,2,1,81,103.84000092744827,98.7199991941452,103.84000092744827,20,100,2026-09-07T21:15:30.138963+00:00
kaggle-vllm-m3-allreduce-raw-v1,kaggle-vllm-m3-two-rank-nccl-allreduce-v1,65536,float16,2,1,82,111.23199760913849,110.62400043010712,111.23199760913849,20,100,2026-09-07T21:15:30.138963+00:00
kaggle-vllm-m3-allreduce-raw-v1,kaggle-vllm-m3-two-rank-nccl-allreduce-v1,65536,float16,2,1,83,105.50399869680405,177.98399925231934,177.98399925231934,20,100,2026-09-07T21:15:30.138963+00:00
kaggle-vllm-m3-allreduce-raw-v1,kaggle-vllm-m3-two-rank-nccl-allreduce-v1,65536,float16,2,1,84,94.24000233411789,98.04800152778625,98.04800152778625,20,100,2026-09-07T21:15:30.138963+00:00
kaggle-vllm-m3-allreduce-raw-v1,kaggle-vllm-m3-two-rank-nccl-allreduce-v1,65536,float16,2,1,85,94.97600048780441,90.14400094747543,94.97600048780441,20,100,2026-09-07T21:15:30.138963+00:00
kaggle-vllm-m3-allreduce-raw-v1,kaggle-vllm-m3-two-rank-nccl-allreduce-v1,65536,float16,2,1,86,156.92800283432007,156.8319946527481,156.92800283432007,20,100,2026-09-07T21:15:30.138963+00:00
kaggle-vllm-m3-allreduce-raw-v1,kaggle-vllm-m3-two-rank-nccl-allreduce-v1,65536,float16,2,1,87,95.90400010347366,94.2080020904541,95.90400010347366,20,100,2026-09-07T21:15:30.138963+00:00
kaggle-vllm-m3-allreduce-raw-v1,kaggle-vllm-m3-two-rank-nccl-allreduce-v1,65536,float16,2,1,88,95.20000219345093,96.25600278377533,96.25600278377533,20,100,2026-09-07T21:15:30.138963+00:00
kaggle-vllm-m3-allreduce-raw-v1,kaggle-vllm-m3-two-rank-nccl-allreduce-v1,65536,float16,2,1,89,114.3999993801117,88.128000497818,114.3999993801117,20,100,2026-09-07T21:15:30.138963+00:00
kaggle-vllm-m3-allreduce-raw-v1,kaggle-vllm-m3-two-rank-nccl-allreduce-v1,65536,float16,2,1,90,103.20000350475311,92.16000139713287,103.20000350475311,20,100,2026-09-07T21:15:30.138963+00:00
kaggle-vllm-m3-allreduce-raw-v1,kaggle-vllm-m3-two-rank-nccl-allreduce-v1,65536,float16,2,1,91,98.30400347709656,106.33599758148193,106.33599758148193,20,100,2026-09-07T21:15:30.138963+00:00
kaggle-vllm-m3-allreduce-raw-v1,kaggle-vllm-m3-two-rank-nccl-allreduce-v1,65536,float16,2,1,92,149.50400590896606,3019.6480751037598,3019.6480751037598,20,100,2026-09-07T21:15:30.138963+00:00
kaggle-vllm-m3-allreduce-raw-v1,kaggle-vllm-m3-two-rank-nccl-allreduce-v1,65536,float16,2,1,93,102.33599692583084,97.79199957847595,102.33599692583084,20,100,2026-09-07T21:15:30.138963+00:00
kaggle-vllm-m3-allreduce-raw-v1,kaggle-vllm-m3-two-rank-nccl-allreduce-v1,65536,float16,2,1,94,95.23200243711472,92.6079973578453,95.23200243711472,20,100,2026-09-07T21:15:30.138963+00:00
kaggle-vllm-m3-allreduce-raw-v1,kaggle-vllm-m3-two-rank-nccl-allreduce-v1,65536,float16,2,1,95,95.61599791049957,91.90399944782257,95.61599791049957,20,100,2026-09-07T21:15:30.138963+00:00
kaggle-vllm-m3-allreduce-raw-v1,kaggle-vllm-m3-two-rank-nccl-allreduce-v1,65536,float16,2,1,96,104.89600151777267,94.24000233411789,104.89600151777267,20,100,2026-09-07T21:15:30.138963+00:00
kaggle-vllm-m3-allreduce-raw-v1,kaggle-vllm-m3-two-rank-nccl-allreduce-v1,65536,float16,2,1,97,99.90400075912476,96.25600278377533,99.90400075912476,20,100,2026-09-07T21:15:30.138963+00:00
kaggle-vllm-m3-allreduce-raw-v1,kaggle-vllm-m3-two-rank-nccl-allreduce-v1,65536,float16,2,1,98,96.38399630784988,92.76799857616425,96.38399630784988,20,100,2026-09-07T21:15:30.138963+00:00
kaggle-vllm-m3-allreduce-raw-v1,kaggle-vllm-m3-two-rank-nccl-allreduce-v1,65536,float16,2,1,99,100.35199671983719,96.25600278377533,100.35199671983719,20,100,2026-09-07T21:15:30.138963+00:00
kaggle-vllm-m3-allreduce-raw-v1,kaggle-vllm-m3-two-rank-nccl-allreduce-v1,262144,float16,2,1,0,184.35199558734894,172.03199863433838,184.35199558734894,20,100,2026-09-07T21:15:30.188105+00:00
kaggle-vllm-m3-allreduce-raw-v1,kaggle-vllm-m3-two-rank-nccl-allreduce-v1,262144,float16,2,1,1,167.93599724769592,163.83999586105347,167.93599724769592,20,100,2026-09-07T21:15:30.188105+00:00
kaggle-vllm-m3-allreduce-raw-v1,kaggle-vllm-m3-two-rank-nccl-allreduce-v1,262144,float16,2,1,2,170.23999989032745,167.55199432373047,170.23999989032745,20,100,2026-09-07T21:15:30.188105+00:00
kaggle-vllm-m3-allreduce-raw-v1,kaggle-vllm-m3-two-rank-nccl-allreduce-v1,262144,float16,2,1,3,159.96800363063812,153.53600680828094,159.96800363063812,20,100,2026-09-07T21:15:30.188105+00:00
kaggle-vllm-m3-allreduce-raw-v1,kaggle-vllm-m3-two-rank-nccl-allreduce-v1,262144,float16,2,1,4,159.743994474411,159.7760021686554,159.7760021686554,20,100,2026-09-07T21:15:30.188105+00:00
kaggle-vllm-m3-allreduce-raw-v1,kaggle-vllm-m3-two-rank-nccl-allreduce-v1,262144,float16,2,1,5,174.0799993276596,165.92000424861908,174.0799993276596,20,100,2026-09-07T21:15:30.188105+00:00
kaggle-vllm-m3-allreduce-raw-v1,kaggle-vllm-m3-two-rank-nccl-allreduce-v1,262144,float16,2,1,6,161.85599565505981,155.61600029468536,161.85599565505981,20,100,2026-09-07T21:15:30.188105+00:00
kaggle-vllm-m3-allreduce-raw-v1,kaggle-vllm-m3-two-rank-nccl-allreduce-v1,262144,float16,2,1,7,166.72000288963318,151.5199989080429,166.72000288963318,20,100,2026-09-07T21:15:30.188105+00:00
kaggle-vllm-m3-allreduce-raw-v1,kaggle-vllm-m3-two-rank-nccl-allreduce-v1,262144,float16,2,1,8,161.3759994506836,154.94400262832642,161.3759994506836,20,100,2026-09-07T21:15:30.188105+00:00
kaggle-vllm-m3-allreduce-raw-v1,kaggle-vllm-m3-two-rank-nccl-allreduce-v1,262144,float16,2,1,9,167.9680049419403,197.11999595165253,197.11999595165253,20,100,2026-09-07T21:15:30.188105+00:00
kaggle-vllm-m3-allreduce-raw-v1,kaggle-vllm-m3-two-rank-nccl-allreduce-v1,262144,float16,2,1,10,156.00000321865082,147.5200057029724,156.00000321865082,20,100,2026-09-07T21:15:30.188105+00:00
kaggle-vllm-m3-allreduce-raw-v1,kaggle-vllm-m3-two-rank-nccl-allreduce-v1,262144,float16,2,1,11,153.60000729560852,146.33600413799286,153.60000729560852,20,100,2026-09-07T21:15:30.188105+00:00
kaggle-vllm-m3-allreduce-raw-v1,kaggle-vllm-m3-two-rank-nccl-allreduce-v1,262144,float16,2,1,12,159.7760021686554,146.88000082969666,159.7760021686554,20,100,2026-09-07T21:15:30.188105+00:00
kaggle-vllm-m3-allreduce-raw-v1,kaggle-vllm-m3-two-rank-nccl-allreduce-v1,262144,float16,2,1,13,176.09600722789764,167.93599724769592,176.09600722789764,20,100,2026-09-07T21:15:30.188105+00:00
kaggle-vllm-m3-allreduce-raw-v1,kaggle-vllm-m3-two-rank-nccl-allreduce-v1,262144,float16,2,1,14,163.10399770736694,156.25600516796112,163.10399770736694,20,100,2026-09-07T21:15:30.188105+00:00
kaggle-vllm-m3-allreduce-raw-v1,kaggle-vllm-m3-two-rank-nccl-allreduce-v1,262144,float16,2,1,15,161.82400286197662,155.61600029468536,161.82400286197662,20,100,2026-09-07T21:15:30.188105+00:00
kaggle-vllm-m3-allreduce-raw-v1,kaggle-vllm-m3-two-rank-nccl-allreduce-v1,262144,float16,2,1,16,182.27200210094452,177.40799486637115,182.27200210094452,20,100,2026-09-07T21:15:30.188105+00:00
kaggle-vllm-m3-allreduce-raw-v1,kaggle-vllm-m3-two-rank-nccl-allreduce-v1,262144,float16,2,1,17,163.93600404262543,225.66400468349457,225.66400468349457,20,100,2026-09-07T21:15:30.188105+00:00
kaggle-vllm-m3-allreduce-raw-v1,kaggle-vllm-m3-two-rank-nccl-allreduce-v1,262144,float16,2,1,18,158.75199437141418,150.39999783039093,158.75199437141418,20,100,2026-09-07T21:15:30.188105+00:00
kaggle-vllm-m3-allreduce-raw-v1,kaggle-vllm-m3-two-rank-nccl-allreduce-v1,262144,float16,2,1,19,151.58399939537048,142.11200177669525,151.58399939537048,20,100,2026-09-07T21:15:30.188105+00:00
kaggle-vllm-m3-allreduce-raw-v1,kaggle-vllm-m3-two-rank-nccl-allreduce-v1,262144,float16,2,1,20,153.56799960136414,148.80000054836273,153.56799960136414,20,100,2026-09-07T21:15:30.188105+00:00
kaggle-vllm-m3-allreduce-raw-v1,kaggle-vllm-m3-two-rank-nccl-allreduce-v1,262144,float16,2,1,21,155.64799308776855,147.48799800872803,155.64799308776855,20,100,2026-09-07T21:15:30.188105+00:00
kaggle-vllm-m3-allreduce-raw-v1,kaggle-vllm-m3-two-rank-nccl-allreduce-v1,262144,float16,2,1,22,221.0880070924759,209.72800254821777,221.0880070924759,20,100,2026-09-07T21:15:30.188105+00:00
kaggle-vllm-m3-allreduce-raw-v1,kaggle-vllm-m3-two-rank-nccl-allreduce-v1,262144,float16,2,1,23,155.83999454975128,146.2399959564209,155.83999454975128,20,100,2026-09-07T21:15:30.188105+00:00
kaggle-vllm-m3-allreduce-raw-v1,kaggle-vllm-m3-two-rank-nccl-allreduce-v1,262144,float16,2,1,24,155.45600652694702,149.53599870204926,155.45600652694702,20,100,2026-09-07T21:15:30.188105+00:00
kaggle-vllm-m3-allreduce-raw-v1,kaggle-vllm-m3-two-rank-nccl-allreduce-v1,262144,float16,2,1,25,169.95200514793396,151.5520066022873,169.95200514793396,20,100,2026-09-07T21:15:30.188105+00:00
kaggle-vllm-m3-allreduce-raw-v1,kaggle-vllm-m3-two-rank-nccl-allreduce-v1,262144,float16,2,1,26,161.82400286197662,153.6320000886917,161.82400286197662,20,100,2026-09-07T21:15:30.188105+00:00
kaggle-vllm-m3-allreduce-raw-v1,kaggle-vllm-m3-two-rank-nccl-allreduce-v1,262144,float16,2,1,27,159.90400314331055,148.3840048313141,159.90400314331055,20,100,2026-09-07T21:15:30.188105+00:00
kaggle-vllm-m3-allreduce-raw-v1,kaggle-vllm-m3-two-rank-nccl-allreduce-v1,262144,float16,2,1,28,159.0079963207245,151.87199413776398,159.0079963207245,20,100,2026-09-07T21:15:30.188105+00:00
kaggle-vllm-m3-allreduce-raw-v1,kaggle-vllm-m3-two-rank-nccl-allreduce-v1,262144,float16,2,1,29,258.39999318122864,248.1600046157837,258.39999318122864,20,100,2026-09-07T21:15:30.188105+00:00
kaggle-vllm-m3-allreduce-raw-v1,kaggle-vllm-m3-two-rank-nccl-allreduce-v1,262144,float16,2,1,30,155.68000078201294,149.50400590896606,155.68000078201294,20,100,2026-09-07T21:15:30.188105+00:00
kaggle-vllm-m3-allreduce-raw-v1,kaggle-vllm-m3-two-rank-nccl-allreduce-v1,262144,float16,2,1,31,166.30400717258453,156.0640037059784,166.30400717258453,20,100,2026-09-07T21:15:30.188105+00:00
kaggle-vllm-m3-allreduce-raw-v1,kaggle-vllm-m3-two-rank-nccl-allreduce-v1,262144,float16,2,1,32,156.47999942302704,149.1519957780838,156.47999942302704,20,100,2026-09-07T21:15:30.188105+00:00
kaggle-vllm-m3-allreduce-raw-v1,kaggle-vllm-m3-two-rank-nccl-allreduce-v1,262144,float16,2,1,33,174.112007021904,145.37599682807922,174.112007021904,20,100,2026-09-07T21:15:30.188105+00:00
kaggle-vllm-m3-allreduce-raw-v1,kaggle-vllm-m3-two-rank-nccl-allreduce-v1,262144,float16,2,1,34,173.98400604724884,168.32000017166138,173.98400604724884,20,100,2026-09-07T21:15:30.188105+00:00
kaggle-vllm-m3-allreduce-raw-v1,kaggle-vllm-m3-two-rank-nccl-allreduce-v1,262144,float16,2,1,35,153.60000729560852,149.53599870204926,153.60000729560852,20,100,2026-09-07T21:15:30.188105+00:00
kaggle-vllm-m3-allreduce-raw-v1,kaggle-vllm-m3-two-rank-nccl-allreduce-v1,262144,float16,2,1,36,156.67200088500977,146.65600657463074,156.67200088500977,20,100,2026-09-07T21:15:30.188105+00:00
kaggle-vllm-m3-allreduce-raw-v1,kaggle-vllm-m3-two-rank-nccl-allreduce-v1,262144,float16,2,1,37,155.2640050649643,152.6080071926117,155.2640050649643,20,100,2026-09-07T21:15:30.188105+00:00
kaggle-vllm-m3-allreduce-raw-v1,kaggle-vllm-m3-two-rank-nccl-allreduce-v1,262144,float16,2,1,38,158.1439971923828,152.8320014476776,158.1439971923828,20,100,2026-09-07T21:15:30.188105+00:00
kaggle-vllm-m3-allreduce-raw-v1,kaggle-vllm-m3-two-rank-nccl-allreduce-v1,262144,float16,2,1,39,154.91199493408203,147.45600521564484,154.91199493408203,20,100,2026-09-07T21:15:30.188105+00:00
kaggle-vllm-m3-allreduce-raw-v1,kaggle-vllm-m3-two-rank-nccl-allreduce-v1,262144,float16,2,1,40,159.5200002193451,152.67199277877808,159.5200002193451,20,100,2026-09-07T21:15:30.188105+00:00
kaggle-vllm-m3-allreduce-raw-v1,kaggle-vllm-m3-two-rank-nccl-allreduce-v1,262144,float16,2,1,41,163.83999586105347,160.35200655460358,163.83999586105347,20,100,2026-09-07T21:15:30.188105+00:00
kaggle-vllm-m3-allreduce-raw-v1,kaggle-vllm-m3-two-rank-nccl-allreduce-v1,262144,float16,2,1,42,192.671999335289,186.5600049495697,192.671999335289,20,100,2026-09-07T21:15:30.188105+00:00
kaggle-vllm-m3-allreduce-raw-v1,kaggle-vllm-m3-two-rank-nccl-allreduce-v1,262144,float16,2,1,43,150.84800124168396,145.4399973154068,150.84800124168396,20,100,2026-09-07T21:15:30.188105+00:00
kaggle-vllm-m3-allreduce-raw-v1,kaggle-vllm-m3-two-rank-nccl-allreduce-v1,262144,float16,2,1,44,159.39199924468994,140.9599930047989,159.39199924468994,20,100,2026-09-07T21:15:30.188105+00:00
kaggle-vllm-m3-allreduce-raw-v1,kaggle-vllm-m3-two-rank-nccl-allreduce-v1,262144,float16,2,1,45,157.95199573040009,153.56799960136414,157.95199573040009,20,100,2026-09-07T21:15:30.188105+00:00
kaggle-vllm-m3-allreduce-raw-v1,kaggle-vllm-m3-two-rank-nccl-allreduce-v1,262144,float16,2,1,46,154.14400398731232,153.60000729560852,154.14400398731232,20,100,2026-09-07T21:15:30.188105+00:00
kaggle-vllm-m3-allreduce-raw-v1,kaggle-vllm-m3-two-rank-nccl-allreduce-v1,262144,float16,2,1,47,183.29599499702454,219.16800737380981,219.16800737380981,20,100,2026-09-07T21:15:30.188105+00:00
kaggle-vllm-m3-allreduce-raw-v1,kaggle-vllm-m3-two-rank-nccl-allreduce-v1,262144,float16,2,1,48,208.8959962129593,285.2480113506317,285.2480113506317,20,100,2026-09-07T21:15:30.188105+00:00
kaggle-vllm-m3-allreduce-raw-v1,kaggle-vllm-m3-two-rank-nccl-allreduce-v1,262144,float16,2,1,49,197.11999595165253,238.43200504779816,238.43200504779816,20,100,2026-09-07T21:15:30.188105+00:00
kaggle-vllm-m3-allreduce-raw-v1,kaggle-vllm-m3-two-rank-nccl-allreduce-v1,262144,float16,2,1,50,219.13599967956543,202.4960070848465,219.13599967956543,20,100,2026-09-07T21:15:30.188105+00:00
kaggle-vllm-m3-allreduce-raw-v1,kaggle-vllm-m3-two-rank-nccl-allreduce-v1,262144,float16,2,1,51,250.4960000514984,174.8799979686737,250.4960000514984,20,100,2026-09-07T21:15:30.188105+00:00
kaggle-vllm-m3-allreduce-raw-v1,kaggle-vllm-m3-two-rank-nccl-allreduce-v1,262144,float16,2,1,52,232.96000063419342,183.77600610256195,232.96000063419342,20,100,2026-09-07T21:15:30.188105+00:00
kaggle-vllm-m3-allreduce-raw-v1,kaggle-vllm-m3-two-rank-nccl-allreduce-v1,262144,float16,2,1,53,255.93599677085876,180.25599420070648,255.93599677085876,20,100,2026-09-07T21:15:30.188105+00:00
kaggle-vllm-m3-allreduce-raw-v1,kaggle-vllm-m3-two-rank-nccl-allreduce-v1,262144,float16,2,1,54,217.1200066804886,168.2559996843338,217.1200066804886,20,100,2026-09-07T21:15:30.188105+00:00
kaggle-vllm-m3-allreduce-raw-v1,kaggle-vllm-m3-two-rank-nccl-allreduce-v1,262144,float16,2,1,55,284.67199206352234,198.65599274635315,284.67199206352234,20,100,2026-09-07T21:15:30.188105+00:00
kaggle-vllm-m3-allreduce-raw-v1,kaggle-vllm-m3-two-rank-nccl-allreduce-v1,262144,float16,2,1,56,272.38398790359497,210.24000644683838,272.38398790359497,20,100,2026-09-07T21:15:30.188105+00:00
kaggle-vllm-m3-allreduce-raw-v1,kaggle-vllm-m3-two-rank-nccl-allreduce-v1,262144,float16,2,1,57,241.69600009918213,202.07999646663666,241.69600009918213,20,100,2026-09-07T21:15:30.188105+00:00
kaggle-vllm-m3-allreduce-raw-v1,kaggle-vllm-m3-two-rank-nccl-allreduce-v1,262144,float16,2,1,58,293.4719920158386,237.59999871253967,293.4719920158386,20,100,2026-09-07T21:15:30.188105+00:00
kaggle-vllm-m3-allreduce-raw-v1,kaggle-vllm-m3-two-rank-nccl-allreduce-v1,262144,float16,2,1,59,239.9040013551712,186.46399676799774,239.9040013551712,20,100,2026-09-07T21:15:30.188105+00:00
kaggle-vllm-m3-allreduce-raw-v1,kaggle-vllm-m3-two-rank-nccl-allreduce-v1,262144,float16,2,1,60,258.4640085697174,180.7039976119995,258.4640085697174,20,100,2026-09-07T21:15:30.188105+00:00
kaggle-vllm-m3-allreduce-raw-v1,kaggle-vllm-m3-two-rank-nccl-allreduce-v1,262144,float16,2,1,61,249.88800287246704,181.69599771499634,249.88800287246704,20,100,2026-09-07T21:15:30.188105+00:00
kaggle-vllm-m3-allreduce-raw-v1,kaggle-vllm-m3-two-rank-nccl-allreduce-v1,262144,float16,2,1,62,233.43999683856964,177.18400061130524,233.43999683856964,20,100,2026-09-07T21:15:30.188105+00:00
kaggle-vllm-m3-allreduce-raw-v1,kaggle-vllm-m3-two-rank-nccl-allreduce-v1,262144,float16,2,1,63,230.24000227451324,169.37600076198578,230.24000227451324,20,100,2026-09-07T21:15:30.188105+00:00
kaggle-vllm-m3-allreduce-raw-v1,kaggle-vllm-m3-two-rank-nccl-allreduce-v1,262144,float16,2,1,64,221.82400524616241,172.5119948387146,221.82400524616241,20,100,2026-09-07T21:15:30.188105+00:00
kaggle-vllm-m3-allreduce-raw-v1,kaggle-vllm-m3-two-rank-nccl-allreduce-v1,262144,float16,2,1,65,223.1680005788803,164.70399498939514,223.1680005788803,20,100,2026-09-07T21:15:30.188105+00:00
kaggle-vllm-m3-allreduce-raw-v1,kaggle-vllm-m3-two-rank-nccl-allreduce-v1,262144,float16,2,1,66,225.47200322151184,166.72000288963318,225.47200322151184,20,100,2026-09-07T21:15:30.188105+00:00
kaggle-vllm-m3-allreduce-raw-v1,kaggle-vllm-m3-two-rank-nccl-allreduce-v1,262144,float16,2,1,67,227.35999524593353,167.93599724769592,227.35999524593353,20,100,2026-09-07T21:15:30.188105+00:00
kaggle-vllm-m3-allreduce-raw-v1,kaggle-vllm-m3-two-rank-nccl-allreduce-v1,262144,float16,2,1,68,226.46400332450867,173.7920045852661,226.46400332450867,20,100,2026-09-07T21:15:30.188105+00:00
kaggle-vllm-m3-allreduce-raw-v1,kaggle-vllm-m3-two-rank-nccl-allreduce-v1,262144,float16,2,1,69,236.51200532913208,162.7199947834015,236.51200532913208,20,100,2026-09-07T21:15:30.188105+00:00
kaggle-vllm-m3-allreduce-raw-v1,kaggle-vllm-m3-two-rank-nccl-allreduce-v1,262144,float16,2,1,70,231.07199370861053,173.5360026359558,231.07199370861053,20,100,2026-09-07T21:15:30.188105+00:00
kaggle-vllm-m3-allreduce-raw-v1,kaggle-vllm-m3-two-rank-nccl-allreduce-v1,262144,float16,2,1,71,227.77600586414337,167.93599724769592,227.77600586414337,20,100,2026-09-07T21:15:30.188105+00:00
kaggle-vllm-m3-allreduce-raw-v1,kaggle-vllm-m3-two-rank-nccl-allreduce-v1,262144,float16,2,1,72,227.1679937839508,170.01600563526154,227.1679937839508,20,100,2026-09-07T21:15:30.188105+00:00
kaggle-vllm-m3-allreduce-raw-v1,kaggle-vllm-m3-two-rank-nccl-allreduce-v1,262144,float16,2,1,73,238.62400650978088,167.90400445461273,238.62400650978088,20,100,2026-09-07T21:15:30.188105+00:00
kaggle-vllm-m3-allreduce-raw-v1,kaggle-vllm-m3-two-rank-nccl-allreduce-v1,262144,float16,2,1,74,227.32800245285034,169.53599452972412,227.32800245285034,20,100,2026-09-07T21:15:30.188105+00:00
kaggle-vllm-m3-allreduce-raw-v1,kaggle-vllm-m3-two-rank-nccl-allreduce-v1,262144,float16,2,1,75,226.30399465560913,164.09599781036377,226.30399465560913,20,100,2026-09-07T21:15:30.188105+00:00
kaggle-vllm-m3-allreduce-raw-v1,kaggle-vllm-m3-two-rank-nccl-allreduce-v1,262144,float16,2,1,76,231.3919961452484,170.0800061225891,231.3919961452484,20,100,2026-09-07T21:15:30.188105+00:00
kaggle-vllm-m3-allreduce-raw-v1,kaggle-vllm-m3-two-rank-nccl-allreduce-v1,262144,float16,2,1,77,228.7359982728958,165.21599888801575,228.7359982728958,20,100,2026-09-07T21:15:30.188105+00:00
kaggle-vllm-m3-allreduce-raw-v1,kaggle-vllm-m3-two-rank-nccl-allreduce-v1,262144,float16,2,1,78,229.40799593925476,167.93599724769592,229.40799593925476,20,100,2026-09-07T21:15:30.188105+00:00
kaggle-vllm-m3-allreduce-raw-v1,kaggle-vllm-m3-two-rank-nccl-allreduce-v1,262144,float16,2,1,79,225.3440022468567,163.96799683570862,225.3440022468567,20,100,2026-09-07T21:15:30.188105+00:00
kaggle-vllm-m3-allreduce-raw-v1,kaggle-vllm-m3-two-rank-nccl-allreduce-v1,262144,float16,2,1,80,245.88799476623535,198.68800044059753,245.88799476623535,20,100,2026-09-07T21:15:30.188105+00:00
kaggle-vllm-m3-allreduce-raw-v1,kaggle-vllm-m3-two-rank-nccl-allreduce-v1,262144,float16,2,1,81,307.71198868751526,250.14400482177734,307.71198868751526,20,100,2026-09-07T21:15:30.188105+00:00
kaggle-vllm-m3-allreduce-raw-v1,kaggle-vllm-m3-two-rank-nccl-allreduce-v1,262144,float16,2,1,82,280.9920012950897,189.4720047712326,280.9920012950897,20,100,2026-09-07T21:15:30.188105+00:00
kaggle-vllm-m3-allreduce-raw-v1,kaggle-vllm-m3-two-rank-nccl-allreduce-v1,262144,float16,2,1,83,254.43199276924133,182.01600015163422,254.43199276924133,20,100,2026-09-07T21:15:30.188105+00:00
kaggle-vllm-m3-allreduce-raw-v1,kaggle-vllm-m3-two-rank-nccl-allreduce-v1,262144,float16,2,1,84,225.3119945526123,209.34399962425232,225.3119945526123,20,100,2026-09-07T21:15:30.188105+00:00
kaggle-vllm-m3-allreduce-raw-v1,kaggle-vllm-m3-two-rank-nccl-allreduce-v1,262144,float16,2,1,85,239.3919974565506,168.2559996843338,239.3919974565506,20,100,2026-09-07T21:15:30.188105+00:00
kaggle-vllm-m3-allreduce-raw-v1,kaggle-vllm-m3-two-rank-nccl-allreduce-v1,262144,float16,2,1,86,262.0159983634949,192.51200556755066,262.0159983634949,20,100,2026-09-07T21:15:30.188105+00:00
kaggle-vllm-m3-allreduce-raw-v1,kaggle-vllm-m3-two-rank-nccl-allreduce-v1,262144,float16,2,1,87,189.88800048828125,146.464005112648,189.88800048828125,20,100,2026-09-07T21:15:30.188105+00:00
kaggle-vllm-m3-allreduce-raw-v1,kaggle-vllm-m3-two-rank-nccl-allreduce-v1,262144,float16,2,1,88,174.49599504470825,165.53600132465363,174.49599504470825,20,100,2026-09-07T21:15:30.188105+00:00
kaggle-vllm-m3-allreduce-raw-v1,kaggle-vllm-m3-two-rank-nccl-allreduce-v1,262144,float16,2,1,89,161.50400042533875,149.53599870204926,161.50400042533875,20,100,2026-09-07T21:15:30.188105+00:00
kaggle-vllm-m3-allreduce-raw-v1,kaggle-vllm-m3-two-rank-nccl-allreduce-v1,262144,float16,2,1,90,159.42400693893433,154.11199629306793,159.42400693893433,20,100,2026-09-07T21:15:30.188105+00:00
kaggle-vllm-m3-allreduce-raw-v1,kaggle-vllm-m3-two-rank-nccl-allreduce-v1,262144,float16,2,1,91,153.6639928817749,149.53599870204926,153.6639928817749,20,100,2026-09-07T21:15:30.188105+00:00
kaggle-vllm-m3-allreduce-raw-v1,kaggle-vllm-m3-two-rank-nccl-allreduce-v1,262144,float16,2,1,92,157.05600380897522,145.4080045223236,157.05600380897522,20,100,2026-09-07T21:15:30.188105+00:00
kaggle-vllm-m3-allreduce-raw-v1,kaggle-vllm-m3-two-rank-nccl-allreduce-v1,262144,float16,2,1,93,157.60000050067902,145.4080045223236,157.60000050067902,20,100,2026-09-07T21:15:30.188105+00:00
kaggle-vllm-m3-allreduce-raw-v1,kaggle-vllm-m3-two-rank-nccl-allreduce-v1,262144,float16,2,1,94,155.16799688339233,147.13600277900696,155.16799688339233,20,100,2026-09-07T21:15:30.188105+00:00
kaggle-vllm-m3-allreduce-raw-v1,kaggle-vllm-m3-two-rank-nccl-allreduce-v1,262144,float16,2,1,95,156.70399367809296,152.0320028066635,156.70399367809296,20,100,2026-09-07T21:15:30.188105+00:00
kaggle-vllm-m3-allreduce-raw-v1,kaggle-vllm-m3-two-rank-nccl-allreduce-v1,262144,float16,2,1,96,204.51200008392334,195.45599818229675,204.51200008392334,20,100,2026-09-07T21:15:30.188105+00:00
kaggle-vllm-m3-allreduce-raw-v1,kaggle-vllm-m3-two-rank-nccl-allreduce-v1,262144,float16,2,1,97,155.008003115654,147.16799557209015,155.008003115654,20,100,2026-09-07T21:15:30.188105+00:00
kaggle-vllm-m3-allreduce-raw-v1,kaggle-vllm-m3-two-rank-nccl-allreduce-v1,262144,float16,2,1,98,160.51200032234192,156.92800283432007,160.51200032234192,20,100,2026-09-07T21:15:30.188105+00:00
kaggle-vllm-m3-allreduce-raw-v1,kaggle-vllm-m3-two-rank-nccl-allreduce-v1,262144,float16,2,1,99,159.743994474411,151.74399316310883,159.743994474411,20,100,2026-09-07T21:15:30.188105+00:00
kaggle-vllm-m3-allreduce-raw-v1,kaggle-vllm-m3-two-rank-nccl-allreduce-v1,1048576,float16,2,1,0,377.920001745224,344.38401460647583,377.920001745224,20,100,2026-09-07T21:15:30.259566+00:00
kaggle-vllm-m3-allreduce-raw-v1,kaggle-vllm-m3-two-rank-nccl-allreduce-v1,1048576,float16,2,1,1,385.98400354385376,366.5600121021271,385.98400354385376,20,100,2026-09-07T21:15:30.259566+00:00
kaggle-vllm-m3-allreduce-raw-v1,kaggle-vllm-m3-two-rank-nccl-allreduce-v1,1048576,float16,2,1,2,386.9760036468506,328.96000146865845,386.9760036468506,20,100,2026-09-07T21:15:30.259566+00:00
kaggle-vllm-m3-allreduce-raw-v1,kaggle-vllm-m3-two-rank-nccl-allreduce-v1,1048576,float16,2,1,3,386.81599497795105,342.81599521636963,386.81599497795105,20,100,2026-09-07T21:15:30.259566+00:00
kaggle-vllm-m3-allreduce-raw-v1,kaggle-vllm-m3-two-rank-nccl-allreduce-v1,1048576,float16,2,1,4,434.04799699783325,346.1120128631592,434.04799699783325,20,100,2026-09-07T21:15:30.259566+00:00
kaggle-vllm-m3-allreduce-raw-v1,kaggle-vllm-m3-two-rank-nccl-allreduce-v1,1048576,float16,2,1,5,387.7120018005371,335.2639973163605,387.7120018005371,20,100,2026-09-07T21:15:30.259566+00:00
kaggle-vllm-m3-allreduce-raw-v1,kaggle-vllm-m3-two-rank-nccl-allreduce-v1,1048576,float16,2,1,6,385.0559890270233,337.6320004463196,385.0559890270233,20,100,2026-09-07T21:15:30.259566+00:00
kaggle-vllm-m3-allreduce-raw-v1,kaggle-vllm-m3-two-rank-nccl-allreduce-v1,1048576,float16,2,1,7,358.62401127815247,319.8400139808655,358.62401127815247,20,100,2026-09-07T21:15:30.259566+00:00
kaggle-vllm-m3-allreduce-raw-v1,kaggle-vllm-m3-two-rank-nccl-allreduce-v1,1048576,float16,2,1,8,362.43200302124023,320.8639919757843,362.43200302124023,20,100,2026-09-07T21:15:30.259566+00:00
kaggle-vllm-m3-allreduce-raw-v1,kaggle-vllm-m3-two-rank-nccl-allreduce-v1,1048576,float16,2,1,9,379.93600964546204,347.6479947566986,379.93600964546204,20,100,2026-09-07T21:15:30.259566+00:00
kaggle-vllm-m3-allreduce-raw-v1,kaggle-vllm-m3-two-rank-nccl-allreduce-v1,1048576,float16,2,1,10,415.16798734664917,352.57598757743835,415.16798734664917,20,100,2026-09-07T21:15:30.259566+00:00
kaggle-vllm-m3-allreduce-raw-v1,kaggle-vllm-m3-two-rank-nccl-allreduce-v1,1048576,float16,2,1,11,362.4959886074066,322.27200269699097,362.4959886074066,20,100,2026-09-07T21:15:30.259566+00:00
kaggle-vllm-m3-allreduce-raw-v1,kaggle-vllm-m3-two-rank-nccl-allreduce-v1,1048576,float16,2,1,12,385.72800159454346,330.3999900817871,385.72800159454346,20,100,2026-09-07T21:15:30.259566+00:00
kaggle-vllm-m3-allreduce-raw-v1,kaggle-vllm-m3-two-rank-nccl-allreduce-v1,1048576,float16,2,1,13,362.527996301651,319.5199966430664,362.527996301651,20,100,2026-09-07T21:15:30.259566+00:00
kaggle-vllm-m3-allreduce-raw-v1,kaggle-vllm-m3-two-rank-nccl-allreduce-v1,1048576,float16,2,1,14,368.831992149353,331.4239978790283,368.831992149353,20,100,2026-09-07T21:15:30.259566+00:00
kaggle-vllm-m3-allreduce-raw-v1,kaggle-vllm-m3-two-rank-nccl-allreduce-v1,1048576,float16,2,1,15,389.1200125217438,325.1200020313263,389.1200125217438,20,100,2026-09-07T21:15:30.259566+00:00
kaggle-vllm-m3-allreduce-raw-v1,kaggle-vllm-m3-two-rank-nccl-allreduce-v1,1048576,float16,2,1,16,448.5439956188202,365.9519851207733,448.5439956188202,20,100,2026-09-07T21:15:30.259566+00:00
kaggle-vllm-m3-allreduce-raw-v1,kaggle-vllm-m3-two-rank-nccl-allreduce-v1,1048576,float16,2,1,17,387.1679902076721,323.39200377464294,387.1679902076721,20,100,2026-09-07T21:15:30.259566+00:00
kaggle-vllm-m3-allreduce-raw-v1,kaggle-vllm-m3-two-rank-nccl-allreduce-v1,1048576,float16,2,1,18,366.5919899940491,319.64799761772156,366.5919899940491,20,100,2026-09-07T21:15:30.259566+00:00
kaggle-vllm-m3-allreduce-raw-v1,kaggle-vllm-m3-two-rank-nccl-allreduce-v1,1048576,float16,2,1,19,462.3039960861206,380.2559971809387,462.3039960861206,20,100,2026-09-07T21:15:30.259566+00:00
kaggle-vllm-m3-allreduce-raw-v1,kaggle-vllm-m3-two-rank-nccl-allreduce-v1,1048576,float16,2,1,20,443.5200095176697,366.5600121021271,443.5200095176697,20,100,2026-09-07T21:15:30.259566+00:00
kaggle-vllm-m3-allreduce-raw-v1,kaggle-vllm-m3-two-rank-nccl-allreduce-v1,1048576,float16,2,1,21,367.2960102558136,323.5839903354645,367.2960102558136,20,100,2026-09-07T21:15:30.259566+00:00
kaggle-vllm-m3-allreduce-raw-v1,kaggle-vllm-m3-two-rank-nccl-allreduce-v1,1048576,float16,2,1,22,344.09600496292114,354.94399070739746,354.94399070739746,20,100,2026-09-07T21:15:30.259566+00:00
kaggle-vllm-m3-allreduce-raw-v1,kaggle-vllm-m3-two-rank-nccl-allreduce-v1,1048576,float16,2,1,23,380.8319866657257,323.71199131011963,380.8319866657257,20,100,2026-09-07T21:15:30.259566+00:00
kaggle-vllm-m3-allreduce-raw-v1,kaggle-vllm-m3-two-rank-nccl-allreduce-v1,1048576,float16,2,1,24,371.8079924583435,319.0400004386902,371.8079924583435,20,100,2026-09-07T21:15:30.259566+00:00
kaggle-vllm-m3-allreduce-raw-v1,kaggle-vllm-m3-two-rank-nccl-allreduce-v1,1048576,float16,2,1,25,378.1760036945343,335.90400218963623,378.1760036945343,20,100,2026-09-07T21:15:30.259566+00:00
kaggle-vllm-m3-allreduce-raw-v1,kaggle-vllm-m3-two-rank-nccl-allreduce-v1,1048576,float16,2,1,26,361.2799942493439,317.4720108509064,361.2799942493439,20,100,2026-09-07T21:15:30.259566+00:00
kaggle-vllm-m3-allreduce-raw-v1,kaggle-vllm-m3-two-rank-nccl-allreduce-v1,1048576,float16,2,1,27,362.43200302124023,319.487988948822,362.43200302124023,20,100,2026-09-07T21:15:30.259566+00:00
kaggle-vllm-m3-allreduce-raw-v1,kaggle-vllm-m3-two-rank-nccl-allreduce-v1,1048576,float16,2,1,28,356.3840091228485,320.51199674606323,356.3840091228485,20,100,2026-09-07T21:15:30.259566+00:00
kaggle-vllm-m3-allreduce-raw-v1,kaggle-vllm-m3-two-rank-nccl-allreduce-v1,1048576,float16,2,1,29,375.64799189567566,323.199987411499,375.64799189567566,20,100,2026-09-07T21:15:30.259566+00:00
kaggle-vllm-m3-allreduce-raw-v1,kaggle-vllm-m3-two-rank-nccl-allreduce-v1,1048576,float16,2,1,30,383.0080032348633,321.53600454330444,383.0080032348633,20,100,2026-09-07T21:15:30.259566+00:00
kaggle-vllm-m3-allreduce-raw-v1,kaggle-vllm-m3-two-rank-nccl-allreduce-v1,1048576,float16,2,1,31,356.3520014286041,315.5519962310791,356.3520014286041,20,100,2026-09-07T21:15:30.259566+00:00
kaggle-vllm-m3-allreduce-raw-v1,kaggle-vllm-m3-two-rank-nccl-allreduce-v1,1048576,float16,2,1,32,421.56800627708435,350.3679931163788,421.56800627708435,20,100,2026-09-07T21:15:30.259566+00:00
kaggle-vllm-m3-allreduce-raw-v1,kaggle-vllm-m3-two-rank-nccl-allreduce-v1,1048576,float16,2,1,33,416.76801443099976,360.00001430511475,416.76801443099976,20,100,2026-09-07T21:15:30.259566+00:00
kaggle-vllm-m3-allreduce-raw-v1,kaggle-vllm-m3-two-rank-nccl-allreduce-v1,1048576,float16,2,1,34,433.21600556373596,362.8480136394501,433.21600556373596,20,100,2026-09-07T21:15:30.259566+00:00
kaggle-vllm-m3-allreduce-raw-v1,kaggle-vllm-m3-two-rank-nccl-allreduce-v1,1048576,float16,2,1,35,481.31200671195984,388.63998651504517,481.31200671195984,20,100,2026-09-07T21:15:30.259566+00:00
kaggle-vllm-m3-allreduce-raw-v1,kaggle-vllm-m3-two-rank-nccl-allreduce-v1,1048576,float16,2,1,36,424.0320026874542,346.97601199150085,424.0320026874542,20,100,2026-09-07T21:15:30.259566+00:00
kaggle-vllm-m3-allreduce-raw-v1,kaggle-vllm-m3-two-rank-nccl-allreduce-v1,1048576,float16,2,1,37,416.54399037361145,349.92000460624695,416.54399037361145,20,100,2026-09-07T21:15:30.259566+00:00
kaggle-vllm-m3-allreduce-raw-v1,kaggle-vllm-m3-two-rank-nccl-allreduce-v1,1048576,float16,2,1,38,338.1119966506958,381.02400302886963,381.02400302886963,20,100,2026-09-07T21:15:30.259566+00:00
kaggle-vllm-m3-allreduce-raw-v1,kaggle-vllm-m3-two-rank-nccl-allreduce-v1,1048576,float16,2,1,39,335.7760012149811,372.76801466941833,372.76801466941833,20,100,2026-09-07T21:15:30.259566+00:00
kaggle-vllm-m3-allreduce-raw-v1,kaggle-vllm-m3-two-rank-nccl-allreduce-v1,1048576,float16,2,1,40,328.12801003456116,329.4079899787903,329.4079899787903,20,100,2026-09-07T21:15:30.259566+00:00
kaggle-vllm-m3-allreduce-raw-v1,kaggle-vllm-m3-two-rank-nccl-allreduce-v1,1048576,float16,2,1,41,341.8880105018616,333.9200019836426,341.8880105018616,20,100,2026-09-07T21:15:30.259566+00:00
kaggle-vllm-m3-allreduce-raw-v1,kaggle-vllm-m3-two-rank-nccl-allreduce-v1,1048576,float16,2,1,42,320.67200541496277,352.28800773620605,352.28800773620605,20,100,2026-09-07T21:15:30.259566+00:00
kaggle-vllm-m3-allreduce-raw-v1,kaggle-vllm-m3-two-rank-nccl-allreduce-v1,1048576,float16,2,1,43,337.98399567604065,329.72800731658936,337.98399567604065,20,100,2026-09-07T21:15:30.259566+00:00
kaggle-vllm-m3-allreduce-raw-v1,kaggle-vllm-m3-two-rank-nccl-allreduce-v1,1048576,float16,2,1,44,333.8559865951538,332.15999603271484,333.8559865951538,20,100,2026-09-07T21:15:30.259566+00:00
kaggle-vllm-m3-allreduce-raw-v1,kaggle-vllm-m3-two-rank-nccl-allreduce-v1,1048576,float16,2,1,45,337.18401193618774,331.58400654792786,337.18401193618774,20,100,2026-09-07T21:15:30.259566+00:00
kaggle-vllm-m3-allreduce-raw-v1,kaggle-vllm-m3-two-rank-nccl-allreduce-v1,1048576,float16,2,1,46,353.2800078392029,348.60798716545105,353.2800078392029,20,100,2026-09-07T21:15:30.259566+00:00
kaggle-vllm-m3-allreduce-raw-v1,kaggle-vllm-m3-two-rank-nccl-allreduce-v1,1048576,float16,2,1,47,347.6479947566986,343.4560000896454,347.6479947566986,20,100,2026-09-07T21:15:30.259566+00:00
kaggle-vllm-m3-allreduce-raw-v1,kaggle-vllm-m3-two-rank-nccl-allreduce-v1,1048576,float16,2,1,48,340.7999873161316,336.06401085853577,340.7999873161316,20,100,2026-09-07T21:15:30.259566+00:00
kaggle-vllm-m3-allreduce-raw-v1,kaggle-vllm-m3-two-rank-nccl-allreduce-v1,1048576,float16,2,1,49,331.8080008029938,358.72000455856323,358.72000455856323,20,100,2026-09-07T21:15:30.259566+00:00
kaggle-vllm-m3-allreduce-raw-v1,kaggle-vllm-m3-two-rank-nccl-allreduce-v1,1048576,float16,2,1,50,337.8239870071411,353.7920117378235,353.7920117378235,20,100,2026-09-07T21:15:30.259566+00:00
kaggle-vllm-m3-allreduce-raw-v1,kaggle-vllm-m3-two-rank-nccl-allreduce-v1,1048576,float16,2,1,51,342.6240086555481,342.72000193595886,342.72000193595886,20,100,2026-09-07T21:15:30.259566+00:00
kaggle-vllm-m3-allreduce-raw-v1,kaggle-vllm-m3-two-rank-nccl-allreduce-v1,1048576,float16,2,1,52,332.12798833847046,335.7760012149811,335.7760012149811,20,100,2026-09-07T21:15:30.259566+00:00
kaggle-vllm-m3-allreduce-raw-v1,kaggle-vllm-m3-two-rank-nccl-allreduce-v1,1048576,float16,2,1,53,347.5840091705322,340.0000035762787,347.5840091705322,20,100,2026-09-07T21:15:30.259566+00:00
kaggle-vllm-m3-allreduce-raw-v1,kaggle-vllm-m3-two-rank-nccl-allreduce-v1,1048576,float16,2,1,54,366.94398522377014,358.43199491500854,366.94398522377014,20,100,2026-09-07T21:15:30.259566+00:00
kaggle-vllm-m3-allreduce-raw-v1,kaggle-vllm-m3-two-rank-nccl-allreduce-v1,1048576,float16,2,1,55,341.6000008583069,332.832008600235,341.6000008583069,20,100,2026-09-07T21:15:30.259566+00:00
kaggle-vllm-m3-allreduce-raw-v1,kaggle-vllm-m3-two-rank-nccl-allreduce-v1,1048576,float16,2,1,56,332.60801434516907,335.87199449539185,335.87199449539185,20,100,2026-09-07T21:15:30.259566+00:00
kaggle-vllm-m3-allreduce-raw-v1,kaggle-vllm-m3-two-rank-nccl-allreduce-v1,1048576,float16,2,1,57,352.06401348114014,348.1920063495636,352.06401348114014,20,100,2026-09-07T21:15:30.259566+00:00
kaggle-vllm-m3-allreduce-raw-v1,kaggle-vllm-m3-two-rank-nccl-allreduce-v1,1048576,float16,2,1,58,338.75200152397156,330.3360044956207,338.75200152397156,20,100,2026-09-07T21:15:30.259566+00:00
kaggle-vllm-m3-allreduce-raw-v1,kaggle-vllm-m3-two-rank-nccl-allreduce-v1,1048576,float16,2,1,59,333.98398756980896,336.70398592948914,336.70398592948914,20,100,2026-09-07T21:15:30.259566+00:00
kaggle-vllm-m3-allreduce-raw-v1,kaggle-vllm-m3-two-rank-nccl-allreduce-v1,1048576,float16,2,1,60,348.1599986553192,337.6320004463196,348.1599986553192,20,100,2026-09-07T21:15:30.259566+00:00
kaggle-vllm-m3-allreduce-raw-v1,kaggle-vllm-m3-two-rank-nccl-allreduce-v1,1048576,float16,2,1,61,346.8480110168457,341.37600660324097,346.8480110168457,20,100,2026-09-07T21:15:30.259566+00:00
kaggle-vllm-m3-allreduce-raw-v1,kaggle-vllm-m3-two-rank-nccl-allreduce-v1,1048576,float16,2,1,62,338.52800726890564,331.4560055732727,338.52800726890564,20,100,2026-09-07T21:15:30.259566+00:00
kaggle-vllm-m3-allreduce-raw-v1,kaggle-vllm-m3-two-rank-nccl-allreduce-v1,1048576,float16,2,1,63,522.271990776062,372.8640079498291,522.271990776062,20,100,2026-09-07T21:15:30.259566+00:00
kaggle-vllm-m3-allreduce-raw-v1,kaggle-vllm-m3-two-rank-nccl-allreduce-v1,1048576,float16,2,1,64,354.3039858341217,348.12799096107483,354.3039858341217,20,100,2026-09-07T21:15:30.259566+00:00
kaggle-vllm-m3-allreduce-raw-v1,kaggle-vllm-m3-two-rank-nccl-allreduce-v1,1048576,float16,2,1,65,354.3359935283661,329.75998520851135,354.3359935283661,20,100,2026-09-07T21:15:30.259566+00:00
kaggle-vllm-m3-allreduce-raw-v1,kaggle-vllm-m3-two-rank-nccl-allreduce-v1,1048576,float16,2,1,66,344.06399726867676,331.8080008029938,344.06399726867676,20,100,2026-09-07T21:15:30.259566+00:00
kaggle-vllm-m3-allreduce-raw-v1,kaggle-vllm-m3-two-rank-nccl-allreduce-v1,1048576,float16,2,1,67,364.7040128707886,355.71199655532837,364.7040128707886,20,100,2026-09-07T21:15:30.259566+00:00
kaggle-vllm-m3-allreduce-raw-v1,kaggle-vllm-m3-two-rank-nccl-allreduce-v1,1048576,float16,2,1,68,346.1439907550812,335.87199449539185,346.1439907550812,20,100,2026-09-07T21:15:30.259566+00:00
kaggle-vllm-m3-allreduce-raw-v1,kaggle-vllm-m3-two-rank-nccl-allreduce-v1,1048576,float16,2,1,69,345.8240032196045,335.87199449539185,345.8240032196045,20,100,2026-09-07T21:15:30.259566+00:00
kaggle-vllm-m3-allreduce-raw-v1,kaggle-vllm-m3-two-rank-nccl-allreduce-v1,1048576,float16,2,1,70,355.9040129184723,348.7359881401062,355.9040129184723,20,100,2026-09-07T21:15:30.259566+00:00
kaggle-vllm-m3-allreduce-raw-v1,kaggle-vllm-m3-two-rank-nccl-allreduce-v1,1048576,float16,2,1,71,346.3999927043915,339.9679958820343,346.3999927043915,20,100,2026-09-07T21:15:30.259566+00:00
kaggle-vllm-m3-allreduce-raw-v1,kaggle-vllm-m3-two-rank-nccl-allreduce-v1,1048576,float16,2,1,72,340.1919901371002,329.98400926589966,340.1919901371002,20,100,2026-09-07T21:15:30.259566+00:00
kaggle-vllm-m3-allreduce-raw-v1,kaggle-vllm-m3-two-rank-nccl-allreduce-v1,1048576,float16,2,1,73,354.20799255371094,348.4799861907959,354.20799255371094,20,100,2026-09-07T21:15:30.259566+00:00
kaggle-vllm-m3-allreduce-raw-v1,kaggle-vllm-m3-two-rank-nccl-allreduce-v1,1048576,float16,2,1,74,340.0000035762787,329.69599962234497,340.0000035762787,20,100,2026-09-07T21:15:30.259566+00:00
kaggle-vllm-m3-allreduce-raw-v1,kaggle-vllm-m3-two-rank-nccl-allreduce-v1,1048576,float16,2,1,75,363.23198676109314,350.49599409103394,363.23198676109314,20,100,2026-09-07T21:15:30.259566+00:00
kaggle-vllm-m3-allreduce-raw-v1,kaggle-vllm-m3-two-rank-nccl-allreduce-v1,1048576,float16,2,1,76,344.06399726867676,333.8240087032318,344.06399726867676,20,100,2026-09-07T21:15:30.259566+00:00
kaggle-vllm-m3-allreduce-raw-v1,kaggle-vllm-m3-two-rank-nccl-allreduce-v1,1048576,float16,2,1,77,359.51998829841614,323.35999608039856,359.51998829841614,20,100,2026-09-07T21:15:30.259566+00:00
kaggle-vllm-m3-allreduce-raw-v1,kaggle-vllm-m3-two-rank-nccl-allreduce-v1,1048576,float16,2,1,78,351.99999809265137,343.7120020389557,351.99999809265137,20,100,2026-09-07T21:15:30.259566+00:00
kaggle-vllm-m3-allreduce-raw-v1,kaggle-vllm-m3-two-rank-nccl-allreduce-v1,1048576,float16,2,1,79,346.015989780426,337.98399567604065,346.015989780426,20,100,2026-09-07T21:15:30.259566+00:00
kaggle-vllm-m3-allreduce-raw-v1,kaggle-vllm-m3-two-rank-nccl-allreduce-v1,1048576,float16,2,1,80,347.0720052719116,339.711993932724,347.0720052719116,20,100,2026-09-07T21:15:30.259566+00:00
kaggle-vllm-m3-allreduce-raw-v1,kaggle-vllm-m3-two-rank-nccl-allreduce-v1,1048576,float16,2,1,81,342.0479893684387,335.35999059677124,342.0479893684387,20,100,2026-09-07T21:15:30.259566+00:00
kaggle-vllm-m3-allreduce-raw-v1,kaggle-vllm-m3-two-rank-nccl-allreduce-v1,1048576,float16,2,1,82,343.51998567581177,334.27199721336365,343.51998567581177,20,100,2026-09-07T21:15:30.259566+00:00
kaggle-vllm-m3-allreduce-raw-v1,kaggle-vllm-m3-two-rank-nccl-allreduce-v1,1048576,float16,2,1,83,351.1039912700653,339.4879996776581,351.1039912700653,20,100,2026-09-07T21:15:30.259566+00:00
kaggle-vllm-m3-allreduce-raw-v1,kaggle-vllm-m3-two-rank-nccl-allreduce-v1,1048576,float16,2,1,84,367.7760064601898,367.16800928115845,367.7760064601898,20,100,2026-09-07T21:15:30.259566+00:00
kaggle-vllm-m3-allreduce-raw-v1,kaggle-vllm-m3-two-rank-nccl-allreduce-v1,1048576,float16,2,1,85,349.37599301338196,341.95199608802795,349.37599301338196,20,100,2026-09-07T21:15:30.259566+00:00
kaggle-vllm-m3-allreduce-raw-v1,kaggle-vllm-m3-two-rank-nccl-allreduce-v1,1048576,float16,2,1,86,344.9920117855072,333.8240087032318,344.9920117855072,20,100,2026-09-07T21:15:30.259566+00:00
kaggle-vllm-m3-allreduce-raw-v1,kaggle-vllm-m3-two-rank-nccl-allreduce-v1,1048576,float16,2,1,87,354.0160059928894,344.543993473053,354.0160059928894,20,100,2026-09-07T21:15:30.259566+00:00
kaggle-vllm-m3-allreduce-raw-v1,kaggle-vllm-m3-two-rank-nccl-allreduce-v1,1048576,float16,2,1,88,342.0799970626831,335.29600501060486,342.0799970626831,20,100,2026-09-07T21:15:30.259566+00:00
kaggle-vllm-m3-allreduce-raw-v1,kaggle-vllm-m3-two-rank-nccl-allreduce-v1,1048576,float16,2,1,89,339.87200260162354,329.75998520851135,339.87200260162354,20,100,2026-09-07T21:15:30.259566+00:00
kaggle-vllm-m3-allreduce-raw-v1,kaggle-vllm-m3-two-rank-nccl-allreduce-v1,1048576,float16,2,1,90,342.0160114765167,337.92001008987427,342.0160114765167,20,100,2026-09-07T21:15:30.259566+00:00
kaggle-vllm-m3-allreduce-raw-v1,kaggle-vllm-m3-two-rank-nccl-allreduce-v1,1048576,float16,2,1,91,344.06399726867676,338.0480110645294,344.06399726867676,20,100,2026-09-07T21:15:30.259566+00:00
kaggle-vllm-m3-allreduce-raw-v1,kaggle-vllm-m3-two-rank-nccl-allreduce-v1,1048576,float16,2,1,92,350.6239950656891,322.84799218177795,350.6239950656891,20,100,2026-09-07T21:15:30.259566+00:00
kaggle-vllm-m3-allreduce-raw-v1,kaggle-vllm-m3-two-rank-nccl-allreduce-v1,1048576,float16,2,1,93,346.97601199150085,343.84000301361084,346.97601199150085,20,100,2026-09-07T21:15:30.259566+00:00
kaggle-vllm-m3-allreduce-raw-v1,kaggle-vllm-m3-two-rank-nccl-allreduce-v1,1048576,float16,2,1,94,344.06399726867676,339.9040102958679,344.06399726867676,20,100,2026-09-07T21:15:30.259566+00:00
kaggle-vllm-m3-allreduce-raw-v1,kaggle-vllm-m3-two-rank-nccl-allreduce-v1,1048576,float16,2,1,95,342.72000193595886,331.7759931087494,342.72000193595886,20,100,2026-09-07T21:15:30.259566+00:00
kaggle-vllm-m3-allreduce-raw-v1,kaggle-vllm-m3-two-rank-nccl-allreduce-v1,1048576,float16,2,1,96,341.98400378227234,336.35199069976807,341.98400378227234,20,100,2026-09-07T21:15:30.259566+00:00
kaggle-vllm-m3-allreduce-raw-v1,kaggle-vllm-m3-two-rank-nccl-allreduce-v1,1048576,float16,2,1,97,343.968003988266,335.9679877758026,343.968003988266,20,100,2026-09-07T21:15:30.259566+00:00
kaggle-vllm-m3-allreduce-raw-v1,kaggle-vllm-m3-two-rank-nccl-allreduce-v1,1048576,float16,2,1,98,354.0799915790558,333.8240087032318,354.0799915790558,20,100,2026-09-07T21:15:30.259566+00:00
kaggle-vllm-m3-allreduce-raw-v1,kaggle-vllm-m3-two-rank-nccl-allreduce-v1,1048576,float16,2,1,99,355.1360070705414,339.87200260162354,355.1360070705414,20,100,2026-09-07T21:15:30.259566+00:00
kaggle-vllm-m3-allreduce-raw-v1,kaggle-vllm-m3-two-rank-nccl-allreduce-v1,4194304,float16,2,1,0,1094.655990600586,1102.8480529785156,1102.8480529785156,20,100,2026-09-07T21:15:30.419481+00:00
kaggle-vllm-m3-allreduce-raw-v1,kaggle-vllm-m3-two-rank-nccl-allreduce-v1,4194304,float16,2,1,1,1121.8559741973877,1116.3519620895386,1121.8559741973877,20,100,2026-09-07T21:15:30.419481+00:00
kaggle-vllm-m3-allreduce-raw-v1,kaggle-vllm-m3-two-rank-nccl-allreduce-v1,4194304,float16,2,1,2,1134.8799467086792,1123.36003780365,1134.8799467086792,20,100,2026-09-07T21:15:30.419481+00:00
kaggle-vllm-m3-allreduce-raw-v1,kaggle-vllm-m3-two-rank-nccl-allreduce-v1,4194304,float16,2,1,3,1139.19997215271,1130.3679943084717,1139.19997215271,20,100,2026-09-07T21:15:30.419481+00:00
kaggle-vllm-m3-allreduce-raw-v1,kaggle-vllm-m3-two-rank-nccl-allreduce-v1,4194304,float16,2,1,4,1078.3040523529053,1081.7919969558716,1081.7919969558716,20,100,2026-09-07T21:15:30.419481+00:00
kaggle-vllm-m3-allreduce-raw-v1,kaggle-vllm-m3-two-rank-nccl-allreduce-v1,4194304,float16,2,1,5,1126.08003616333,1119.7760105133057,1126.08003616333,20,100,2026-09-07T21:15:30.419481+00:00
kaggle-vllm-m3-allreduce-raw-v1,kaggle-vllm-m3-two-rank-nccl-allreduce-v1,4194304,float16,2,1,6,1126.2400150299072,1112.0959520339966,1126.2400150299072,20,100,2026-09-07T21:15:30.419481+00:00
kaggle-vllm-m3-allreduce-raw-v1,kaggle-vllm-m3-two-rank-nccl-allreduce-v1,4194304,float16,2,1,7,1129.9200057983398,1114.2719984054565,1129.9200057983398,20,100,2026-09-07T21:15:30.419481+00:00
kaggle-vllm-m3-allreduce-raw-v1,kaggle-vllm-m3-two-rank-nccl-allreduce-v1,4194304,float16,2,1,8,1086.4959955215454,1084.671974182129,1086.4959955215454,20,100,2026-09-07T21:15:30.419481+00:00
kaggle-vllm-m3-allreduce-raw-v1,kaggle-vllm-m3-two-rank-nccl-allreduce-v1,4194304,float16,2,1,9,1118.2399988174438,1102.5919914245605,1118.2399988174438,20,100,2026-09-07T21:15:30.419481+00:00
kaggle-vllm-m3-allreduce-raw-v1,kaggle-vllm-m3-two-rank-nccl-allreduce-v1,4194304,float16,2,1,10,1123.487949371338,1113.1839752197266,1123.487949371338,20,100,2026-09-07T21:15:30.419481+00:00
kaggle-vllm-m3-allreduce-raw-v1,kaggle-vllm-m3-two-rank-nccl-allreduce-v1,4194304,float16,2,1,11,1157.1199893951416,1151.2000560760498,1157.1199893951416,20,100,2026-09-07T21:15:30.419481+00:00
kaggle-vllm-m3-allreduce-raw-v1,kaggle-vllm-m3-two-rank-nccl-allreduce-v1,4194304,float16,2,1,12,1124.5759725570679,1114.143967628479,1124.5759725570679,20,100,2026-09-07T21:15:30.419481+00:00
kaggle-vllm-m3-allreduce-raw-v1,kaggle-vllm-m3-two-rank-nccl-allreduce-v1,4194304,float16,2,1,13,1118.2399988174438,1103.6800146102905,1118.2399988174438,20,100,2026-09-07T21:15:30.419481+00:00
kaggle-vllm-m3-allreduce-raw-v1,kaggle-vllm-m3-two-rank-nccl-allreduce-v1,4194304,float16,2,1,14,1126.9760131835938,1113.759994506836,1126.9760131835938,20,100,2026-09-07T21:15:30.419481+00:00
kaggle-vllm-m3-allreduce-raw-v1,kaggle-vllm-m3-two-rank-nccl-allreduce-v1,4194304,float16,2,1,15,1131.8399906158447,1127.392053604126,1131.8399906158447,20,100,2026-09-07T21:15:30.419481+00:00
kaggle-vllm-m3-allreduce-raw-v1,kaggle-vllm-m3-two-rank-nccl-allreduce-v1,4194304,float16,2,1,16,1136.639952659607,1119.104027748108,1136.639952659607,20,100,2026-09-07T21:15:30.419481+00:00
kaggle-vllm-m3-allreduce-raw-v1,kaggle-vllm-m3-two-rank-nccl-allreduce-v1,4194304,float16,2,1,17,1126.3999938964844,1111.1359596252441,1126.3999938964844,20,100,2026-09-07T21:15:30.419481+00:00
kaggle-vllm-m3-allreduce-raw-v1,kaggle-vllm-m3-two-rank-nccl-allreduce-v1,4194304,float16,2,1,18,1128.4159421920776,1111.2639904022217,1128.4159421920776,20,100,2026-09-07T21:15:30.419481+00:00
kaggle-vllm-m3-allreduce-raw-v1,kaggle-vllm-m3-two-rank-nccl-allreduce-v1,4194304,float16,2,1,19,1118.3040142059326,1107.1360111236572,1118.3040142059326,20,100,2026-09-07T21:15:30.419481+00:00
kaggle-vllm-m3-allreduce-raw-v1,kaggle-vllm-m3-two-rank-nccl-allreduce-v1,4194304,float16,2,1,20,1117.184042930603,1097.7280139923096,1117.184042930603,20,100,2026-09-07T21:15:30.419481+00:00
kaggle-vllm-m3-allreduce-raw-v1,kaggle-vllm-m3-two-rank-nccl-allreduce-v1,4194304,float16,2,1,21,1119.4560527801514,1099.071979522705,1119.4560527801514,20,100,2026-09-07T21:15:30.419481+00:00
kaggle-vllm-m3-allreduce-raw-v1,kaggle-vllm-m3-two-rank-nccl-allreduce-v1,4194304,float16,2,1,22,1107.8720092773438,1083.9999914169312,1107.8720092773438,20,100,2026-09-07T21:15:30.419481+00:00
kaggle-vllm-m3-allreduce-raw-v1,kaggle-vllm-m3-two-rank-nccl-allreduce-v1,4194304,float16,2,1,23,1122.3039627075195,1105.1199436187744,1122.3039627075195,20,100,2026-09-07T21:15:30.419481+00:00
kaggle-vllm-m3-allreduce-raw-v1,kaggle-vllm-m3-two-rank-nccl-allreduce-v1,4194304,float16,2,1,24,1112.064003944397,1087.488055229187,1112.064003944397,20,100,2026-09-07T21:15:30.419481+00:00
kaggle-vllm-m3-allreduce-raw-v1,kaggle-vllm-m3-two-rank-nccl-allreduce-v1,4194304,float16,2,1,25,1132.0639848709106,1118.2080507278442,1132.0639848709106,20,100,2026-09-07T21:15:30.419481+00:00
kaggle-vllm-m3-allreduce-raw-v1,kaggle-vllm-m3-two-rank-nccl-allreduce-v1,4194304,float16,2,1,26,1132.5440406799316,1107.9679727554321,1132.5440406799316,20,100,2026-09-07T21:15:30.419481+00:00
kaggle-vllm-m3-allreduce-raw-v1,kaggle-vllm-m3-two-rank-nccl-allreduce-v1,4194304,float16,2,1,27,1120.255947113037,1099.776029586792,1120.255947113037,20,100,2026-09-07T21:15:30.419481+00:00
kaggle-vllm-m3-allreduce-raw-v1,kaggle-vllm-m3-two-rank-nccl-allreduce-v1,4194304,float16,2,1,28,1122.431993484497,1083.5520029067993,1122.431993484497,20,100,2026-09-07T21:15:30.419481+00:00
kaggle-vllm-m3-allreduce-raw-v1,kaggle-vllm-m3-two-rank-nccl-allreduce-v1,4194304,float16,2,1,29,1128.4799575805664,1105.9199571609497,1128.4799575805664,20,100,2026-09-07T21:15:30.419481+00:00
kaggle-vllm-m3-allreduce-raw-v1,kaggle-vllm-m3-two-rank-nccl-allreduce-v1,4194304,float16,2,1,30,1115.936040878296,1099.776029586792,1115.936040878296,20,100,2026-09-07T21:15:30.419481+00:00
kaggle-vllm-m3-allreduce-raw-v1,kaggle-vllm-m3-two-rank-nccl-allreduce-v1,4194304,float16,2,1,31,1112.1920347213745,1089.5359516143799,1112.1920347213745,20,100,2026-09-07T21:15:30.419481+00:00
kaggle-vllm-m3-allreduce-raw-v1,kaggle-vllm-m3-two-rank-nccl-allreduce-v1,4194304,float16,2,1,32,1118.5280084609985,1100.3520488739014,1118.5280084609985,20,100,2026-09-07T21:15:30.419481+00:00
kaggle-vllm-m3-allreduce-raw-v1,kaggle-vllm-m3-two-rank-nccl-allreduce-v1,4194304,float16,2,1,33,1116.2240505218506,1093.2480096817017,1116.2240505218506,20,100,2026-09-07T21:15:30.419481+00:00
kaggle-vllm-m3-allreduce-raw-v1,kaggle-vllm-m3-two-rank-nccl-allreduce-v1,4194304,float16,2,1,34,1112.3839616775513,1095.6799983978271,1112.3839616775513,20,100,2026-09-07T21:15:30.419481+00:00
kaggle-vllm-m3-allreduce-raw-v1,kaggle-vllm-m3-two-rank-nccl-allreduce-v1,4194304,float16,2,1,35,1128.6720037460327,1136.639952659607,1136.639952659607,20,100,2026-09-07T21:15:30.419481+00:00
kaggle-vllm-m3-allreduce-raw-v1,kaggle-vllm-m3-two-rank-nccl-allreduce-v1,4194304,float16,2,1,36,1120.6719875335693,1097.7280139923096,1120.6719875335693,20,100,2026-09-07T21:15:30.419481+00:00
kaggle-vllm-m3-allreduce-raw-v1,kaggle-vllm-m3-two-rank-nccl-allreduce-v1,4194304,float16,2,1,37,1118.4320449829102,1105.9199571609497,1118.4320449829102,20,100,2026-09-07T21:15:30.419481+00:00
kaggle-vllm-m3-allreduce-raw-v1,kaggle-vllm-m3-two-rank-nccl-allreduce-v1,4194304,float16,2,1,38,1146.9119787216187,1136.8319988250732,1146.9119787216187,20,100,2026-09-07T21:15:30.419481+00:00
kaggle-vllm-m3-allreduce-raw-v1,kaggle-vllm-m3-two-rank-nccl-allreduce-v1,4194304,float16,2,1,39,1122.3679780960083,1095.6799983978271,1122.3679780960083,20,100,2026-09-07T21:15:30.419481+00:00
kaggle-vllm-m3-allreduce-raw-v1,kaggle-vllm-m3-two-rank-nccl-allreduce-v1,4194304,float16,2,1,40,1118.2399988174438,1117.6639795303345,1118.2399988174438,20,100,2026-09-07T21:15:30.419481+00:00
kaggle-vllm-m3-allreduce-raw-v1,kaggle-vllm-m3-two-rank-nccl-allreduce-v1,4194304,float16,2,1,41,1107.0079803466797,1069.2800283432007,1107.0079803466797,20,100,2026-09-07T21:15:30.419481+00:00
kaggle-vllm-m3-allreduce-raw-v1,kaggle-vllm-m3-two-rank-nccl-allreduce-v1,4194304,float16,2,1,42,1120.255947113037,1099.776029586792,1120.255947113037,20,100,2026-09-07T21:15:30.419481+00:00
kaggle-vllm-m3-allreduce-raw-v1,kaggle-vllm-m3-two-rank-nccl-allreduce-v1,4194304,float16,2,1,43,1133.8239908218384,1109.8239421844482,1133.8239908218384,20,100,2026-09-07T21:15:30.419481+00:00
kaggle-vllm-m3-allreduce-raw-v1,kaggle-vllm-m3-two-rank-nccl-allreduce-v1,4194304,float16,2,1,44,1130.560040473938,1113.9520406723022,1130.560040473938,20,100,2026-09-07T21:15:30.419481+00:00
kaggle-vllm-m3-allreduce-raw-v1,kaggle-vllm-m3-two-rank-nccl-allreduce-v1,4194304,float16,2,1,45,1116.6399717330933,1094.5919752120972,1116.6399717330933,20,100,2026-09-07T21:15:30.419481+00:00
kaggle-vllm-m3-allreduce-raw-v1,kaggle-vllm-m3-two-rank-nccl-allreduce-v1,4194304,float16,2,1,46,1146.4639902114868,1147.744059562683,1147.744059562683,20,100,2026-09-07T21:15:30.419481+00:00
kaggle-vllm-m3-allreduce-raw-v1,kaggle-vllm-m3-two-rank-nccl-allreduce-v1,4194304,float16,2,1,47,1121.664047241211,1099.295973777771,1121.664047241211,20,100,2026-09-07T21:15:30.419481+00:00
kaggle-vllm-m3-allreduce-raw-v1,kaggle-vllm-m3-two-rank-nccl-allreduce-v1,4194304,float16,2,1,48,1146.9759941101074,1125.0239610671997,1146.9759941101074,20,100,2026-09-07T21:15:30.419481+00:00
kaggle-vllm-m3-allreduce-raw-v1,kaggle-vllm-m3-two-rank-nccl-allreduce-v1,4194304,float16,2,1,49,1119.711995124817,1103.8719415664673,1119.711995124817,20,100,2026-09-07T21:15:30.419481+00:00
kaggle-vllm-m3-allreduce-raw-v1,kaggle-vllm-m3-two-rank-nccl-allreduce-v1,4194304,float16,2,1,50,1120.5120086669922,1103.3920049667358,1120.5120086669922,20,100,2026-09-07T21:15:30.419481+00:00
kaggle-vllm-m3-allreduce-raw-v1,kaggle-vllm-m3-two-rank-nccl-allreduce-v1,4194304,float16,2,1,51,1123.263955116272,1081.2159776687622,1123.263955116272,20,100,2026-09-07T21:15:30.419481+00:00
kaggle-vllm-m3-allreduce-raw-v1,kaggle-vllm-m3-two-rank-nccl-allreduce-v1,4194304,float16,2,1,52,1112.4800443649292,1093.6319828033447,1112.4800443649292,20,100,2026-09-07T21:15:30.419481+00:00
kaggle-vllm-m3-allreduce-raw-v1,kaggle-vllm-m3-two-rank-nccl-allreduce-v1,4194304,float16,2,1,53,1121.7600107192993,1100.2240180969238,1121.7600107192993,20,100,2026-09-07T21:15:30.419481+00:00
kaggle-vllm-m3-allreduce-raw-v1,kaggle-vllm-m3-two-rank-nccl-allreduce-v1,4194304,float16,2,1,54,1121.0559606552124,1104.4479608535767,1121.0559606552124,20,100,2026-09-07T21:15:30.419481+00:00
kaggle-vllm-m3-allreduce-raw-v1,kaggle-vllm-m3-two-rank-nccl-allreduce-v1,4194304,float16,2,1,55,1117.8560256958008,1093.6319828033447,1117.8560256958008,20,100,2026-09-07T21:15:30.419481+00:00
kaggle-vllm-m3-allreduce-raw-v1,kaggle-vllm-m3-two-rank-nccl-allreduce-v1,4194304,float16,2,1,56,1119.104027748108,1101.8240451812744,1119.104027748108,20,100,2026-09-07T21:15:30.419481+00:00
kaggle-vllm-m3-allreduce-raw-v1,kaggle-vllm-m3-two-rank-nccl-allreduce-v1,4194304,float16,2,1,57,1118.6879873275757,1101.8240451812744,1118.6879873275757,20,100,2026-09-07T21:15:30.419481+00:00
kaggle-vllm-m3-allreduce-raw-v1,kaggle-vllm-m3-two-rank-nccl-allreduce-v1,4194304,float16,2,1,58,1114.0799522399902,1096.1600542068481,1114.0799522399902,20,100,2026-09-07T21:15:30.419481+00:00
kaggle-vllm-m3-allreduce-raw-v1,kaggle-vllm-m3-two-rank-nccl-allreduce-v1,4194304,float16,2,1,59,1116.063952445984,1094.4000482559204,1116.063952445984,20,100,2026-09-07T21:15:30.419481+00:00
kaggle-vllm-m3-allreduce-raw-v1,kaggle-vllm-m3-two-rank-nccl-allreduce-v1,4194304,float16,2,1,60,1125.1519918441772,1103.8719415664673,1125.1519918441772,20,100,2026-09-07T21:15:30.419481+00:00
kaggle-vllm-m3-allreduce-raw-v1,kaggle-vllm-m3-two-rank-nccl-allreduce-v1,4194304,float16,2,1,61,1120.255947113037,1102.07998752594,1120.255947113037,20,100,2026-09-07T21:15:30.419481+00:00
kaggle-vllm-m3-allreduce-raw-v1,kaggle-vllm-m3-two-rank-nccl-allreduce-v1,4194304,float16,2,1,62,1115.1360273361206,1097.0239639282227,1115.1360273361206,20,100,2026-09-07T21:15:30.419481+00:00
kaggle-vllm-m3-allreduce-raw-v1,kaggle-vllm-m3-two-rank-nccl-allreduce-v1,4194304,float16,2,1,63,1136.639952659607,1117.8239583969116,1136.639952659607,20,100,2026-09-07T21:15:30.419481+00:00
kaggle-vllm-m3-allreduce-raw-v1,kaggle-vllm-m3-two-rank-nccl-allreduce-v1,4194304,float16,2,1,64,1113.3439540863037,1096.959948539734,1113.3439540863037,20,100,2026-09-07T21:15:30.419481+00:00
kaggle-vllm-m3-allreduce-raw-v1,kaggle-vllm-m3-two-rank-nccl-allreduce-v1,4194304,float16,2,1,65,1115.615963935852,1098.9760160446167,1115.615963935852,20,100,2026-09-07T21:15:30.419481+00:00
kaggle-vllm-m3-allreduce-raw-v1,kaggle-vllm-m3-two-rank-nccl-allreduce-v1,4194304,float16,2,1,66,1126.3999938964844,1095.6480503082275,1126.3999938964844,20,100,2026-09-07T21:15:30.419481+00:00
kaggle-vllm-m3-allreduce-raw-v1,kaggle-vllm-m3-two-rank-nccl-allreduce-v1,4194304,float16,2,1,67,1123.3279705047607,1096.351981163025,1123.3279705047607,20,100,2026-09-07T21:15:30.419481+00:00
kaggle-vllm-m3-allreduce-raw-v1,kaggle-vllm-m3-two-rank-nccl-allreduce-v1,4194304,float16,2,1,68,1116.1919832229614,1091.647982597351,1116.1919832229614,20,100,2026-09-07T21:15:30.419481+00:00
kaggle-vllm-m3-allreduce-raw-v1,kaggle-vllm-m3-two-rank-nccl-allreduce-v1,4194304,float16,2,1,69,1125.1840591430664,1101.8240451812744,1125.1840591430664,20,100,2026-09-07T21:15:30.419481+00:00
kaggle-vllm-m3-allreduce-raw-v1,kaggle-vllm-m3-two-rank-nccl-allreduce-v1,4194304,float16,2,1,70,1111.680030822754,1090.5280113220215,1111.680030822754,20,100,2026-09-07T21:15:30.419481+00:00
kaggle-vllm-m3-allreduce-raw-v1,kaggle-vllm-m3-two-rank-nccl-allreduce-v1,4194304,float16,2,1,71,1108.7679862976074,1084.3199491500854,1108.7679862976074,20,100,2026-09-07T21:15:30.419481+00:00
kaggle-vllm-m3-allreduce-raw-v1,kaggle-vllm-m3-two-rank-nccl-allreduce-v1,4194304,float16,2,1,72,1120.192050933838,1103.9999723434448,1120.192050933838,20,100,2026-09-07T21:15:30.419481+00:00
kaggle-vllm-m3-allreduce-raw-v1,kaggle-vllm-m3-two-rank-nccl-allreduce-v1,4194304,float16,2,1,73,1114.1120195388794,1095.6799983978271,1114.1120195388794,20,100,2026-09-07T21:15:30.419481+00:00
kaggle-vllm-m3-allreduce-raw-v1,kaggle-vllm-m3-two-rank-nccl-allreduce-v1,4194304,float16,2,1,74,1111.840009689331,1091.647982597351,1111.840009689331,20,100,2026-09-07T21:15:30.419481+00:00
kaggle-vllm-m3-allreduce-raw-v1,kaggle-vllm-m3-two-rank-nccl-allreduce-v1,4194304,float16,2,1,75,1119.871973991394,1102.239966392517,1119.871973991394,20,100,2026-09-07T21:15:30.419481+00:00
kaggle-vllm-m3-allreduce-raw-v1,kaggle-vllm-m3-two-rank-nccl-allreduce-v1,4194304,float16,2,1,76,1114.3360137939453,1083.1040143966675,1114.3360137939453,20,100,2026-09-07T21:15:30.419481+00:00
kaggle-vllm-m3-allreduce-raw-v1,kaggle-vllm-m3-two-rank-nccl-allreduce-v1,4194304,float16,2,1,77,1130.4320096969604,1118.175983428955,1130.4320096969604,20,100,2026-09-07T21:15:30.419481+00:00
kaggle-vllm-m3-allreduce-raw-v1,kaggle-vllm-m3-two-rank-nccl-allreduce-v1,4194304,float16,2,1,78,1134.2719793319702,1114.1120195388794,1134.2719793319702,20,100,2026-09-07T21:15:30.419481+00:00
kaggle-vllm-m3-allreduce-raw-v1,kaggle-vllm-m3-two-rank-nccl-allreduce-v1,4194304,float16,2,1,79,1131.4879655838013,1105.0879955291748,1131.4879655838013,20,100,2026-09-07T21:15:30.419481+00:00
kaggle-vllm-m3-allreduce-raw-v1,kaggle-vllm-m3-two-rank-nccl-allreduce-v1,4194304,float16,2,1,80,1114.1120195388794,1095.8080291748047,1114.1120195388794,20,100,2026-09-07T21:15:30.419481+00:00
kaggle-vllm-m3-allreduce-raw-v1,kaggle-vllm-m3-two-rank-nccl-allreduce-v1,4194304,float16,2,1,81,1120.2880144119263,1097.4719524383545,1120.2880144119263,20,100,2026-09-07T21:15:30.419481+00:00
kaggle-vllm-m3-allreduce-raw-v1,kaggle-vllm-m3-two-rank-nccl-allreduce-v1,4194304,float16,2,1,82,1120.8640336990356,1059.8399639129639,1120.8640336990356,20,100,2026-09-07T21:15:30.419481+00:00
kaggle-vllm-m3-allreduce-raw-v1,kaggle-vllm-m3-two-rank-nccl-allreduce-v1,4194304,float16,2,1,83,1108.2559823989868,1091.5839672088623,1108.2559823989868,20,100,2026-09-07T21:15:30.419481+00:00
kaggle-vllm-m3-allreduce-raw-v1,kaggle-vllm-m3-two-rank-nccl-allreduce-v1,4194304,float16,2,1,84,1120.255947113037,1096.351981163025,1120.255947113037,20,100,2026-09-07T21:15:30.419481+00:00
kaggle-vllm-m3-allreduce-raw-v1,kaggle-vllm-m3-two-rank-nccl-allreduce-v1,4194304,float16,2,1,85,1133.0879926681519,1118.5280084609985,1133.0879926681519,20,100,2026-09-07T21:15:30.419481+00:00
kaggle-vllm-m3-allreduce-raw-v1,kaggle-vllm-m3-two-rank-nccl-allreduce-v1,4194304,float16,2,1,86,1114.0799522399902,1097.6320505142212,1114.0799522399902,20,100,2026-09-07T21:15:30.419481+00:00
kaggle-vllm-m3-allreduce-raw-v1,kaggle-vllm-m3-two-rank-nccl-allreduce-v1,4194304,float16,2,1,87,1117.6320314407349,1099.1040468215942,1117.6320314407349,20,100,2026-09-07T21:15:30.419481+00:00
kaggle-vllm-m3-allreduce-raw-v1,kaggle-vllm-m3-two-rank-nccl-allreduce-v1,4194304,float16,2,1,88,1118.4320449829102,1095.7759618759155,1118.4320449829102,20,100,2026-09-07T21:15:30.419481+00:00
kaggle-vllm-m3-allreduce-raw-v1,kaggle-vllm-m3-two-rank-nccl-allreduce-v1,4194304,float16,2,1,89,1124.384045600891,1107.9679727554321,1124.384045600891,20,100,2026-09-07T21:15:30.419481+00:00
kaggle-vllm-m3-allreduce-raw-v1,kaggle-vllm-m3-two-rank-nccl-allreduce-v1,4194304,float16,2,1,90,1116.5759563446045,1093.1199789047241,1116.5759563446045,20,100,2026-09-07T21:15:30.419481+00:00
kaggle-vllm-m3-allreduce-raw-v1,kaggle-vllm-m3-two-rank-nccl-allreduce-v1,4194304,float16,2,1,91,1118.2399988174438,1094.8480367660522,1118.2399988174438,20,100,2026-09-07T21:15:30.419481+00:00
kaggle-vllm-m3-allreduce-raw-v1,kaggle-vllm-m3-two-rank-nccl-allreduce-v1,4194304,float16,2,1,92,1144.063949584961,1124.351978302002,1144.063949584961,20,100,2026-09-07T21:15:30.419481+00:00
kaggle-vllm-m3-allreduce-raw-v1,kaggle-vllm-m3-two-rank-nccl-allreduce-v1,4194304,float16,2,1,93,1117.8879737854004,1102.944016456604,1117.8879737854004,20,100,2026-09-07T21:15:30.419481+00:00
kaggle-vllm-m3-allreduce-raw-v1,kaggle-vllm-m3-two-rank-nccl-allreduce-v1,4194304,float16,2,1,94,1116.0320043563843,1091.2959575653076,1116.0320043563843,20,100,2026-09-07T21:15:30.419481+00:00
kaggle-vllm-m3-allreduce-raw-v1,kaggle-vllm-m3-two-rank-nccl-allreduce-v1,4194304,float16,2,1,95,1136.8319988250732,1118.3359622955322,1136.8319988250732,20,100,2026-09-07T21:15:30.419481+00:00
kaggle-vllm-m3-allreduce-raw-v1,kaggle-vllm-m3-two-rank-nccl-allreduce-v1,4194304,float16,2,1,96,1119.5839643478394,1087.9360437393188,1119.5839643478394,20,100,2026-09-07T21:15:30.419481+00:00
kaggle-vllm-m3-allreduce-raw-v1,kaggle-vllm-m3-two-rank-nccl-allreduce-v1,4194304,float16,2,1,97,1116.5440082550049,1096.5759754180908,1116.5440082550049,20,100,2026-09-07T21:15:30.419481+00:00
kaggle-vllm-m3-allreduce-raw-v1,kaggle-vllm-m3-two-rank-nccl-allreduce-v1,4194304,float16,2,1,98,1122.6880550384521,1092.4160480499268,1122.6880550384521,20,100,2026-09-07T21:15:30.419481+00:00
kaggle-vllm-m3-allreduce-raw-v1,kaggle-vllm-m3-two-rank-nccl-allreduce-v1,4194304,float16,2,1,99,1118.2399988174438,1092.6400423049927,1118.2399988174438,20,100,2026-09-07T21:15:30.419481+00:00
kaggle-vllm-m3-allreduce-raw-v1,kaggle-vllm-m3-two-rank-nccl-allreduce-v1,16777216,float16,2,1,0,4157.087802886963,4133.920192718506,4157.087802886963,20,100,2026-09-07T21:15:30.960595+00:00
kaggle-vllm-m3-allreduce-raw-v1,kaggle-vllm-m3-two-rank-nccl-allreduce-v1,16777216,float16,2,1,1,4171.775817871094,4140.223979949951,4171.775817871094,20,100,2026-09-07T21:15:30.960595+00:00
kaggle-vllm-m3-allreduce-raw-v1,kaggle-vllm-m3-two-rank-nccl-allreduce-v1,16777216,float16,2,1,2,4208.735942840576,4187.839984893799,4208.735942840576,20,100,2026-09-07T21:15:30.960595+00:00
kaggle-vllm-m3-allreduce-raw-v1,kaggle-vllm-m3-two-rank-nccl-allreduce-v1,16777216,float16,2,1,3,4117.343902587891,4069.183826446533,4117.343902587891,20,100,2026-09-07T21:15:30.960595+00:00
kaggle-vllm-m3-allreduce-raw-v1,kaggle-vllm-m3-two-rank-nccl-allreduce-v1,16777216,float16,2,1,4,4163.072109222412,4136.864185333252,4163.072109222412,20,100,2026-09-07T21:15:30.960595+00:00
kaggle-vllm-m3-allreduce-raw-v1,kaggle-vllm-m3-two-rank-nccl-allreduce-v1,16777216,float16,2,1,5,4125.728130340576,4078.1760215759277,4125.728130340576,20,100,2026-09-07T21:15:30.960595+00:00
kaggle-vllm-m3-allreduce-raw-v1,kaggle-vllm-m3-two-rank-nccl-allreduce-v1,16777216,float16,2,1,6,4106.239795684814,4104.735851287842,4106.239795684814,20,100,2026-09-07T21:15:30.960595+00:00
kaggle-vllm-m3-allreduce-raw-v1,kaggle-vllm-m3-two-rank-nccl-allreduce-v1,16777216,float16,2,1,7,4216.256141662598,4219.071865081787,4219.071865081787,20,100,2026-09-07T21:15:30.960595+00:00
kaggle-vllm-m3-allreduce-raw-v1,kaggle-vllm-m3-two-rank-nccl-allreduce-v1,16777216,float16,2,1,8,4190.207958221436,4188.576221466064,4190.207958221436,20,100,2026-09-07T21:15:30.960595+00:00
kaggle-vllm-m3-allreduce-raw-v1,kaggle-vllm-m3-two-rank-nccl-allreduce-v1,16777216,float16,2,1,9,4221.759796142578,4221.471786499023,4221.759796142578,20,100,2026-09-07T21:15:30.960595+00:00
kaggle-vllm-m3-allreduce-raw-v1,kaggle-vllm-m3-two-rank-nccl-allreduce-v1,16777216,float16,2,1,10,4240.608215332031,4222.976207733154,4240.608215332031,20,100,2026-09-07T21:15:30.960595+00:00
kaggle-vllm-m3-allreduce-raw-v1,kaggle-vllm-m3-two-rank-nccl-allreduce-v1,16777216,float16,2,1,11,4234.816074371338,4224.671840667725,4234.816074371338,20,100,2026-09-07T21:15:30.960595+00:00
kaggle-vllm-m3-allreduce-raw-v1,kaggle-vllm-m3-two-rank-nccl-allreduce-v1,16777216,float16,2,1,12,4209.216117858887,4216.095924377441,4216.095924377441,20,100,2026-09-07T21:15:30.960595+00:00
kaggle-vllm-m3-allreduce-raw-v1,kaggle-vllm-m3-two-rank-nccl-allreduce-v1,16777216,float16,2,1,13,4199.808120727539,4202.49605178833,4202.49605178833,20,100,2026-09-07T21:15:30.960595+00:00
kaggle-vllm-m3-allreduce-raw-v1,kaggle-vllm-m3-two-rank-nccl-allreduce-v1,16777216,float16,2,1,14,4241.983890533447,4231.071949005127,4241.983890533447,20,100,2026-09-07T21:15:30.960595+00:00
kaggle-vllm-m3-allreduce-raw-v1,kaggle-vllm-m3-two-rank-nccl-allreduce-v1,16777216,float16,2,1,15,4179.03995513916,4184.927940368652,4184.927940368652,20,100,2026-09-07T21:15:30.960595+00:00
kaggle-vllm-m3-allreduce-raw-v1,kaggle-vllm-m3-two-rank-nccl-allreduce-v1,16777216,float16,2,1,16,4052.5760650634766,4057.82413482666,4057.82413482666,20,100,2026-09-07T21:15:30.960595+00:00
kaggle-vllm-m3-allreduce-raw-v1,kaggle-vllm-m3-two-rank-nccl-allreduce-v1,16777216,float16,2,1,17,4200.448036193848,4189.792156219482,4200.448036193848,20,100,2026-09-07T21:15:30.960595+00:00
kaggle-vllm-m3-allreduce-raw-v1,kaggle-vllm-m3-two-rank-nccl-allreduce-v1,16777216,float16,2,1,18,4206.6240310668945,4251.64794921875,4251.64794921875,20,100,2026-09-07T21:15:30.960595+00:00
kaggle-vllm-m3-allreduce-raw-v1,kaggle-vllm-m3-two-rank-nccl-allreduce-v1,16777216,float16,2,1,19,4203.135967254639,4200.064182281494,4203.135967254639,20,100,2026-09-07T21:15:30.960595+00:00
kaggle-vllm-m3-allreduce-raw-v1,kaggle-vllm-m3-two-rank-nccl-allreduce-v1,16777216,float16,2,1,20,4218.751907348633,4219.7442054748535,4219.7442054748535,20,100,2026-09-07T21:15:30.960595+00:00
kaggle-vllm-m3-allreduce-raw-v1,kaggle-vllm-m3-two-rank-nccl-allreduce-v1,16777216,float16,2,1,21,4175.392150878906,4165.056228637695,4175.392150878906,20,100,2026-09-07T21:15:30.960595+00:00
kaggle-vllm-m3-allreduce-raw-v1,kaggle-vllm-m3-two-rank-nccl-allreduce-v1,16777216,float16,2,1,22,4227.456092834473,4231.040000915527,4231.040000915527,20,100,2026-09-07T21:15:30.960595+00:00
kaggle-vllm-m3-allreduce-raw-v1,kaggle-vllm-m3-two-rank-nccl-allreduce-v1,16777216,float16,2,1,23,4206.81619644165,4212.4481201171875,4212.4481201171875,20,100,2026-09-07T21:15:30.960595+00:00
kaggle-vllm-m3-allreduce-raw-v1,kaggle-vllm-m3-two-rank-nccl-allreduce-v1,16777216,float16,2,1,24,4214.49613571167,4214.784145355225,4214.784145355225,20,100,2026-09-07T21:15:30.960595+00:00
kaggle-vllm-m3-allreduce-raw-v1,kaggle-vllm-m3-two-rank-nccl-allreduce-v1,16777216,float16,2,1,25,4197.504043579102,4186.431884765625,4197.504043579102,20,100,2026-09-07T21:15:30.960595+00:00
kaggle-vllm-m3-allreduce-raw-v1,kaggle-vllm-m3-two-rank-nccl-allreduce-v1,16777216,float16,2,1,26,4192.224025726318,4193.3441162109375,4193.3441162109375,20,100,2026-09-07T21:15:30.960595+00:00
kaggle-vllm-m3-allreduce-raw-v1,kaggle-vllm-m3-two-rank-nccl-allreduce-v1,16777216,float16,2,1,27,4214.752197265625,4220.928192138672,4220.928192138672,20,100,2026-09-07T21:15:30.960595+00:00
kaggle-vllm-m3-allreduce-raw-v1,kaggle-vllm-m3-two-rank-nccl-allreduce-v1,16777216,float16,2,1,28,4194.3039894104,4204.864025115967,4204.864025115967,20,100,2026-09-07T21:15:30.960595+00:00
kaggle-vllm-m3-allreduce-raw-v1,kaggle-vllm-m3-two-rank-nccl-allreduce-v1,16777216,float16,2,1,29,4139.488220214844,4176.608085632324,4176.608085632324,20,100,2026-09-07T21:15:30.960595+00:00
kaggle-vllm-m3-allreduce-raw-v1,kaggle-vllm-m3-two-rank-nccl-allreduce-v1,16777216,float16,2,1,30,4209.375858306885,4225.312232971191,4225.312232971191,20,100,2026-09-07T21:15:30.960595+00:00
kaggle-vllm-m3-allreduce-raw-v1,kaggle-vllm-m3-two-rank-nccl-allreduce-v1,16777216,float16,2,1,31,4152.927875518799,4177.919864654541,4177.919864654541,20,100,2026-09-07T21:15:30.960595+00:00
kaggle-vllm-m3-allreduce-raw-v1,kaggle-vllm-m3-two-rank-nccl-allreduce-v1,16777216,float16,2,1,32,4200.255870819092,4203.072071075439,4203.072071075439,20,100,2026-09-07T21:15:30.960595+00:00
kaggle-vllm-m3-allreduce-raw-v1,kaggle-vllm-m3-two-rank-nccl-allreduce-v1,16777216,float16,2,1,33,4118.527889251709,4156.1598777771,4156.1598777771,20,100,2026-09-07T21:15:30.960595+00:00
kaggle-vllm-m3-allreduce-raw-v1,kaggle-vllm-m3-two-rank-nccl-allreduce-v1,16777216,float16,2,1,34,4212.736129760742,4216.447830200195,4216.447830200195,20,100,2026-09-07T21:15:30.960595+00:00
kaggle-vllm-m3-allreduce-raw-v1,kaggle-vllm-m3-two-rank-nccl-allreduce-v1,16777216,float16,2,1,35,4206.111907958984,4210.815906524658,4210.815906524658,20,100,2026-09-07T21:15:30.960595+00:00
kaggle-vllm-m3-allreduce-raw-v1,kaggle-vllm-m3-two-rank-nccl-allreduce-v1,16777216,float16,2,1,36,4201.759815216064,4208.640098571777,4208.640098571777,20,100,2026-09-07T21:15:30.960595+00:00
kaggle-vllm-m3-allreduce-raw-v1,kaggle-vllm-m3-two-rank-nccl-allreduce-v1,16777216,float16,2,1,37,4197.792053222656,4204.832077026367,4204.832077026367,20,100,2026-09-07T21:15:30.960595+00:00
kaggle-vllm-m3-allreduce-raw-v1,kaggle-vllm-m3-two-rank-nccl-allreduce-v1,16777216,float16,2,1,38,4196.671962738037,4208.4479331970215,4208.4479331970215,20,100,2026-09-07T21:15:30.960595+00:00
kaggle-vllm-m3-allreduce-raw-v1,kaggle-vllm-m3-two-rank-nccl-allreduce-v1,16777216,float16,2,1,39,4189.536094665527,4202.49605178833,4202.49605178833,20,100,2026-09-07T21:15:30.960595+00:00
kaggle-vllm-m3-allreduce-raw-v1,kaggle-vllm-m3-two-rank-nccl-allreduce-v1,16777216,float16,2,1,40,4194.3039894104,4212.575912475586,4212.575912475586,20,100,2026-09-07T21:15:30.960595+00:00
kaggle-vllm-m3-allreduce-raw-v1,kaggle-vllm-m3-two-rank-nccl-allreduce-v1,16777216,float16,2,1,41,4192.512035369873,4196.352005004883,4196.352005004883,20,100,2026-09-07T21:15:30.960595+00:00
kaggle-vllm-m3-allreduce-raw-v1,kaggle-vllm-m3-two-rank-nccl-allreduce-v1,16777216,float16,2,1,42,4206.592082977295,4229.76016998291,4229.76016998291,20,100,2026-09-07T21:15:30.960595+00:00
kaggle-vllm-m3-allreduce-raw-v1,kaggle-vllm-m3-two-rank-nccl-allreduce-v1,16777216,float16,2,1,43,4065.6957626342773,4081.7599296569824,4081.7599296569824,20,100,2026-09-07T21:15:30.960595+00:00
kaggle-vllm-m3-allreduce-raw-v1,kaggle-vllm-m3-two-rank-nccl-allreduce-v1,16777216,float16,2,1,44,4190.879821777344,4209.343910217285,4209.343910217285,20,100,2026-09-07T21:15:30.960595+00:00
kaggle-vllm-m3-allreduce-raw-v1,kaggle-vllm-m3-two-rank-nccl-allreduce-v1,16777216,float16,2,1,45,4206.943988800049,4208.352088928223,4208.352088928223,20,100,2026-09-07T21:15:30.960595+00:00
kaggle-vllm-m3-allreduce-raw-v1,kaggle-vllm-m3-two-rank-nccl-allreduce-v1,16777216,float16,2,1,46,4212.89587020874,4214.015960693359,4214.015960693359,20,100,2026-09-07T21:15:30.960595+00:00
kaggle-vllm-m3-allreduce-raw-v1,kaggle-vllm-m3-two-rank-nccl-allreduce-v1,16777216,float16,2,1,47,4203.904151916504,4208.896160125732,4208.896160125732,20,100,2026-09-07T21:15:30.960595+00:00
kaggle-vllm-m3-allreduce-raw-v1,kaggle-vllm-m3-two-rank-nccl-allreduce-v1,16777216,float16,2,1,48,4136.415958404541,4157.087802886963,4157.087802886963,20,100,2026-09-07T21:15:30.960595+00:00
kaggle-vllm-m3-allreduce-raw-v1,kaggle-vllm-m3-two-rank-nccl-allreduce-v1,16777216,float16,2,1,49,4212.736129760742,4214.911937713623,4214.911937713623,20,100,2026-09-07T21:15:30.960595+00:00
kaggle-vllm-m3-allreduce-raw-v1,kaggle-vllm-m3-two-rank-nccl-allreduce-v1,16777216,float16,2,1,50,4195.040225982666,4201.312065124512,4201.312065124512,20,100,2026-09-07T21:15:30.960595+00:00
kaggle-vllm-m3-allreduce-raw-v1,kaggle-vllm-m3-two-rank-nccl-allreduce-v1,16777216,float16,2,1,51,4188.159942626953,4190.207958221436,4190.207958221436,20,100,2026-09-07T21:15:30.960595+00:00
kaggle-vllm-m3-allreduce-raw-v1,kaggle-vllm-m3-two-rank-nccl-allreduce-v1,16777216,float16,2,1,52,3996.4799880981445,4070.4002380371094,4070.4002380371094,20,100,2026-09-07T21:15:30.960595+00:00
kaggle-vllm-m3-allreduce-raw-v1,kaggle-vllm-m3-two-rank-nccl-allreduce-v1,16777216,float16,2,1,53,4227.168083190918,4233.151912689209,4233.151912689209,20,100,2026-09-07T21:15:30.960595+00:00
kaggle-vllm-m3-allreduce-raw-v1,kaggle-vllm-m3-two-rank-nccl-allreduce-v1,16777216,float16,2,1,54,4205.664157867432,4217.855930328369,4217.855930328369,20,100,2026-09-07T21:15:30.960595+00:00
kaggle-vllm-m3-allreduce-raw-v1,kaggle-vllm-m3-two-rank-nccl-allreduce-v1,16777216,float16,2,1,55,4200.255870819092,4206.592082977295,4206.592082977295,20,100,2026-09-07T21:15:30.960595+00:00
kaggle-vllm-m3-allreduce-raw-v1,kaggle-vllm-m3-two-rank-nccl-allreduce-v1,16777216,float16,2,1,56,4193.568229675293,4205.920219421387,4205.920219421387,20,100,2026-09-07T21:15:30.960595+00:00
kaggle-vllm-m3-allreduce-raw-v1,kaggle-vllm-m3-two-rank-nccl-allreduce-v1,16777216,float16,2,1,57,4208.54377746582,4212.128162384033,4212.128162384033,20,100,2026-09-07T21:15:30.960595+00:00
kaggle-vllm-m3-allreduce-raw-v1,kaggle-vllm-m3-two-rank-nccl-allreduce-v1,16777216,float16,2,1,58,4201.759815216064,4208.640098571777,4208.640098571777,20,100,2026-09-07T21:15:30.960595+00:00
kaggle-vllm-m3-allreduce-raw-v1,kaggle-vllm-m3-two-rank-nccl-allreduce-v1,16777216,float16,2,1,59,4202.6238441467285,4210.68811416626,4210.68811416626,20,100,2026-09-07T21:15:30.960595+00:00
kaggle-vllm-m3-allreduce-raw-v1,kaggle-vllm-m3-two-rank-nccl-allreduce-v1,16777216,float16,2,1,60,4189.727783203125,4196.256160736084,4196.256160736084,20,100,2026-09-07T21:15:30.960595+00:00
kaggle-vllm-m3-allreduce-raw-v1,kaggle-vllm-m3-two-rank-nccl-allreduce-v1,16777216,float16,2,1,61,4220.608234405518,4227.071762084961,4227.071762084961,20,100,2026-09-07T21:15:30.960595+00:00
kaggle-vllm-m3-allreduce-raw-v1,kaggle-vllm-m3-two-rank-nccl-allreduce-v1,16777216,float16,2,1,62,4114.431858062744,4087.808132171631,4114.431858062744,20,100,2026-09-07T21:15:30.960595+00:00
kaggle-vllm-m3-allreduce-raw-v1,kaggle-vllm-m3-two-rank-nccl-allreduce-v1,16777216,float16,2,1,63,4102.14376449585,4069.375991821289,4102.14376449585,20,100,2026-09-07T21:15:30.960595+00:00
kaggle-vllm-m3-allreduce-raw-v1,kaggle-vllm-m3-two-rank-nccl-allreduce-v1,16777216,float16,2,1,64,4127.903938293457,4095.6802368164062,4127.903938293457,20,100,2026-09-07T21:15:30.960595+00:00
kaggle-vllm-m3-allreduce-raw-v1,kaggle-vllm-m3-two-rank-nccl-allreduce-v1,16777216,float16,2,1,65,4128.767967224121,4102.14376449585,4128.767967224121,20,100,2026-09-07T21:15:30.960595+00:00
kaggle-vllm-m3-allreduce-raw-v1,kaggle-vllm-m3-two-rank-nccl-allreduce-v1,16777216,float16,2,1,66,4201.312065124512,4187.967777252197,4201.312065124512,20,100,2026-09-07T21:15:30.960595+00:00
kaggle-vllm-m3-allreduce-raw-v1,kaggle-vllm-m3-two-rank-nccl-allreduce-v1,16777216,float16,2,1,67,4105.440139770508,4075.1681327819824,4105.440139770508,20,100,2026-09-07T21:15:30.960595+00:00
kaggle-vllm-m3-allreduce-raw-v1,kaggle-vllm-m3-two-rank-nccl-allreduce-v1,16777216,float16,2,1,68,4233.215808868408,4220.928192138672,4233.215808868408,20,100,2026-09-07T21:15:30.960595+00:00
kaggle-vllm-m3-allreduce-raw-v1,kaggle-vllm-m3-two-rank-nccl-allreduce-v1,16777216,float16,2,1,69,4059.135913848877,4016.7040824890137,4059.135913848877,20,100,2026-09-07T21:15:30.960595+00:00
kaggle-vllm-m3-allreduce-raw-v1,kaggle-vllm-m3-two-rank-nccl-allreduce-v1,16777216,float16,2,1,70,4106.560230255127,4089.3120765686035,4106.560230255127,20,100,2026-09-07T21:15:30.960595+00:00
kaggle-vllm-m3-allreduce-raw-v1,kaggle-vllm-m3-two-rank-nccl-allreduce-v1,16777216,float16,2,1,71,4157.440185546875,4136.960029602051,4157.440185546875,20,100,2026-09-07T21:15:30.960595+00:00
kaggle-vllm-m3-allreduce-raw-v1,kaggle-vllm-m3-two-rank-nccl-allreduce-v1,16777216,float16,2,1,72,4155.392169952393,4112.383842468262,4155.392169952393,20,100,2026-09-07T21:15:30.960595+00:00
kaggle-vllm-m3-allreduce-raw-v1,kaggle-vllm-m3-two-rank-nccl-allreduce-v1,16777216,float16,2,1,73,4102.784156799316,4087.8400802612305,4102.784156799316,20,100,2026-09-07T21:15:30.960595+00:00
kaggle-vllm-m3-allreduce-raw-v1,kaggle-vllm-m3-two-rank-nccl-allreduce-v1,16777216,float16,2,1,74,4245.151996612549,4235.583782196045,4245.151996612549,20,100,2026-09-07T21:15:30.960595+00:00
kaggle-vllm-m3-allreduce-raw-v1,kaggle-vllm-m3-two-rank-nccl-allreduce-v1,16777216,float16,2,1,75,4220.9601402282715,4226.816177368164,4226.816177368164,20,100,2026-09-07T21:15:30.960595+00:00
kaggle-vllm-m3-allreduce-raw-v1,kaggle-vllm-m3-two-rank-nccl-allreduce-v1,16777216,float16,2,1,76,4231.040000915527,4231.935977935791,4231.935977935791,20,100,2026-09-07T21:15:30.960595+00:00
kaggle-vllm-m3-allreduce-raw-v1,kaggle-vllm-m3-two-rank-nccl-allreduce-v1,16777216,float16,2,1,77,4211.423873901367,4254.111766815186,4254.111766815186,20,100,2026-09-07T21:15:30.960595+00:00
kaggle-vllm-m3-allreduce-raw-v1,kaggle-vllm-m3-two-rank-nccl-allreduce-v1,16777216,float16,2,1,78,4206.592082977295,4211.872100830078,4211.872100830078,20,100,2026-09-07T21:15:30.960595+00:00
kaggle-vllm-m3-allreduce-raw-v1,kaggle-vllm-m3-two-rank-nccl-allreduce-v1,16777216,float16,2,1,79,4147.9997634887695,4186.2077713012695,4186.2077713012695,20,100,2026-09-07T21:15:30.960595+00:00
kaggle-vllm-m3-allreduce-raw-v1,kaggle-vllm-m3-two-rank-nccl-allreduce-v1,16777216,float16,2,1,80,4216.832160949707,4227.871894836426,4227.871894836426,20,100,2026-09-07T21:15:30.960595+00:00
kaggle-vllm-m3-allreduce-raw-v1,kaggle-vllm-m3-two-rank-nccl-allreduce-v1,16777216,float16,2,1,81,4118.1440353393555,4149.5361328125,4149.5361328125,20,100,2026-09-07T21:15:30.960595+00:00
kaggle-vllm-m3-allreduce-raw-v1,kaggle-vllm-m3-two-rank-nccl-allreduce-v1,16777216,float16,2,1,82,4212.704181671143,4218.30415725708,4218.30415725708,20,100,2026-09-07T21:15:30.960595+00:00
kaggle-vllm-m3-allreduce-raw-v1,kaggle-vllm-m3-two-rank-nccl-allreduce-v1,16777216,float16,2,1,83,4132.768154144287,4091.9041633605957,4132.768154144287,20,100,2026-09-07T21:15:30.960595+00:00
kaggle-vllm-m3-allreduce-raw-v1,kaggle-vllm-m3-two-rank-nccl-allreduce-v1,16777216,float16,2,1,84,4235.040187835693,4217.76008605957,4235.040187835693,20,100,2026-09-07T21:15:30.960595+00:00
kaggle-vllm-m3-allreduce-raw-v1,kaggle-vllm-m3-two-rank-nccl-allreduce-v1,16777216,float16,2,1,85,4211.904048919678,4197.760105133057,4211.904048919678,20,100,2026-09-07T21:15:30.960595+00:00
kaggle-vllm-m3-allreduce-raw-v1,kaggle-vllm-m3-two-rank-nccl-allreduce-v1,16777216,float16,2,1,86,4206.751823425293,4195.551872253418,4206.751823425293,20,100,2026-09-07T21:15:30.960595+00:00
kaggle-vllm-m3-allreduce-raw-v1,kaggle-vllm-m3-two-rank-nccl-allreduce-v1,16777216,float16,2,1,87,4170.144081115723,4141.759872436523,4170.144081115723,20,100,2026-09-07T21:15:30.960595+00:00
kaggle-vllm-m3-allreduce-raw-v1,kaggle-vllm-m3-two-rank-nccl-allreduce-v1,16777216,float16,2,1,88,4234.015941619873,4231.232166290283,4234.015941619873,20,100,2026-09-07T21:15:30.960595+00:00
kaggle-vllm-m3-allreduce-raw-v1,kaggle-vllm-m3-two-rank-nccl-allreduce-v1,16777216,float16,2,1,89,4219.007968902588,4227.071762084961,4227.071762084961,20,100,2026-09-07T21:15:30.960595+00:00
kaggle-vllm-m3-allreduce-raw-v1,kaggle-vllm-m3-two-rank-nccl-allreduce-v1,16777216,float16,2,1,90,4237.247943878174,4236.735820770264,4237.247943878174,20,100,2026-09-07T21:15:30.960595+00:00
kaggle-vllm-m3-allreduce-raw-v1,kaggle-vllm-m3-two-rank-nccl-allreduce-v1,16777216,float16,2,1,91,4205.1520347595215,4198.815822601318,4205.1520347595215,20,100,2026-09-07T21:15:30.960595+00:00
kaggle-vllm-m3-allreduce-raw-v1,kaggle-vllm-m3-two-rank-nccl-allreduce-v1,16777216,float16,2,1,92,4164.80016708374,4178.271770477295,4178.271770477295,20,100,2026-09-07T21:15:30.960595+00:00
kaggle-vllm-m3-allreduce-raw-v1,kaggle-vllm-m3-two-rank-nccl-allreduce-v1,16777216,float16,2,1,93,4209.11979675293,4202.52799987793,4209.11979675293,20,100,2026-09-07T21:15:30.960595+00:00
kaggle-vllm-m3-allreduce-raw-v1,kaggle-vllm-m3-two-rank-nccl-allreduce-v1,16777216,float16,2,1,94,4220.479965209961,4229.343891143799,4229.343891143799,20,100,2026-09-07T21:15:30.960595+00:00
kaggle-vllm-m3-allreduce-raw-v1,kaggle-vllm-m3-two-rank-nccl-allreduce-v1,16777216,float16,2,1,95,4241.407871246338,4249.855995178223,4249.855995178223,20,100,2026-09-07T21:15:30.960595+00:00
kaggle-vllm-m3-allreduce-raw-v1,kaggle-vllm-m3-two-rank-nccl-allreduce-v1,16777216,float16,2,1,96,4211.711883544922,4215.456008911133,4215.456008911133,20,100,2026-09-07T21:15:30.960595+00:00
kaggle-vllm-m3-allreduce-raw-v1,kaggle-vllm-m3-two-rank-nccl-allreduce-v1,16777216,float16,2,1,97,4194.84806060791,4175.551891326904,4194.84806060791,20,100,2026-09-07T21:15:30.960595+00:00
kaggle-vllm-m3-allreduce-raw-v1,kaggle-vllm-m3-two-rank-nccl-allreduce-v1,16777216,float16,2,1,98,4218.880176544189,4220.57580947876,4220.57580947876,20,100,2026-09-07T21:15:30.960595+00:00
kaggle-vllm-m3-allreduce-raw-v1,kaggle-vllm-m3-two-rank-nccl-allreduce-v1,16777216,float16,2,1,99,4200.448036193848,4183.743953704834,4200.448036193848,20,100,2026-09-07T21:15:30.960595+00:00
kaggle-vllm-m3-allreduce-raw-v1,kaggle-vllm-m3-two-rank-nccl-allreduce-v1,33554432,float16,2,1,0,8384.160041809082,8418.815612792969,8418.815612792969,20,100,2026-09-07T21:15:32.010582+00:00
kaggle-vllm-m3-allreduce-raw-v1,kaggle-vllm-m3-two-rank-nccl-allreduce-v1,33554432,float16,2,1,1,8273.344039916992,8214.207649230957,8273.344039916992,20,100,2026-09-07T21:15:32.010582+00:00
kaggle-vllm-m3-allreduce-raw-v1,kaggle-vllm-m3-two-rank-nccl-allreduce-v1,33554432,float16,2,1,2,8148.991584777832,8052.512168884277,8148.991584777832,20,100,2026-09-07T21:15:32.010582+00:00
kaggle-vllm-m3-allreduce-raw-v1,kaggle-vllm-m3-two-rank-nccl-allreduce-v1,33554432,float16,2,1,3,8341.504096984863,8370.176315307617,8370.176315307617,20,100,2026-09-07T21:15:32.010582+00:00
kaggle-vllm-m3-allreduce-raw-v1,kaggle-vllm-m3-two-rank-nccl-allreduce-v1,33554432,float16,2,1,4,8373.184204101562,8367.903709411621,8373.184204101562,20,100,2026-09-07T21:15:32.010582+00:00
kaggle-vllm-m3-allreduce-raw-v1,kaggle-vllm-m3-two-rank-nccl-allreduce-v1,33554432,float16,2,1,5,8350.815773010254,8339.455604553223,8350.815773010254,20,100,2026-09-07T21:15:32.010582+00:00
kaggle-vllm-m3-allreduce-raw-v1,kaggle-vllm-m3-two-rank-nccl-allreduce-v1,33554432,float16,2,1,6,8387.167930603027,8385.3759765625,8387.167930603027,20,100,2026-09-07T21:15:32.010582+00:00
kaggle-vllm-m3-allreduce-raw-v1,kaggle-vllm-m3-two-rank-nccl-allreduce-v1,33554432,float16,2,1,7,8353.568077087402,8361.696243286133,8361.696243286133,20,100,2026-09-07T21:15:32.010582+00:00
kaggle-vllm-m3-allreduce-raw-v1,kaggle-vllm-m3-two-rank-nccl-allreduce-v1,33554432,float16,2,1,8,8360.639572143555,8364.57633972168,8364.57633972168,20,100,2026-09-07T21:15:32.010582+00:00
kaggle-vllm-m3-allreduce-raw-v1,kaggle-vllm-m3-two-rank-nccl-allreduce-v1,33554432,float16,2,1,9,8363.295555114746,8349.663734436035,8363.295555114746,20,100,2026-09-07T21:15:32.010582+00:00
kaggle-vllm-m3-allreduce-raw-v1,kaggle-vllm-m3-two-rank-nccl-allreduce-v1,33554432,float16,2,1,10,8349.120140075684,8331.904411315918,8349.120140075684,20,100,2026-09-07T21:15:32.010582+00:00
kaggle-vllm-m3-allreduce-raw-v1,kaggle-vllm-m3-two-rank-nccl-allreduce-v1,33554432,float16,2,1,11,8371.744155883789,8346.879959106445,8371.744155883789,20,100,2026-09-07T21:15:32.010582+00:00
kaggle-vllm-m3-allreduce-raw-v1,kaggle-vllm-m3-two-rank-nccl-allreduce-v1,33554432,float16,2,1,12,8378.335952758789,8395.1997756958,8395.1997756958,20,100,2026-09-07T21:15:32.010582+00:00
kaggle-vllm-m3-allreduce-raw-v1,kaggle-vllm-m3-two-rank-nccl-allreduce-v1,33554432,float16,2,1,13,8341.504096984863,8321.887969970703,8341.504096984863,20,100,2026-09-07T21:15:32.010582+00:00
kaggle-vllm-m3-allreduce-raw-v1,kaggle-vllm-m3-two-rank-nccl-allreduce-v1,33554432,float16,2,1,14,8357.824325561523,8341.792106628418,8357.824325561523,20,100,2026-09-07T21:15:32.010582+00:00
kaggle-vllm-m3-allreduce-raw-v1,kaggle-vllm-m3-two-rank-nccl-allreduce-v1,33554432,float16,2,1,15,8363.231658935547,8350.272178649902,8363.231658935547,20,100,2026-09-07T21:15:32.010582+00:00
kaggle-vllm-m3-allreduce-raw-v1,kaggle-vllm-m3-two-rank-nccl-allreduce-v1,33554432,float16,2,1,16,8359.935760498047,8343.551635742188,8359.935760498047,20,100,2026-09-07T21:15:32.010582+00:00
kaggle-vllm-m3-allreduce-raw-v1,kaggle-vllm-m3-two-rank-nccl-allreduce-v1,33554432,float16,2,1,17,8355.839729309082,8327.839851379395,8355.839729309082,20,100,2026-09-07T21:15:32.010582+00:00
kaggle-vllm-m3-allreduce-raw-v1,kaggle-vllm-m3-two-rank-nccl-allreduce-v1,33554432,float16,2,1,18,8236.224174499512,8216.095924377441,8236.224174499512,20,100,2026-09-07T21:15:32.010582+00:00
kaggle-vllm-m3-allreduce-raw-v1,kaggle-vllm-m3-two-rank-nccl-allreduce-v1,33554432,float16,2,1,19,8378.047943115234,8379.615783691406,8379.615783691406,20,100,2026-09-07T21:15:32.010582+00:00
kaggle-vllm-m3-allreduce-raw-v1,kaggle-vllm-m3-two-rank-nccl-allreduce-v1,33554432,float16,2,1,20,8351.743698120117,8339.455604553223,8351.743698120117,20,100,2026-09-07T21:15:32.010582+00:00
kaggle-vllm-m3-allreduce-raw-v1,kaggle-vllm-m3-two-rank-nccl-allreduce-v1,33554432,float16,2,1,21,8376.319885253906,8368.576049804688,8376.319885253906,20,100,2026-09-07T21:15:32.010582+00:00
kaggle-vllm-m3-allreduce-raw-v1,kaggle-vllm-m3-two-rank-nccl-allreduce-v1,33554432,float16,2,1,22,8332.575798034668,8312.352180480957,8332.575798034668,20,100,2026-09-07T21:15:32.010582+00:00
kaggle-vllm-m3-allreduce-raw-v1,kaggle-vllm-m3-two-rank-nccl-allreduce-v1,33554432,float16,2,1,23,8350.655555725098,8359.74407196045,8359.74407196045,20,100,2026-09-07T21:15:32.010582+00:00
kaggle-vllm-m3-allreduce-raw-v1,kaggle-vllm-m3-two-rank-nccl-allreduce-v1,33554432,float16,2,1,24,8374.431610107422,8370.112419128418,8374.431610107422,20,100,2026-09-07T21:15:32.010582+00:00
kaggle-vllm-m3-allreduce-raw-v1,kaggle-vllm-m3-two-rank-nccl-allreduce-v1,33554432,float16,2,1,25,8373.696327209473,8353.792190551758,8373.696327209473,20,100,2026-09-07T21:15:32.010582+00:00
kaggle-vllm-m3-allreduce-raw-v1,kaggle-vllm-m3-two-rank-nccl-allreduce-v1,33554432,float16,2,1,26,8351.743698120117,8337.408065795898,8351.743698120117,20,100,2026-09-07T21:15:32.010582+00:00
kaggle-vllm-m3-allreduce-raw-v1,kaggle-vllm-m3-two-rank-nccl-allreduce-v1,33554432,float16,2,1,27,8374.176025390625,8357.919692993164,8374.176025390625,20,100,2026-09-07T21:15:32.010582+00:00
kaggle-vllm-m3-allreduce-raw-v1,kaggle-vllm-m3-two-rank-nccl-allreduce-v1,33554432,float16,2,1,28,8381.600379943848,8361.43970489502,8381.600379943848,20,100,2026-09-07T21:15:32.010582+00:00
kaggle-vllm-m3-allreduce-raw-v1,kaggle-vllm-m3-two-rank-nccl-allreduce-v1,33554432,float16,2,1,29,8374.272346496582,8354.27188873291,8374.272346496582,20,100,2026-09-07T21:15:32.010582+00:00
kaggle-vllm-m3-allreduce-raw-v1,kaggle-vllm-m3-two-rank-nccl-allreduce-v1,33554432,float16,2,1,30,8332.032203674316,8323.264122009277,8332.032203674316,20,100,2026-09-07T21:15:32.010582+00:00
kaggle-vllm-m3-allreduce-raw-v1,kaggle-vllm-m3-two-rank-nccl-allreduce-v1,33554432,float16,2,1,31,8409.088134765625,8431.615829467773,8431.615829467773,20,100,2026-09-07T21:15:32.010582+00:00
kaggle-vllm-m3-allreduce-raw-v1,kaggle-vllm-m3-two-rank-nccl-allreduce-v1,33554432,float16,2,1,32,8165.375709533691,8092.767715454102,8165.375709533691,20,100,2026-09-07T21:15:32.010582+00:00
kaggle-vllm-m3-allreduce-raw-v1,kaggle-vllm-m3-two-rank-nccl-allreduce-v1,33554432,float16,2,1,33,8226.880073547363,8169.695854187012,8226.880073547363,20,100,2026-09-07T21:15:32.010582+00:00
kaggle-vllm-m3-allreduce-raw-v1,kaggle-vllm-m3-two-rank-nccl-allreduce-v1,33554432,float16,2,1,34,8366.463661193848,8349.535942077637,8366.463661193848,20,100,2026-09-07T21:15:32.010582+00:00
kaggle-vllm-m3-allreduce-raw-v1,kaggle-vllm-m3-two-rank-nccl-allreduce-v1,33554432,float16,2,1,35,8171.808242797852,8104.000091552734,8171.808242797852,20,100,2026-09-07T21:15:32.010582+00:00
kaggle-vllm-m3-allreduce-raw-v1,kaggle-vllm-m3-two-rank-nccl-allreduce-v1,33554432,float16,2,1,36,8199.328422546387,8112.51163482666,8199.328422546387,20,100,2026-09-07T21:15:32.010582+00:00
kaggle-vllm-m3-allreduce-raw-v1,kaggle-vllm-m3-two-rank-nccl-allreduce-v1,33554432,float16,2,1,37,8249.855995178223,8186.400413513184,8249.855995178223,20,100,2026-09-07T21:15:32.010582+00:00
kaggle-vllm-m3-allreduce-raw-v1,kaggle-vllm-m3-two-rank-nccl-allreduce-v1,33554432,float16,2,1,38,8402.94361114502,8390.656471252441,8402.94361114502,20,100,2026-09-07T21:15:32.010582+00:00
kaggle-vllm-m3-allreduce-raw-v1,kaggle-vllm-m3-two-rank-nccl-allreduce-v1,33554432,float16,2,1,39,8388.895988464355,8400.896072387695,8400.896072387695,20,100,2026-09-07T21:15:32.010582+00:00
kaggle-vllm-m3-allreduce-raw-v1,kaggle-vllm-m3-two-rank-nccl-allreduce-v1,33554432,float16,2,1,40,8375.616073608398,8394.75154876709,8394.75154876709,20,100,2026-09-07T21:15:32.010582+00:00
kaggle-vllm-m3-allreduce-raw-v1,kaggle-vllm-m3-two-rank-nccl-allreduce-v1,33554432,float16,2,1,41,8369.759559631348,8351.743698120117,8369.759559631348,20,100,2026-09-07T21:15:32.010582+00:00
kaggle-vllm-m3-allreduce-raw-v1,kaggle-vllm-m3-two-rank-nccl-allreduce-v1,33554432,float16,2,1,42,8368.127822875977,8345.312118530273,8368.127822875977,20,100,2026-09-07T21:15:32.010582+00:00
kaggle-vllm-m3-allreduce-raw-v1,kaggle-vllm-m3-two-rank-nccl-allreduce-v1,33554432,float16,2,1,43,8465.855598449707,8437.727928161621,8465.855598449707,20,100,2026-09-07T21:15:32.010582+00:00
kaggle-vllm-m3-allreduce-raw-v1,kaggle-vllm-m3-two-rank-nccl-allreduce-v1,33554432,float16,2,1,44,8355.968475341797,8363.807678222656,8363.807678222656,20,100,2026-09-07T21:15:32.010582+00:00
kaggle-vllm-m3-allreduce-raw-v1,kaggle-vllm-m3-two-rank-nccl-allreduce-v1,33554432,float16,2,1,45,8399.328231811523,8400.896072387695,8400.896072387695,20,100,2026-09-07T21:15:32.010582+00:00
kaggle-vllm-m3-allreduce-raw-v1,kaggle-vllm-m3-two-rank-nccl-allreduce-v1,33554432,float16,2,1,46,8365.568161010742,8367.487907409668,8367.487907409668,20,100,2026-09-07T21:15:32.010582+00:00
kaggle-vllm-m3-allreduce-raw-v1,kaggle-vllm-m3-two-rank-nccl-allreduce-v1,33554432,float16,2,1,47,8377.216339111328,8353.759765625,8377.216339111328,20,100,2026-09-07T21:15:32.010582+00:00
kaggle-vllm-m3-allreduce-raw-v1,kaggle-vllm-m3-two-rank-nccl-allreduce-v1,33554432,float16,2,1,48,8376.319885253906,8388.6079788208,8388.6079788208,20,100,2026-09-07T21:15:32.010582+00:00
kaggle-vllm-m3-allreduce-raw-v1,kaggle-vllm-m3-two-rank-nccl-allreduce-v1,33554432,float16,2,1,49,8351.840019226074,8359.968185424805,8359.968185424805,20,100,2026-09-07T21:15:32.010582+00:00
kaggle-vllm-m3-allreduce-raw-v1,kaggle-vllm-m3-two-rank-nccl-allreduce-v1,33554432,float16,2,1,50,8391.615867614746,8380.415916442871,8391.615867614746,20,100,2026-09-07T21:15:32.010582+00:00
kaggle-vllm-m3-allreduce-raw-v1,kaggle-vllm-m3-two-rank-nccl-allreduce-v1,33554432,float16,2,1,51,8366.080284118652,8380.415916442871,8380.415916442871,20,100,2026-09-07T21:15:32.010582+00:00
kaggle-vllm-m3-allreduce-raw-v1,kaggle-vllm-m3-two-rank-nccl-allreduce-v1,33554432,float16,2,1,52,8086.3037109375,8169.440269470215,8169.440269470215,20,100,2026-09-07T21:15:32.010582+00:00
kaggle-vllm-m3-allreduce-raw-v1,kaggle-vllm-m3-two-rank-nccl-allreduce-v1,33554432,float16,2,1,53,8371.83952331543,8372.223854064941,8372.223854064941,20,100,2026-09-07T21:15:32.010582+00:00
kaggle-vllm-m3-allreduce-raw-v1,kaggle-vllm-m3-two-rank-nccl-allreduce-v1,33554432,float16,2,1,54,8392.704010009766,8392.736434936523,8392.736434936523,20,100,2026-09-07T21:15:32.010582+00:00
kaggle-vllm-m3-allreduce-raw-v1,kaggle-vllm-m3-two-rank-nccl-allreduce-v1,33554432,float16,2,1,55,8331.263542175293,8323.776245117188,8331.263542175293,20,100,2026-09-07T21:15:32.010582+00:00
kaggle-vllm-m3-allreduce-raw-v1,kaggle-vllm-m3-two-rank-nccl-allreduce-v1,33554432,float16,2,1,56,8357.312202453613,8344.736099243164,8357.312202453613,20,100,2026-09-07T21:15:32.010582+00:00
kaggle-vllm-m3-allreduce-raw-v1,kaggle-vllm-m3-two-rank-nccl-allreduce-v1,33554432,float16,2,1,57,8343.29605102539,8332.192420959473,8343.29605102539,20,100,2026-09-07T21:15:32.010582+00:00
kaggle-vllm-m3-allreduce-raw-v1,kaggle-vllm-m3-two-rank-nccl-allreduce-v1,33554432,float16,2,1,58,8398.40030670166,8392.607688903809,8398.40030670166,20,100,2026-09-07T21:15:32.010582+00:00
kaggle-vllm-m3-allreduce-raw-v1,kaggle-vllm-m3-two-rank-nccl-allreduce-v1,33554432,float16,2,1,59,8351.840019226074,8335.359573364258,8351.840019226074,20,100,2026-09-07T21:15:32.010582+00:00
kaggle-vllm-m3-allreduce-raw-v1,kaggle-vllm-m3-two-rank-nccl-allreduce-v1,33554432,float16,2,1,60,8371.359825134277,8352.736473083496,8371.359825134277,20,100,2026-09-07T21:15:32.010582+00:00
kaggle-vllm-m3-allreduce-raw-v1,kaggle-vllm-m3-two-rank-nccl-allreduce-v1,33554432,float16,2,1,61,8331.263542175293,8315.168380737305,8331.263542175293,20,100,2026-09-07T21:15:32.010582+00:00
kaggle-vllm-m3-allreduce-raw-v1,kaggle-vllm-m3-two-rank-nccl-allreduce-v1,33554432,float16,2,1,62,8388.319969177246,8376.319885253906,8388.319969177246,20,100,2026-09-07T21:15:32.010582+00:00
kaggle-vllm-m3-allreduce-raw-v1,kaggle-vllm-m3-two-rank-nccl-allreduce-v1,33554432,float16,2,1,63,8372.1923828125,8381.407737731934,8381.407737731934,20,100,2026-09-07T21:15:32.010582+00:00
kaggle-vllm-m3-allreduce-raw-v1,kaggle-vllm-m3-two-rank-nccl-allreduce-v1,33554432,float16,2,1,64,8357.248306274414,8338.944435119629,8357.248306274414,20,100,2026-09-07T21:15:32.010582+00:00
kaggle-vllm-m3-allreduce-raw-v1,kaggle-vllm-m3-two-rank-nccl-allreduce-v1,33554432,float16,2,1,65,8450.431823730469,8433.98380279541,8450.431823730469,20,100,2026-09-07T21:15:32.010582+00:00
kaggle-vllm-m3-allreduce-raw-v1,kaggle-vllm-m3-two-rank-nccl-allreduce-v1,33554432,float16,2,1,66,8446.592330932617,8451.9681930542,8451.9681930542,20,100,2026-09-07T21:15:32.010582+00:00
kaggle-vllm-m3-allreduce-raw-v1,kaggle-vllm-m3-two-rank-nccl-allreduce-v1,33554432,float16,2,1,67,8163.328170776367,8118.271827697754,8163.328170776367,20,100,2026-09-07T21:15:32.010582+00:00
kaggle-vllm-m3-allreduce-raw-v1,kaggle-vllm-m3-two-rank-nccl-allreduce-v1,33554432,float16,2,1,68,8157.183647155762,8099.84016418457,8157.183647155762,20,100,2026-09-07T21:15:32.010582+00:00
kaggle-vllm-m3-allreduce-raw-v1,kaggle-vllm-m3-two-rank-nccl-allreduce-v1,33554432,float16,2,1,69,8367.168426513672,8345.215797424316,8367.168426513672,20,100,2026-09-07T21:15:32.010582+00:00
kaggle-vllm-m3-allreduce-raw-v1,kaggle-vllm-m3-two-rank-nccl-allreduce-v1,33554432,float16,2,1,70,8398.847579956055,8389.504432678223,8398.847579956055,20,100,2026-09-07T21:15:32.010582+00:00
kaggle-vllm-m3-allreduce-raw-v1,kaggle-vllm-m3-two-rank-nccl-allreduce-v1,33554432,float16,2,1,71,8283.743858337402,8222.240447998047,8283.743858337402,20,100,2026-09-07T21:15:32.010582+00:00
kaggle-vllm-m3-allreduce-raw-v1,kaggle-vllm-m3-two-rank-nccl-allreduce-v1,33554432,float16,2,1,72,8260.448455810547,8202.239990234375,8260.448455810547,20,100,2026-09-07T21:15:32.010582+00:00
kaggle-vllm-m3-allreduce-raw-v1,kaggle-vllm-m3-two-rank-nccl-allreduce-v1,33554432,float16,2,1,73,8204.2875289917,8245.887756347656,8245.887756347656,20,100,2026-09-07T21:15:32.010582+00:00
kaggle-vllm-m3-allreduce-raw-v1,kaggle-vllm-m3-two-rank-nccl-allreduce-v1,33554432,float16,2,1,74,8335.359573364258,8353.952407836914,8353.952407836914,20,100,2026-09-07T21:15:32.010582+00:00
kaggle-vllm-m3-allreduce-raw-v1,kaggle-vllm-m3-two-rank-nccl-allreduce-v1,33554432,float16,2,1,75,8386.97624206543,8392.160415649414,8392.160415649414,20,100,2026-09-07T21:15:32.010582+00:00
kaggle-vllm-m3-allreduce-raw-v1,kaggle-vllm-m3-two-rank-nccl-allreduce-v1,33554432,float16,2,1,76,8370.816230773926,8385.024070739746,8385.024070739746,20,100,2026-09-07T21:15:32.010582+00:00
kaggle-vllm-m3-allreduce-raw-v1,kaggle-vllm-m3-two-rank-nccl-allreduce-v1,33554432,float16,2,1,77,8355.839729309082,8343.232154846191,8355.839729309082,20,100,2026-09-07T21:15:32.010582+00:00
kaggle-vllm-m3-allreduce-raw-v1,kaggle-vllm-m3-two-rank-nccl-allreduce-v1,33554432,float16,2,1,78,8369.312286376953,8357.983589172363,8369.312286376953,20,100,2026-09-07T21:15:32.010582+00:00
kaggle-vllm-m3-allreduce-raw-v1,kaggle-vllm-m3-two-rank-nccl-allreduce-v1,33554432,float16,2,1,79,8309.184074401855,8235.008239746094,8309.184074401855,20,100,2026-09-07T21:15:32.010582+00:00
kaggle-vllm-m3-allreduce-raw-v1,kaggle-vllm-m3-two-rank-nccl-allreduce-v1,33554432,float16,2,1,80,8376.319885253906,8387.64762878418,8387.64762878418,20,100,2026-09-07T21:15:32.010582+00:00
kaggle-vllm-m3-allreduce-raw-v1,kaggle-vllm-m3-two-rank-nccl-allreduce-v1,33554432,float16,2,1,81,8385.88809967041,8391.584396362305,8391.584396362305,20,100,2026-09-07T21:15:32.010582+00:00
kaggle-vllm-m3-allreduce-raw-v1,kaggle-vllm-m3-two-rank-nccl-allreduce-v1,33554432,float16,2,1,82,8375.904083251953,8369.407653808594,8375.904083251953,20,100,2026-09-07T21:15:32.010582+00:00
kaggle-vllm-m3-allreduce-raw-v1,kaggle-vllm-m3-two-rank-nccl-allreduce-v1,33554432,float16,2,1,83,8439.807891845703,8441.856384277344,8441.856384277344,20,100,2026-09-07T21:15:32.010582+00:00
kaggle-vllm-m3-allreduce-raw-v1,kaggle-vllm-m3-two-rank-nccl-allreduce-v1,33554432,float16,2,1,84,8363.679885864258,8341.376304626465,8363.679885864258,20,100,2026-09-07T21:15:32.010582+00:00
kaggle-vllm-m3-allreduce-raw-v1,kaggle-vllm-m3-two-rank-nccl-allreduce-v1,33554432,float16,2,1,85,8362.784385681152,8370.176315307617,8370.176315307617,20,100,2026-09-07T21:15:32.010582+00:00
kaggle-vllm-m3-allreduce-raw-v1,kaggle-vllm-m3-two-rank-nccl-allreduce-v1,33554432,float16,2,1,86,8378.368377685547,8390.656471252441,8390.656471252441,20,100,2026-09-07T21:15:32.010582+00:00
kaggle-vllm-m3-allreduce-raw-v1,kaggle-vllm-m3-two-rank-nccl-allreduce-v1,33554432,float16,2,1,87,8350.336074829102,8325.152397155762,8350.336074829102,20,100,2026-09-07T21:15:32.010582+00:00
kaggle-vllm-m3-allreduce-raw-v1,kaggle-vllm-m3-two-rank-nccl-allreduce-v1,33554432,float16,2,1,88,8393.088340759277,8389.280319213867,8393.088340759277,20,100,2026-09-07T21:15:32.010582+00:00
kaggle-vllm-m3-allreduce-raw-v1,kaggle-vllm-m3-two-rank-nccl-allreduce-v1,33554432,float16,2,1,89,8373.663902282715,8384.511947631836,8384.511947631836,20,100,2026-09-07T21:15:32.010582+00:00
kaggle-vllm-m3-allreduce-raw-v1,kaggle-vllm-m3-two-rank-nccl-allreduce-v1,33554432,float16,2,1,90,8400.896072387695,8379.136085510254,8400.896072387695,20,100,2026-09-07T21:15:32.010582+00:00
kaggle-vllm-m3-allreduce-raw-v1,kaggle-vllm-m3-two-rank-nccl-allreduce-v1,33554432,float16,2,1,91,8381.695747375488,8364.031791687012,8381.695747375488,20,100,2026-09-07T21:15:32.010582+00:00
kaggle-vllm-m3-allreduce-raw-v1,kaggle-vllm-m3-two-rank-nccl-allreduce-v1,33554432,float16,2,1,92,8303.03955078125,8255.488395690918,8303.03955078125,20,100,2026-09-07T21:15:32.010582+00:00
kaggle-vllm-m3-allreduce-raw-v1,kaggle-vllm-m3-two-rank-nccl-allreduce-v1,33554432,float16,2,1,93,8204.575538635254,8127.296447753906,8204.575538635254,20,100,2026-09-07T21:15:32.010582+00:00
kaggle-vllm-m3-allreduce-raw-v1,kaggle-vllm-m3-two-rank-nccl-allreduce-v1,33554432,float16,2,1,94,8367.96760559082,8365.728378295898,8367.96760559082,20,100,2026-09-07T21:15:32.010582+00:00
kaggle-vllm-m3-allreduce-raw-v1,kaggle-vllm-m3-two-rank-nccl-allreduce-v1,33554432,float16,2,1,95,8353.18374633789,8337.79239654541,8353.18374633789,20,100,2026-09-07T21:15:32.010582+00:00
kaggle-vllm-m3-allreduce-raw-v1,kaggle-vllm-m3-two-rank-nccl-allreduce-v1,33554432,float16,2,1,96,8365.792274475098,8345.600128173828,8365.792274475098,20,100,2026-09-07T21:15:32.010582+00:00
kaggle-vllm-m3-allreduce-raw-v1,kaggle-vllm-m3-two-rank-nccl-allreduce-v1,33554432,float16,2,1,97,8382.080078125,8379.551887512207,8382.080078125,20,100,2026-09-07T21:15:32.010582+00:00
kaggle-vllm-m3-allreduce-raw-v1,kaggle-vllm-m3-two-rank-nccl-allreduce-v1,33554432,float16,2,1,98,8367.87223815918,8373.855590820312,8373.855590820312,20,100,2026-09-07T21:15:32.010582+00:00
kaggle-vllm-m3-allreduce-raw-v1,kaggle-vllm-m3-two-rank-nccl-allreduce-v1,33554432,float16,2,1,99,8395.551681518555,8401.215553283691,8401.215553283691,20,100,2026-09-07T21:15:32.010582+00:00
kaggle-vllm-m3-allreduce-raw-v1,kaggle-vllm-m3-two-rank-nccl-allreduce-v1,67108864,float16,2,1,0,16518.720626831055,16570.49560546875,16570.49560546875,20,100,2026-09-07T21:15:34.080651+00:00
kaggle-vllm-m3-allreduce-raw-v1,kaggle-vllm-m3-two-rank-nccl-allreduce-v1,67108864,float16,2,1,1,16554.431915283203,16611.328125,16611.328125,20,100,2026-09-07T21:15:34.080651+00:00
kaggle-vllm-m3-allreduce-raw-v1,kaggle-vllm-m3-two-rank-nccl-allreduce-v1,67108864,float16,2,1,2,16576.51138305664,16498.687744140625,16576.51138305664,20,100,2026-09-07T21:15:34.080651+00:00
kaggle-vllm-m3-allreduce-raw-v1,kaggle-vllm-m3-two-rank-nccl-allreduce-v1,67108864,float16,2,1,3,16665.952682495117,16655.487060546875,16665.952682495117,20,100,2026-09-07T21:15:34.080651+00:00
kaggle-vllm-m3-allreduce-raw-v1,kaggle-vllm-m3-two-rank-nccl-allreduce-v1,67108864,float16,2,1,4,16646.14486694336,16650.815963745117,16650.815963745117,20,100,2026-09-07T21:15:34.080651+00:00
kaggle-vllm-m3-allreduce-raw-v1,kaggle-vllm-m3-two-rank-nccl-allreduce-v1,67108864,float16,2,1,5,16702.112197875977,16707.6473236084,16707.6473236084,20,100,2026-09-07T21:15:34.080651+00:00
kaggle-vllm-m3-allreduce-raw-v1,kaggle-vllm-m3-two-rank-nccl-allreduce-v1,67108864,float16,2,1,6,16650.239944458008,16626.33514404297,16650.239944458008,20,100,2026-09-07T21:15:34.080651+00:00
kaggle-vllm-m3-allreduce-raw-v1,kaggle-vllm-m3-two-rank-nccl-allreduce-v1,67108864,float16,2,1,7,16668.479919433594,16644.73533630371,16668.479919433594,20,100,2026-09-07T21:15:34.080651+00:00
kaggle-vllm-m3-allreduce-raw-v1,kaggle-vllm-m3-two-rank-nccl-allreduce-v1,67108864,float16,2,1,8,16644.031524658203,16652.767181396484,16652.767181396484,20,100,2026-09-07T21:15:34.080651+00:00
kaggle-vllm-m3-allreduce-raw-v1,kaggle-vllm-m3-two-rank-nccl-allreduce-v1,67108864,float16,2,1,9,16652.28843688965,16657.791137695312,16657.791137695312,20,100,2026-09-07T21:15:34.080651+00:00
kaggle-vllm-m3-allreduce-raw-v1,kaggle-vllm-m3-two-rank-nccl-allreduce-v1,67108864,float16,2,1,10,16673.311233520508,16688.575744628906,16688.575744628906,20,100,2026-09-07T21:15:34.080651+00:00
kaggle-vllm-m3-allreduce-raw-v1,kaggle-vllm-m3-two-rank-nccl-allreduce-v1,67108864,float16,2,1,11,16623.615264892578,16642.240524291992,16642.240524291992,20,100,2026-09-07T21:15:34.080651+00:00
kaggle-vllm-m3-allreduce-raw-v1,kaggle-vllm-m3-two-rank-nccl-allreduce-v1,67108864,float16,2,1,12,16672.767639160156,16689.664840698242,16689.664840698242,20,100,2026-09-07T21:15:34.080651+00:00
kaggle-vllm-m3-allreduce-raw-v1,kaggle-vllm-m3-two-rank-nccl-allreduce-v1,67108864,float16,2,1,13,16690.975189208984,16713.43994140625,16713.43994140625,20,100,2026-09-07T21:15:34.080651+00:00
kaggle-vllm-m3-allreduce-raw-v1,kaggle-vllm-m3-two-rank-nccl-allreduce-v1,67108864,float16,2,1,14,16671.232223510742,16683.32862854004,16683.32862854004,20,100,2026-09-07T21:15:34.080651+00:00
kaggle-vllm-m3-allreduce-raw-v1,kaggle-vllm-m3-two-rank-nccl-allreduce-v1,67108864,float16,2,1,15,16626.11198425293,16627.26402282715,16627.26402282715,20,100,2026-09-07T21:15:34.080651+00:00
kaggle-vllm-m3-allreduce-raw-v1,kaggle-vllm-m3-two-rank-nccl-allreduce-v1,67108864,float16,2,1,16,16689.151763916016,16691.680908203125,16691.680908203125,20,100,2026-09-07T21:15:34.080651+00:00
kaggle-vllm-m3-allreduce-raw-v1,kaggle-vllm-m3-two-rank-nccl-allreduce-v1,67108864,float16,2,1,17,16488.384246826172,16555.744171142578,16555.744171142578,20,100,2026-09-07T21:15:34.080651+00:00
kaggle-vllm-m3-allreduce-raw-v1,kaggle-vllm-m3-two-rank-nccl-allreduce-v1,67108864,float16,2,1,18,16756.032943725586,16759.872436523438,16759.872436523438,20,100,2026-09-07T21:15:34.080651+00:00
kaggle-vllm-m3-allreduce-raw-v1,kaggle-vllm-m3-two-rank-nccl-allreduce-v1,67108864,float16,2,1,19,16567.07191467285,16623.2967376709,16623.2967376709,20,100,2026-09-07T21:15:34.080651+00:00
kaggle-vllm-m3-allreduce-raw-v1,kaggle-vllm-m3-two-rank-nccl-allreduce-v1,67108864,float16,2,1,20,16445.951461791992,16322.303771972656,16445.951461791992,20,100,2026-09-07T21:15:34.080651+00:00
kaggle-vllm-m3-allreduce-raw-v1,kaggle-vllm-m3-two-rank-nccl-allreduce-v1,67108864,float16,2,1,21,16644.607543945312,16656.383514404297,16656.383514404297,20,100,2026-09-07T21:15:34.080651+00:00
kaggle-vllm-m3-allreduce-raw-v1,kaggle-vllm-m3-two-rank-nccl-allreduce-v1,67108864,float16,2,1,22,16739.871978759766,16733.600616455078,16739.871978759766,20,100,2026-09-07T21:15:34.080651+00:00
kaggle-vllm-m3-allreduce-raw-v1,kaggle-vllm-m3-two-rank-nccl-allreduce-v1,67108864,float16,2,1,23,16715.776443481445,16726.75132751465,16726.75132751465,20,100,2026-09-07T21:15:34.080651+00:00
kaggle-vllm-m3-allreduce-raw-v1,kaggle-vllm-m3-two-rank-nccl-allreduce-v1,67108864,float16,2,1,24,16666.912078857422,16650.239944458008,16666.912078857422,20,100,2026-09-07T21:15:34.080651+00:00
kaggle-vllm-m3-allreduce-raw-v1,kaggle-vllm-m3-two-rank-nccl-allreduce-v1,67108864,float16,2,1,25,16599.03907775879,16617.47169494629,16617.47169494629,20,100,2026-09-07T21:15:34.080651+00:00
kaggle-vllm-m3-allreduce-raw-v1,kaggle-vllm-m3-two-rank-nccl-allreduce-v1,67108864,float16,2,1,26,16424.959182739258,16486.33575439453,16486.33575439453,20,100,2026-09-07T21:15:34.080651+00:00
kaggle-vllm-m3-allreduce-raw-v1,kaggle-vllm-m3-two-rank-nccl-allreduce-v1,67108864,float16,2,1,27,16692.895889282227,16714.752197265625,16714.752197265625,20,100,2026-09-07T21:15:34.080651+00:00
kaggle-vllm-m3-allreduce-raw-v1,kaggle-vllm-m3-two-rank-nccl-allreduce-v1,67108864,float16,2,1,28,16690.752029418945,16709.983825683594,16709.983825683594,20,100,2026-09-07T21:15:34.080651+00:00
kaggle-vllm-m3-allreduce-raw-v1,kaggle-vllm-m3-two-rank-nccl-allreduce-v1,67108864,float16,2,1,29,16660.703659057617,16680.831909179688,16680.831909179688,20,100,2026-09-07T21:15:34.080651+00:00
kaggle-vllm-m3-allreduce-raw-v1,kaggle-vllm-m3-two-rank-nccl-allreduce-v1,67108864,float16,2,1,30,16709.728240966797,16703.45687866211,16709.728240966797,20,100,2026-09-07T21:15:34.080651+00:00
kaggle-vllm-m3-allreduce-raw-v1,kaggle-vllm-m3-two-rank-nccl-allreduce-v1,67108864,float16,2,1,31,16572.416305541992,16627.71224975586,16627.71224975586,20,100,2026-09-07T21:15:34.080651+00:00
kaggle-vllm-m3-allreduce-raw-v1,kaggle-vllm-m3-two-rank-nccl-allreduce-v1,67108864,float16,2,1,32,16689.088821411133,16699.167251586914,16699.167251586914,20,100,2026-09-07T21:15:34.080651+00:00
kaggle-vllm-m3-allreduce-raw-v1,kaggle-vllm-m3-two-rank-nccl-allreduce-v1,67108864,float16,2,1,33,16701.087951660156,16709.79118347168,16709.79118347168,20,100,2026-09-07T21:15:34.080651+00:00
kaggle-vllm-m3-allreduce-raw-v1,kaggle-vllm-m3-two-rank-nccl-allreduce-v1,67108864,float16,2,1,34,16639.999389648438,16642.40074157715,16642.40074157715,20,100,2026-09-07T21:15:34.080651+00:00
kaggle-vllm-m3-allreduce-raw-v1,kaggle-vllm-m3-two-rank-nccl-allreduce-v1,67108864,float16,2,1,35,16448.16017150879,16521.91925048828,16521.91925048828,20,100,2026-09-07T21:15:34.080651+00:00
kaggle-vllm-m3-allreduce-raw-v1,kaggle-vllm-m3-two-rank-nccl-allreduce-v1,67108864,float16,2,1,36,16707.584381103516,16717.824935913086,16717.824935913086,20,100,2026-09-07T21:15:34.080651+00:00
kaggle-vllm-m3-allreduce-raw-v1,kaggle-vllm-m3-two-rank-nccl-allreduce-v1,67108864,float16,2,1,37,16478.431701660156,16553.983688354492,16553.983688354492,20,100,2026-09-07T21:15:34.080651+00:00
kaggle-vllm-m3-allreduce-raw-v1,kaggle-vllm-m3-two-rank-nccl-allreduce-v1,67108864,float16,2,1,38,16680.288314819336,16702.207565307617,16702.207565307617,20,100,2026-09-07T21:15:34.080651+00:00
kaggle-vllm-m3-allreduce-raw-v1,kaggle-vllm-m3-two-rank-nccl-allreduce-v1,67108864,float16,2,1,39,16652.511596679688,16623.519897460938,16652.511596679688,20,100,2026-09-07T21:15:34.080651+00:00
kaggle-vllm-m3-allreduce-raw-v1,kaggle-vllm-m3-two-rank-nccl-allreduce-v1,67108864,float16,2,1,40,16375.455856323242,16293.184280395508,16375.455856323242,20,100,2026-09-07T21:15:34.080651+00:00
kaggle-vllm-m3-allreduce-raw-v1,kaggle-vllm-m3-two-rank-nccl-allreduce-v1,67108864,float16,2,1,41,16780.479431152344,16778.879165649414,16780.479431152344,20,100,2026-09-07T21:15:34.080651+00:00
kaggle-vllm-m3-allreduce-raw-v1,kaggle-vllm-m3-two-rank-nccl-allreduce-v1,67108864,float16,2,1,42,16570.36781311035,16608.768463134766,16608.768463134766,20,100,2026-09-07T21:15:34.080651+00:00
kaggle-vllm-m3-allreduce-raw-v1,kaggle-vllm-m3-two-rank-nccl-allreduce-v1,67108864,float16,2,1,43,16735.008239746094,16734.207153320312,16735.008239746094,20,100,2026-09-07T21:15:34.080651+00:00
kaggle-vllm-m3-allreduce-raw-v1,kaggle-vllm-m3-two-rank-nccl-allreduce-v1,67108864,float16,2,1,44,16724.44725036621,16736.352920532227,16736.352920532227,20,100,2026-09-07T21:15:34.080651+00:00
kaggle-vllm-m3-allreduce-raw-v1,kaggle-vllm-m3-two-rank-nccl-allreduce-v1,67108864,float16,2,1,45,16735.872268676758,16734.207153320312,16735.872268676758,20,100,2026-09-07T21:15:34.080651+00:00
kaggle-vllm-m3-allreduce-raw-v1,kaggle-vllm-m3-two-rank-nccl-allreduce-v1,67108864,float16,2,1,46,16639.999389648438,16672.767639160156,16672.767639160156,20,100,2026-09-07T21:15:34.080651+00:00
kaggle-vllm-m3-allreduce-raw-v1,kaggle-vllm-m3-two-rank-nccl-allreduce-v1,67108864,float16,2,1,47,16693.08853149414,16693.248748779297,16693.248748779297,20,100,2026-09-07T21:15:34.080651+00:00
kaggle-vllm-m3-allreduce-raw-v1,kaggle-vllm-m3-two-rank-nccl-allreduce-v1,67108864,float16,2,1,48,16620.895385742188,16568.31932067871,16620.895385742188,20,100,2026-09-07T21:15:34.080651+00:00
kaggle-vllm-m3-allreduce-raw-v1,kaggle-vllm-m3-two-rank-nccl-allreduce-v1,67108864,float16,2,1,49,16641.24870300293,16615.968704223633,16641.24870300293,20,100,2026-09-07T21:15:34.080651+00:00
kaggle-vllm-m3-allreduce-raw-v1,kaggle-vllm-m3-two-rank-nccl-allreduce-v1,67108864,float16,2,1,50,16654.33692932129,16642.01545715332,16654.33692932129,20,100,2026-09-07T21:15:34.080651+00:00
kaggle-vllm-m3-allreduce-raw-v1,kaggle-vllm-m3-two-rank-nccl-allreduce-v1,67108864,float16,2,1,51,16613.792419433594,16546.49543762207,16613.792419433594,20,100,2026-09-07T21:15:34.080651+00:00
kaggle-vllm-m3-allreduce-raw-v1,kaggle-vllm-m3-two-rank-nccl-allreduce-v1,67108864,float16,2,1,52,16567.424774169922,16507.71141052246,16567.424774169922,20,100,2026-09-07T21:15:34.080651+00:00
kaggle-vllm-m3-allreduce-raw-v1,kaggle-vllm-m3-two-rank-nccl-allreduce-v1,67108864,float16,2,1,53,16713.024139404297,16699.359893798828,16713.024139404297,20,100,2026-09-07T21:15:34.080651+00:00
kaggle-vllm-m3-allreduce-raw-v1,kaggle-vllm-m3-two-rank-nccl-allreduce-v1,67108864,float16,2,1,54,16250.688552856445,16466.304779052734,16466.304779052734,20,100,2026-09-07T21:15:34.080651+00:00
kaggle-vllm-m3-allreduce-raw-v1,kaggle-vllm-m3-two-rank-nccl-allreduce-v1,67108864,float16,2,1,55,16777.568817138672,16756.736755371094,16777.568817138672,20,100,2026-09-07T21:15:34.080651+00:00
kaggle-vllm-m3-allreduce-raw-v1,kaggle-vllm-m3-two-rank-nccl-allreduce-v1,67108864,float16,2,1,56,16743.67904663086,16722.944259643555,16743.67904663086,20,100,2026-09-07T21:15:34.080651+00:00
kaggle-vllm-m3-allreduce-raw-v1,kaggle-vllm-m3-two-rank-nccl-allreduce-v1,67108864,float16,2,1,57,16681.631088256836,16700.83236694336,16700.83236694336,20,100,2026-09-07T21:15:34.080651+00:00
kaggle-vllm-m3-allreduce-raw-v1,kaggle-vllm-m3-two-rank-nccl-allreduce-v1,67108864,float16,2,1,58,16631.103515625,16651.67999267578,16651.67999267578,20,100,2026-09-07T21:15:34.080651+00:00
kaggle-vllm-m3-allreduce-raw-v1,kaggle-vllm-m3-two-rank-nccl-allreduce-v1,67108864,float16,2,1,59,16638.015747070312,16633.85581970215,16638.015747070312,20,100,2026-09-07T21:15:34.080651+00:00
kaggle-vllm-m3-allreduce-raw-v1,kaggle-vllm-m3-two-rank-nccl-allreduce-v1,67108864,float16,2,1,60,16703.0086517334,16688.127517700195,16703.0086517334,20,100,2026-09-07T21:15:34.080651+00:00
kaggle-vllm-m3-allreduce-raw-v1,kaggle-vllm-m3-two-rank-nccl-allreduce-v1,67108864,float16,2,1,61,16664.575576782227,16663.776397705078,16664.575576782227,20,100,2026-09-07T21:15:34.080651+00:00
kaggle-vllm-m3-allreduce-raw-v1,kaggle-vllm-m3-two-rank-nccl-allreduce-v1,67108864,float16,2,1,62,16709.632873535156,16716.703414916992,16716.703414916992,20,100,2026-09-07T21:15:34.080651+00:00
kaggle-vllm-m3-allreduce-raw-v1,kaggle-vllm-m3-two-rank-nccl-allreduce-v1,67108864,float16,2,1,63,16660.736083984375,16648.799896240234,16660.736083984375,20,100,2026-09-07T21:15:34.080651+00:00
kaggle-vllm-m3-allreduce-raw-v1,kaggle-vllm-m3-two-rank-nccl-allreduce-v1,67108864,float16,2,1,64,16691.0400390625,16704.063415527344,16704.063415527344,20,100,2026-09-07T21:15:34.080651+00:00
kaggle-vllm-m3-allreduce-raw-v1,kaggle-vllm-m3-two-rank-nccl-allreduce-v1,67108864,float16,2,1,65,16685.983657836914,16690.431594848633,16690.431594848633,20,100,2026-09-07T21:15:34.080651+00:00
kaggle-vllm-m3-allreduce-raw-v1,kaggle-vllm-m3-two-rank-nccl-allreduce-v1,67108864,float16,2,1,66,16666.624069213867,16689.184188842773,16689.184188842773,20,100,2026-09-07T21:15:34.080651+00:00
kaggle-vllm-m3-allreduce-raw-v1,kaggle-vllm-m3-two-rank-nccl-allreduce-v1,67108864,float16,2,1,67,16716.032028198242,16717.727661132812,16717.727661132812,20,100,2026-09-07T21:15:34.080651+00:00
kaggle-vllm-m3-allreduce-raw-v1,kaggle-vllm-m3-two-rank-nccl-allreduce-v1,67108864,float16,2,1,68,16689.151763916016,16711.679458618164,16711.679458618164,20,100,2026-09-07T21:15:34.080651+00:00
kaggle-vllm-m3-allreduce-raw-v1,kaggle-vllm-m3-two-rank-nccl-allreduce-v1,67108864,float16,2,1,69,16522.464752197266,16562.015533447266,16562.015533447266,20,100,2026-09-07T21:15:34.080651+00:00
kaggle-vllm-m3-allreduce-raw-v1,kaggle-vllm-m3-two-rank-nccl-allreduce-v1,67108864,float16,2,1,70,16683.008193969727,16681.503295898438,16683.008193969727,20,100,2026-09-07T21:15:34.080651+00:00
kaggle-vllm-m3-allreduce-raw-v1,kaggle-vllm-m3-two-rank-nccl-allreduce-v1,67108864,float16,2,1,71,16639.83917236328,16689.79263305664,16689.79263305664,20,100,2026-09-07T21:15:34.080651+00:00
kaggle-vllm-m3-allreduce-raw-v1,kaggle-vllm-m3-two-rank-nccl-allreduce-v1,67108864,float16,2,1,72,16546.367645263672,16465.951919555664,16546.367645263672,20,100,2026-09-07T21:15:34.080651+00:00
kaggle-vllm-m3-allreduce-raw-v1,kaggle-vllm-m3-two-rank-nccl-allreduce-v1,67108864,float16,2,1,73,16677.9842376709,16660.512924194336,16677.9842376709,20,100,2026-09-07T21:15:34.080651+00:00
kaggle-vllm-m3-allreduce-raw-v1,kaggle-vllm-m3-two-rank-nccl-allreduce-v1,67108864,float16,2,1,74,16527.551651000977,16455.135345458984,16527.551651000977,20,100,2026-09-07T21:15:34.080651+00:00
kaggle-vllm-m3-allreduce-raw-v1,kaggle-vllm-m3-two-rank-nccl-allreduce-v1,67108864,float16,2,1,75,16655.231475830078,16662.527084350586,16662.527084350586,20,100,2026-09-07T21:15:34.080651+00:00
kaggle-vllm-m3-allreduce-raw-v1,kaggle-vllm-m3-two-rank-nccl-allreduce-v1,67108864,float16,2,1,76,16652.28843688965,16631.616592407227,16652.28843688965,20,100,2026-09-07T21:15:34.080651+00:00
kaggle-vllm-m3-allreduce-raw-v1,kaggle-vllm-m3-two-rank-nccl-allreduce-v1,67108864,float16,2,1,77,16683.456420898438,16681.91909790039,16683.456420898438,20,100,2026-09-07T21:15:34.080651+00:00
kaggle-vllm-m3-allreduce-raw-v1,kaggle-vllm-m3-two-rank-nccl-allreduce-v1,67108864,float16,2,1,78,16675.45509338379,16657.983779907227,16675.45509338379,20,100,2026-09-07T21:15:34.080651+00:00
kaggle-vllm-m3-allreduce-raw-v1,kaggle-vllm-m3-two-rank-nccl-allreduce-v1,67108864,float16,2,1,79,16670.78399658203,16638.111114501953,16670.78399658203,20,100,2026-09-07T21:15:34.080651+00:00
kaggle-vllm-m3-allreduce-raw-v1,kaggle-vllm-m3-two-rank-nccl-allreduce-v1,67108864,float16,2,1,80,16608.83140563965,16666.976928710938,16666.976928710938,20,100,2026-09-07T21:15:34.080651+00:00
kaggle-vllm-m3-allreduce-raw-v1,kaggle-vllm-m3-two-rank-nccl-allreduce-v1,67108864,float16,2,1,81,16675.45509338379,16667.232513427734,16675.45509338379,20,100,2026-09-07T21:15:34.080651+00:00
kaggle-vllm-m3-allreduce-raw-v1,kaggle-vllm-m3-two-rank-nccl-allreduce-v1,67108864,float16,2,1,82,16703.392028808594,16715.776443481445,16715.776443481445,20,100,2026-09-07T21:15:34.080651+00:00
kaggle-vllm-m3-allreduce-raw-v1,kaggle-vllm-m3-two-rank-nccl-allreduce-v1,67108864,float16,2,1,83,16664.640426635742,16644.351959228516,16664.640426635742,20,100,2026-09-07T21:15:34.080651+00:00
kaggle-vllm-m3-allreduce-raw-v1,kaggle-vllm-m3-two-rank-nccl-allreduce-v1,67108864,float16,2,1,84,16689.151763916016,16672.767639160156,16689.151763916016,20,100,2026-09-07T21:15:34.080651+00:00
kaggle-vllm-m3-allreduce-raw-v1,kaggle-vllm-m3-two-rank-nccl-allreduce-v1,67108864,float16,2,1,85,16622.655868530273,16599.03907775879,16622.655868530273,20,100,2026-09-07T21:15:34.080651+00:00
kaggle-vllm-m3-allreduce-raw-v1,kaggle-vllm-m3-two-rank-nccl-allreduce-v1,67108864,float16,2,1,86,16675.32730102539,16676.864624023438,16676.864624023438,20,100,2026-09-07T21:15:34.080651+00:00
kaggle-vllm-m3-allreduce-raw-v1,kaggle-vllm-m3-two-rank-nccl-allreduce-v1,67108864,float16,2,1,87,16658.30421447754,16604.415893554688,16658.30421447754,20,100,2026-09-07T21:15:34.080651+00:00
kaggle-vllm-m3-allreduce-raw-v1,kaggle-vllm-m3-two-rank-nccl-allreduce-v1,67108864,float16,2,1,88,16639.10484313965,16645.727157592773,16645.727157592773,20,100,2026-09-07T21:15:34.080651+00:00
kaggle-vllm-m3-allreduce-raw-v1,kaggle-vllm-m3-two-rank-nccl-allreduce-v1,67108864,float16,2,1,89,16427.0076751709,16324.287414550781,16427.0076751709,20,100,2026-09-07T21:15:34.080651+00:00
kaggle-vllm-m3-allreduce-raw-v1,kaggle-vllm-m3-two-rank-nccl-allreduce-v1,67108864,float16,2,1,90,16546.592712402344,16484.352111816406,16546.592712402344,20,100,2026-09-07T21:15:34.080651+00:00
kaggle-vllm-m3-allreduce-raw-v1,kaggle-vllm-m3-two-rank-nccl-allreduce-v1,67108864,float16,2,1,91,16764.575958251953,16744.287490844727,16764.575958251953,20,100,2026-09-07T21:15:34.080651+00:00
kaggle-vllm-m3-allreduce-raw-v1,kaggle-vllm-m3-two-rank-nccl-allreduce-v1,67108864,float16,2,1,92,16733.11996459961,16745.887756347656,16745.887756347656,20,100,2026-09-07T21:15:34.080651+00:00
kaggle-vllm-m3-allreduce-raw-v1,kaggle-vllm-m3-two-rank-nccl-allreduce-v1,67108864,float16,2,1,93,16471.8074798584,16570.36781311035,16570.36781311035,20,100,2026-09-07T21:15:34.080651+00:00
kaggle-vllm-m3-allreduce-raw-v1,kaggle-vllm-m3-two-rank-nccl-allreduce-v1,67108864,float16,2,1,94,16642.911911010742,16646.14486694336,16646.14486694336,20,100,2026-09-07T21:15:34.080651+00:00
kaggle-vllm-m3-allreduce-raw-v1,kaggle-vllm-m3-two-rank-nccl-allreduce-v1,67108864,float16,2,1,95,16680.063247680664,16687.744140625,16687.744140625,20,100,2026-09-07T21:15:34.080651+00:00
kaggle-vllm-m3-allreduce-raw-v1,kaggle-vllm-m3-two-rank-nccl-allreduce-v1,67108864,float16,2,1,96,16711.07292175293,16717.824935913086,16717.824935913086,20,100,2026-09-07T21:15:34.080651+00:00
kaggle-vllm-m3-allreduce-raw-v1,kaggle-vllm-m3-two-rank-nccl-allreduce-v1,67108864,float16,2,1,97,16648.191452026367,16632.192611694336,16648.191452026367,20,100,2026-09-07T21:15:34.080651+00:00
kaggle-vllm-m3-allreduce-raw-v1,kaggle-vllm-m3-two-rank-nccl-allreduce-v1,67108864,float16,2,1,98,16711.200714111328,16705.535888671875,16711.200714111328,20,100,2026-09-07T21:15:34.080651+00:00
kaggle-vllm-m3-allreduce-raw-v1,kaggle-vllm-m3-two-rank-nccl-allreduce-v1,67108864,float16,2,1,99,16643.999099731445,16652.576446533203,16652.576446533203,20,100,2026-09-07T21:15:34.080651+00:00
kaggle-vllm-m3-allreduce-raw-v1,kaggle-vllm-m3-two-rank-nccl-allreduce-v1,1024,float16,2,2,0,173.8239973783493,167.4879938364029,173.8239973783493,20,100,2026-09-07T21:15:40.536819+00:00
kaggle-vllm-m3-allreduce-raw-v1,kaggle-vllm-m3-two-rank-nccl-allreduce-v1,1024,float16,2,2,1,156.15999698638916,155.61600029468536,156.15999698638916,20,100,2026-09-07T21:15:40.536819+00:00
kaggle-vllm-m3-allreduce-raw-v1,kaggle-vllm-m3-two-rank-nccl-allreduce-v1,1024,float16,2,2,2,154.94400262832642,146.464005112648,154.94400262832642,20,100,2026-09-07T21:15:40.536819+00:00
kaggle-vllm-m3-allreduce-raw-v1,kaggle-vllm-m3-two-rank-nccl-allreduce-v1,1024,float16,2,2,3,149.6960073709488,149.9519944190979,149.9519944190979,20,100,2026-09-07T21:15:40.536819+00:00
kaggle-vllm-m3-allreduce-raw-v1,kaggle-vllm-m3-two-rank-nccl-allreduce-v1,1024,float16,2,2,4,149.63200688362122,149.50400590896606,149.63200688362122,20,100,2026-09-07T21:15:40.536819+00:00
kaggle-vllm-m3-allreduce-raw-v1,kaggle-vllm-m3-two-rank-nccl-allreduce-v1,1024,float16,2,2,5,167.90400445461273,190.46400487422943,190.46400487422943,20,100,2026-09-07T21:15:40.536819+00:00
kaggle-vllm-m3-allreduce-raw-v1,kaggle-vllm-m3-two-rank-nccl-allreduce-v1,1024,float16,2,2,6,193.56800615787506,186.81600689888,193.56800615787506,20,100,2026-09-07T21:15:40.536819+00:00
kaggle-vllm-m3-allreduce-raw-v1,kaggle-vllm-m3-two-rank-nccl-allreduce-v1,1024,float16,2,2,7,196.16000354290009,194.91200149059296,196.16000354290009,20,100,2026-09-07T21:15:40.536819+00:00
kaggle-vllm-m3-allreduce-raw-v1,kaggle-vllm-m3-two-rank-nccl-allreduce-v1,1024,float16,2,2,8,180.2240014076233,181.0240000486374,181.0240000486374,20,100,2026-09-07T21:15:40.536819+00:00
kaggle-vllm-m3-allreduce-raw-v1,kaggle-vllm-m3-two-rank-nccl-allreduce-v1,1024,float16,2,2,9,177.98399925231934,176.5120029449463,177.98399925231934,20,100,2026-09-07T21:15:40.536819+00:00
kaggle-vllm-m3-allreduce-raw-v1,kaggle-vllm-m3-two-rank-nccl-allreduce-v1,1024,float16,2,2,10,151.7760008573532,151.5199989080429,151.7760008573532,20,100,2026-09-07T21:15:40.536819+00:00
kaggle-vllm-m3-allreduce-raw-v1,kaggle-vllm-m3-two-rank-nccl-allreduce-v1,1024,float16,2,2,11,164.09599781036377,163.83999586105347,164.09599781036377,20,100,2026-09-07T21:15:40.536819+00:00
kaggle-vllm-m3-allreduce-raw-v1,kaggle-vllm-m3-two-rank-nccl-allreduce-v1,1024,float16,2,2,12,141.31200313568115,141.9840008020401,141.9840008020401,20,100,2026-09-07T21:15:40.536819+00:00
kaggle-vllm-m3-allreduce-raw-v1,kaggle-vllm-m3-two-rank-nccl-allreduce-v1,1024,float16,2,2,13,151.48800611495972,151.42400562763214,151.48800611495972,20,100,2026-09-07T21:15:40.536819+00:00
kaggle-vllm-m3-allreduce-raw-v1,kaggle-vllm-m3-two-rank-nccl-allreduce-v1,1024,float16,2,2,14,201.50400698184967,184.4799965620041,201.50400698184967,20,100,2026-09-07T21:15:40.536819+00:00
kaggle-vllm-m3-allreduce-raw-v1,kaggle-vllm-m3-two-rank-nccl-allreduce-v1,1024,float16,2,2,15,177.15199291706085,186.75200641155243,186.75200641155243,20,100,2026-09-07T21:15:40.536819+00:00
kaggle-vllm-m3-allreduce-raw-v1,kaggle-vllm-m3-two-rank-nccl-allreduce-v1,1024,float16,2,2,16,141.7279988527298,143.327996134758,143.327996134758,20,100,2026-09-07T21:15:40.536819+00:00
kaggle-vllm-m3-allreduce-raw-v1,kaggle-vllm-m3-two-rank-nccl-allreduce-v1,1024,float16,2,2,17,157.44000673294067,157.69599378108978,157.69599378108978,20,100,2026-09-07T21:15:40.536819+00:00
kaggle-vllm-m3-allreduce-raw-v1,kaggle-vllm-m3-two-rank-nccl-allreduce-v1,1024,float16,2,2,18,141.40799641609192,141.56800508499146,141.56800508499146,20,100,2026-09-07T21:15:40.536819+00:00
kaggle-vllm-m3-allreduce-raw-v1,kaggle-vllm-m3-two-rank-nccl-allreduce-v1,1024,float16,2,2,19,159.64800119400024,147.45600521564484,159.64800119400024,20,100,2026-09-07T21:15:40.536819+00:00
kaggle-vllm-m3-allreduce-raw-v1,kaggle-vllm-m3-two-rank-nccl-allreduce-v1,1024,float16,2,2,20,141.27999544143677,141.79199934005737,141.79199934005737,20,100,2026-09-07T21:15:40.536819+00:00
kaggle-vllm-m3-allreduce-raw-v1,kaggle-vllm-m3-two-rank-nccl-allreduce-v1,1024,float16,2,2,21,149.27999675273895,142.33599603176117,149.27999675273895,20,100,2026-09-07T21:15:40.536819+00:00
kaggle-vllm-m3-allreduce-raw-v1,kaggle-vllm-m3-two-rank-nccl-allreduce-v1,1024,float16,2,2,22,146.7839926481247,145.9520012140274,146.7839926481247,20,100,2026-09-07T21:15:40.536819+00:00
kaggle-vllm-m3-allreduce-raw-v1,kaggle-vllm-m3-two-rank-nccl-allreduce-v1,1024,float16,2,2,23,153.6320000886917,153.02400290966034,153.6320000886917,20,100,2026-09-07T21:15:40.536819+00:00
kaggle-vllm-m3-allreduce-raw-v1,kaggle-vllm-m3-two-rank-nccl-allreduce-v1,1024,float16,2,2,24,168.41599345207214,169.0240055322647,169.0240055322647,20,100,2026-09-07T21:15:40.536819+00:00
kaggle-vllm-m3-allreduce-raw-v1,kaggle-vllm-m3-two-rank-nccl-allreduce-v1,1024,float16,2,2,25,144.06399428844452,145.4399973154068,145.4399973154068,20,100,2026-09-07T21:15:40.536819+00:00
kaggle-vllm-m3-allreduce-raw-v1,kaggle-vllm-m3-two-rank-nccl-allreduce-v1,1024,float16,2,2,26,137.7599984407425,145.82400023937225,145.82400023937225,20,100,2026-09-07T21:15:40.536819+00:00
kaggle-vllm-m3-allreduce-raw-v1,kaggle-vllm-m3-two-rank-nccl-allreduce-v1,1024,float16,2,2,27,149.24800395965576,148.15999567508698,149.24800395965576,20,100,2026-09-07T21:15:40.536819+00:00
kaggle-vllm-m3-allreduce-raw-v1,kaggle-vllm-m3-two-rank-nccl-allreduce-v1,1024,float16,2,2,28,167.52000153064728,167.4879938364029,167.52000153064728,20,100,2026-09-07T21:15:40.536819+00:00
kaggle-vllm-m3-allreduce-raw-v1,kaggle-vllm-m3-two-rank-nccl-allreduce-v1,1024,float16,2,2,29,162.27200627326965,163.68000209331512,163.68000209331512,20,100,2026-09-07T21:15:40.536819+00:00
kaggle-vllm-m3-allreduce-raw-v1,kaggle-vllm-m3-two-rank-nccl-allreduce-v1,1024,float16,2,2,30,141.15199446678162,151.36000514030457,151.36000514030457,20,100,2026-09-07T21:15:40.536819+00:00
kaggle-vllm-m3-allreduce-raw-v1,kaggle-vllm-m3-two-rank-nccl-allreduce-v1,1024,float16,2,2,31,147.0080018043518,146.33600413799286,147.0080018043518,20,100,2026-09-07T21:15:40.536819+00:00
kaggle-vllm-m3-allreduce-raw-v1,kaggle-vllm-m3-two-rank-nccl-allreduce-v1,1024,float16,2,2,32,146.33600413799286,146.97599411010742,146.97599411010742,20,100,2026-09-07T21:15:40.536819+00:00
kaggle-vllm-m3-allreduce-raw-v1,kaggle-vllm-m3-two-rank-nccl-allreduce-v1,1024,float16,2,2,33,143.23200285434723,143.00799369812012,143.23200285434723,20,100,2026-09-07T21:15:40.536819+00:00
kaggle-vllm-m3-allreduce-raw-v1,kaggle-vllm-m3-two-rank-nccl-allreduce-v1,1024,float16,2,2,34,147.39200472831726,157.72800147533417,157.72800147533417,20,100,2026-09-07T21:15:40.536819+00:00
kaggle-vllm-m3-allreduce-raw-v1,kaggle-vllm-m3-two-rank-nccl-allreduce-v1,1024,float16,2,2,35,149.50400590896606,149.3760049343109,149.50400590896606,20,100,2026-09-07T21:15:40.536819+00:00
kaggle-vllm-m3-allreduce-raw-v1,kaggle-vllm-m3-two-rank-nccl-allreduce-v1,1024,float16,2,2,36,146.62399888038635,145.9520012140274,146.62399888038635,20,100,2026-09-07T21:15:40.536819+00:00
kaggle-vllm-m3-allreduce-raw-v1,kaggle-vllm-m3-two-rank-nccl-allreduce-v1,1024,float16,2,2,37,175.87199807167053,174.3360012769699,175.87199807167053,20,100,2026-09-07T21:15:40.536819+00:00
kaggle-vllm-m3-allreduce-raw-v1,kaggle-vllm-m3-two-rank-nccl-allreduce-v1,1024,float16,2,2,38,141.9840008020401,149.50400590896606,149.50400590896606,20,100,2026-09-07T21:15:40.536819+00:00
kaggle-vllm-m3-allreduce-raw-v1,kaggle-vllm-m3-two-rank-nccl-allreduce-v1,1024,float16,2,2,39,167.93599724769592,166.24000668525696,167.93599724769592,20,100,2026-09-07T21:15:40.536819+00:00
kaggle-vllm-m3-allreduce-raw-v1,kaggle-vllm-m3-two-rank-nccl-allreduce-v1,1024,float16,2,2,40,139.93600010871887,139.26400244235992,139.93600010871887,20,100,2026-09-07T21:15:40.536819+00:00
kaggle-vllm-m3-allreduce-raw-v1,kaggle-vllm-m3-two-rank-nccl-allreduce-v1,1024,float16,2,2,41,152.8639942407608,151.5520066022873,152.8639942407608,20,100,2026-09-07T21:15:40.536819+00:00
kaggle-vllm-m3-allreduce-raw-v1,kaggle-vllm-m3-two-rank-nccl-allreduce-v1,1024,float16,2,2,42,141.31200313568115,141.27999544143677,141.31200313568115,20,100,2026-09-07T21:15:40.536819+00:00
kaggle-vllm-m3-allreduce-raw-v1,kaggle-vllm-m3-two-rank-nccl-allreduce-v1,1024,float16,2,2,43,164.38399255275726,155.64799308776855,164.38399255275726,20,100,2026-09-07T21:15:40.536819+00:00
kaggle-vllm-m3-allreduce-raw-v1,kaggle-vllm-m3-two-rank-nccl-allreduce-v1,1024,float16,2,2,44,149.59999918937683,149.75999295711517,149.75999295711517,20,100,2026-09-07T21:15:40.536819+00:00
kaggle-vllm-m3-allreduce-raw-v1,kaggle-vllm-m3-two-rank-nccl-allreduce-v1,1024,float16,2,2,45,165.95199704170227,156.54399991035461,165.95199704170227,20,100,2026-09-07T21:15:40.536819+00:00
kaggle-vllm-m3-allreduce-raw-v1,kaggle-vllm-m3-two-rank-nccl-allreduce-v1,1024,float16,2,2,46,176.15999281406403,148.28799664974213,176.15999281406403,20,100,2026-09-07T21:15:40.536819+00:00
kaggle-vllm-m3-allreduce-raw-v1,kaggle-vllm-m3-two-rank-nccl-allreduce-v1,1024,float16,2,2,47,98.30400347709656,91.16800129413605,98.30400347709656,20,100,2026-09-07T21:15:40.536819+00:00
kaggle-vllm-m3-allreduce-raw-v1,kaggle-vllm-m3-two-rank-nccl-allreduce-v1,1024,float16,2,2,48,85.69599688053131,88.25600147247314,88.25600147247314,20,100,2026-09-07T21:15:40.536819+00:00
kaggle-vllm-m3-allreduce-raw-v1,kaggle-vllm-m3-two-rank-nccl-allreduce-v1,1024,float16,2,2,49,91.42400324344635,85.9839990735054,91.42400324344635,20,100,2026-09-07T21:15:40.536819+00:00
kaggle-vllm-m3-allreduce-raw-v1,kaggle-vllm-m3-two-rank-nccl-allreduce-v1,1024,float16,2,2,50,98.39999675750732,107.80800133943558,107.80800133943558,20,100,2026-09-07T21:15:40.536819+00:00
kaggle-vllm-m3-allreduce-raw-v1,kaggle-vllm-m3-two-rank-nccl-allreduce-v1,1024,float16,2,2,51,105.43999820947647,97.72799909114838,105.43999820947647,20,100,2026-09-07T21:15:40.536819+00:00
kaggle-vllm-m3-allreduce-raw-v1,kaggle-vllm-m3-two-rank-nccl-allreduce-v1,1024,float16,2,2,52,96.63999825716019,96.83199971914291,96.83199971914291,20,100,2026-09-07T21:15:40.536819+00:00
kaggle-vllm-m3-allreduce-raw-v1,kaggle-vllm-m3-two-rank-nccl-allreduce-v1,1024,float16,2,2,53,114.33599889278412,116.7680025100708,116.7680025100708,20,100,2026-09-07T21:15:40.536819+00:00
kaggle-vllm-m3-allreduce-raw-v1,kaggle-vllm-m3-two-rank-nccl-allreduce-v1,1024,float16,2,2,54,86.01599931716919,91.64799749851227,91.64799749851227,20,100,2026-09-07T21:15:40.536819+00:00
kaggle-vllm-m3-allreduce-raw-v1,kaggle-vllm-m3-two-rank-nccl-allreduce-v1,1024,float16,2,2,55,88.22400122880936,85.34400165081024,88.22400122880936,20,100,2026-09-07T21:15:40.536819+00:00
kaggle-vllm-m3-allreduce-raw-v1,kaggle-vllm-m3-two-rank-nccl-allreduce-v1,1024,float16,2,2,56,108.38399827480316,82.17599987983704,108.38399827480316,20,100,2026-09-07T21:15:40.536819+00:00
kaggle-vllm-m3-allreduce-raw-v1,kaggle-vllm-m3-two-rank-nccl-allreduce-v1,1024,float16,2,2,57,101.53599828481674,92.38400310277939,101.53599828481674,20,100,2026-09-07T21:15:40.536819+00:00
kaggle-vllm-m3-allreduce-raw-v1,kaggle-vllm-m3-two-rank-nccl-allreduce-v1,1024,float16,2,2,58,90.17600119113922,97.6639986038208,97.6639986038208,20,100,2026-09-07T21:15:40.536819+00:00
kaggle-vllm-m3-allreduce-raw-v1,kaggle-vllm-m3-two-rank-nccl-allreduce-v1,1024,float16,2,2,59,86.43200248479843,85.9839990735054,86.43200248479843,20,100,2026-09-07T21:15:40.536819+00:00
kaggle-vllm-m3-allreduce-raw-v1,kaggle-vllm-m3-two-rank-nccl-allreduce-v1,1024,float16,2,2,60,129.37599420547485,98.30400347709656,129.37599420547485,20,100,2026-09-07T21:15:40.536819+00:00
kaggle-vllm-m3-allreduce-raw-v1,kaggle-vllm-m3-two-rank-nccl-allreduce-v1,1024,float16,2,2,61,107.55199939012527,809.3119859695435,809.3119859695435,20,100,2026-09-07T21:15:40.536819+00:00
kaggle-vllm-m3-allreduce-raw-v1,kaggle-vllm-m3-two-rank-nccl-allreduce-v1,1024,float16,2,2,62,931.7119717597961,108.41599851846695,931.7119717597961,20,100,2026-09-07T21:15:40.536819+00:00
kaggle-vllm-m3-allreduce-raw-v1,kaggle-vllm-m3-two-rank-nccl-allreduce-v1,1024,float16,2,2,63,90.27200192213058,88.73599767684937,90.27200192213058,20,100,2026-09-07T21:15:40.536819+00:00
kaggle-vllm-m3-allreduce-raw-v1,kaggle-vllm-m3-two-rank-nccl-allreduce-v1,1024,float16,2,2,64,94.59199756383896,97.79199957847595,97.79199957847595,20,100,2026-09-07T21:15:40.536819+00:00
kaggle-vllm-m3-allreduce-raw-v1,kaggle-vllm-m3-two-rank-nccl-allreduce-v1,1024,float16,2,2,65,98.30400347709656,98.59199821949005,98.59199821949005,20,100,2026-09-07T21:15:40.536819+00:00
kaggle-vllm-m3-allreduce-raw-v1,kaggle-vllm-m3-two-rank-nccl-allreduce-v1,1024,float16,2,2,66,85.24800091981888,83.20000022649765,85.24800091981888,20,100,2026-09-07T21:15:40.536819+00:00
kaggle-vllm-m3-allreduce-raw-v1,kaggle-vllm-m3-two-rank-nccl-allreduce-v1,1024,float16,2,2,67,80.1599994301796,80.06399869918823,80.1599994301796,20,100,2026-09-07T21:15:40.536819+00:00
kaggle-vllm-m3-allreduce-raw-v1,kaggle-vllm-m3-two-rank-nccl-allreduce-v1,1024,float16,2,2,68,151.296004652977,103.42399775981903,151.296004652977,20,100,2026-09-07T21:15:40.536819+00:00
kaggle-vllm-m3-allreduce-raw-v1,kaggle-vllm-m3-two-rank-nccl-allreduce-v1,1024,float16,2,2,69,82.17599987983704,80.76799660921097,82.17599987983704,20,100,2026-09-07T21:15:40.536819+00:00
kaggle-vllm-m3-allreduce-raw-v1,kaggle-vllm-m3-two-rank-nccl-allreduce-v1,1024,float16,2,2,70,82.20800012350082,80.86399734020233,82.20800012350082,20,100,2026-09-07T21:15:40.536819+00:00
kaggle-vllm-m3-allreduce-raw-v1,kaggle-vllm-m3-two-rank-nccl-allreduce-v1,1024,float16,2,2,71,88.41600269079208,86.75199747085571,88.41600269079208,20,100,2026-09-07T21:15:40.536819+00:00
kaggle-vllm-m3-allreduce-raw-v1,kaggle-vllm-m3-two-rank-nccl-allreduce-v1,1024,float16,2,2,72,84.51200276613235,83.48800241947174,84.51200276613235,20,100,2026-09-07T21:15:40.536819+00:00
kaggle-vllm-m3-allreduce-raw-v1,kaggle-vllm-m3-two-rank-nccl-allreduce-v1,1024,float16,2,2,73,81.60000294446945,79.6160027384758,81.60000294446945,20,100,2026-09-07T21:15:40.536819+00:00
kaggle-vllm-m3-allreduce-raw-v1,kaggle-vllm-m3-two-rank-nccl-allreduce-v1,1024,float16,2,2,74,90.84799885749817,91.90399944782257,91.90399944782257,20,100,2026-09-07T21:15:40.536819+00:00
kaggle-vllm-m3-allreduce-raw-v1,kaggle-vllm-m3-two-rank-nccl-allreduce-v1,1024,float16,2,2,75,102.36799716949463,118.78400295972824,118.78400295972824,20,100,2026-09-07T21:15:40.536819+00:00
kaggle-vllm-m3-allreduce-raw-v1,kaggle-vllm-m3-two-rank-nccl-allreduce-v1,1024,float16,2,2,76,102.39999741315842,102.39999741315842,102.39999741315842,20,100,2026-09-07T21:15:40.536819+00:00
kaggle-vllm-m3-allreduce-raw-v1,kaggle-vllm-m3-two-rank-nccl-allreduce-v1,1024,float16,2,2,77,106.36799782514572,103.55199873447418,106.36799782514572,20,100,2026-09-07T21:15:40.536819+00:00
kaggle-vllm-m3-allreduce-raw-v1,kaggle-vllm-m3-two-rank-nccl-allreduce-v1,1024,float16,2,2,78,117.8240031003952,126.97599828243256,126.97599828243256,20,100,2026-09-07T21:15:40.536819+00:00
kaggle-vllm-m3-allreduce-raw-v1,kaggle-vllm-m3-two-rank-nccl-allreduce-v1,1024,float16,2,2,79,91.0400003194809,90.7519981265068,91.0400003194809,20,100,2026-09-07T21:15:40.536819+00:00
kaggle-vllm-m3-allreduce-raw-v1,kaggle-vllm-m3-two-rank-nccl-allreduce-v1,1024,float16,2,2,80,88.79999816417694,91.16800129413605,91.16800129413605,20,100,2026-09-07T21:15:40.536819+00:00
kaggle-vllm-m3-allreduce-raw-v1,kaggle-vllm-m3-two-rank-nccl-allreduce-v1,1024,float16,2,2,81,105.50399869680405,104.44799810647964,105.50399869680405,20,100,2026-09-07T21:15:40.536819+00:00
kaggle-vllm-m3-allreduce-raw-v1,kaggle-vllm-m3-two-rank-nccl-allreduce-v1,1024,float16,2,2,82,79.8719972372055,79.45600152015686,79.8719972372055,20,100,2026-09-07T21:15:40.536819+00:00
kaggle-vllm-m3-allreduce-raw-v1,kaggle-vllm-m3-two-rank-nccl-allreduce-v1,1024,float16,2,2,83,78.46400141716003,79.32800054550171,79.32800054550171,20,100,2026-09-07T21:15:40.536819+00:00
kaggle-vllm-m3-allreduce-raw-v1,kaggle-vllm-m3-two-rank-nccl-allreduce-v1,1024,float16,2,2,84,93.24800223112106,83.96799862384796,93.24800223112106,20,100,2026-09-07T21:15:40.536819+00:00
kaggle-vllm-m3-allreduce-raw-v1,kaggle-vllm-m3-two-rank-nccl-allreduce-v1,1024,float16,2,2,85,94.14400160312653,112.60800063610077,112.60800063610077,20,100,2026-09-07T21:15:40.536819+00:00
kaggle-vllm-m3-allreduce-raw-v1,kaggle-vllm-m3-two-rank-nccl-allreduce-v1,1024,float16,2,2,86,81.727996468544,80.06399869918823,81.727996468544,20,100,2026-09-07T21:15:40.536819+00:00
kaggle-vllm-m3-allreduce-raw-v1,kaggle-vllm-m3-two-rank-nccl-allreduce-v1,1024,float16,2,2,87,79.03999835252762,79.74400371313095,79.74400371313095,20,100,2026-09-07T21:15:40.536819+00:00
kaggle-vllm-m3-allreduce-raw-v1,kaggle-vllm-m3-two-rank-nccl-allreduce-v1,1024,float16,2,2,88,101.85600072145462,96.57599776983261,101.85600072145462,20,100,2026-09-07T21:15:40.536819+00:00
kaggle-vllm-m3-allreduce-raw-v1,kaggle-vllm-m3-two-rank-nccl-allreduce-v1,1024,float16,2,2,89,81.05599880218506,80.03199845552444,81.05599880218506,20,100,2026-09-07T21:15:40.536819+00:00
kaggle-vllm-m3-allreduce-raw-v1,kaggle-vllm-m3-two-rank-nccl-allreduce-v1,1024,float16,2,2,90,79.96799796819687,79.83999699354172,79.96799796819687,20,100,2026-09-07T21:15:40.536819+00:00
kaggle-vllm-m3-allreduce-raw-v1,kaggle-vllm-m3-two-rank-nccl-allreduce-v1,1024,float16,2,2,91,88.03199976682663,90.46400338411331,90.46400338411331,20,100,2026-09-07T21:15:40.536819+00:00
kaggle-vllm-m3-allreduce-raw-v1,kaggle-vllm-m3-two-rank-nccl-allreduce-v1,1024,float16,2,2,92,155.64799308776855,119.29599940776825,155.64799308776855,20,100,2026-09-07T21:15:40.536819+00:00
kaggle-vllm-m3-allreduce-raw-v1,kaggle-vllm-m3-two-rank-nccl-allreduce-v1,1024,float16,2,2,93,81.24800026416779,79.29600030183792,81.24800026416779,20,100,2026-09-07T21:15:40.536819+00:00
kaggle-vllm-m3-allreduce-raw-v1,kaggle-vllm-m3-two-rank-nccl-allreduce-v1,1024,float16,2,2,94,83.16799998283386,79.00799810886383,83.16799998283386,20,100,2026-09-07T21:15:40.536819+00:00
kaggle-vllm-m3-allreduce-raw-v1,kaggle-vllm-m3-two-rank-nccl-allreduce-v1,1024,float16,2,2,95,82.0159986615181,80.09599894285202,82.0159986615181,20,100,2026-09-07T21:15:40.536819+00:00
kaggle-vllm-m3-allreduce-raw-v1,kaggle-vllm-m3-two-rank-nccl-allreduce-v1,1024,float16,2,2,96,81.95199817419052,81.95199817419052,81.95199817419052,20,100,2026-09-07T21:15:40.536819+00:00
kaggle-vllm-m3-allreduce-raw-v1,kaggle-vllm-m3-two-rank-nccl-allreduce-v1,1024,float16,2,2,97,80.28800040483475,79.32800054550171,80.28800040483475,20,100,2026-09-07T21:15:40.536819+00:00
kaggle-vllm-m3-allreduce-raw-v1,kaggle-vllm-m3-two-rank-nccl-allreduce-v1,1024,float16,2,2,98,81.85599744319916,79.83999699354172,81.85599744319916,20,100,2026-09-07T21:15:40.536819+00:00
kaggle-vllm-m3-allreduce-raw-v1,kaggle-vllm-m3-two-rank-nccl-allreduce-v1,1024,float16,2,2,99,148.41599762439728,102.36799716949463,148.41599762439728,20,100,2026-09-07T21:15:40.536819+00:00
kaggle-vllm-m3-allreduce-raw-v1,kaggle-vllm-m3-two-rank-nccl-allreduce-v1,4096,float16,2,2,0,182.27200210094452,182.3039948940277,182.3039948940277,20,100,2026-09-07T21:15:40.605164+00:00
kaggle-vllm-m3-allreduce-raw-v1,kaggle-vllm-m3-two-rank-nccl-allreduce-v1,4096,float16,2,2,1,87.80799806118011,90.11200070381165,90.11200070381165,20,100,2026-09-07T21:15:40.605164+00:00
kaggle-vllm-m3-allreduce-raw-v1,kaggle-vllm-m3-two-rank-nccl-allreduce-v1,4096,float16,2,2,2,82.46400207281113,88.03199976682663,88.03199976682663,20,100,2026-09-07T21:15:40.605164+00:00
kaggle-vllm-m3-allreduce-raw-v1,kaggle-vllm-m3-two-rank-nccl-allreduce-v1,4096,float16,2,2,3,109.50399935245514,164.15999829769135,164.15999829769135,20,100,2026-09-07T21:15:40.605164+00:00
kaggle-vllm-m3-allreduce-raw-v1,kaggle-vllm-m3-two-rank-nccl-allreduce-v1,4096,float16,2,2,4,82.2720006108284,86.01599931716919,86.01599931716919,20,100,2026-09-07T21:15:40.605164+00:00
kaggle-vllm-m3-allreduce-raw-v1,kaggle-vllm-m3-two-rank-nccl-allreduce-v1,4096,float16,2,2,5,84.25600081682205,88.06400001049042,88.06400001049042,20,100,2026-09-07T21:15:40.605164+00:00
kaggle-vllm-m3-allreduce-raw-v1,kaggle-vllm-m3-two-rank-nccl-allreduce-v1,4096,float16,2,2,6,82.20800012350082,83.96799862384796,83.96799862384796,20,100,2026-09-07T21:15:40.605164+00:00
kaggle-vllm-m3-allreduce-raw-v1,kaggle-vllm-m3-two-rank-nccl-allreduce-v1,4096,float16,2,2,7,82.5280025601387,88.06400001049042,88.06400001049042,20,100,2026-09-07T21:15:40.605164+00:00
kaggle-vllm-m3-allreduce-raw-v1,kaggle-vllm-m3-two-rank-nccl-allreduce-v1,4096,float16,2,2,8,80.60800284147263,96.96000069379807,96.96000069379807,20,100,2026-09-07T21:15:40.605164+00:00
kaggle-vllm-m3-allreduce-raw-v1,kaggle-vllm-m3-two-rank-nccl-allreduce-v1,4096,float16,2,2,9,86.04799956083298,95.48799693584442,95.48799693584442,20,100,2026-09-07T21:15:40.605164+00:00
kaggle-vllm-m3-allreduce-raw-v1,kaggle-vllm-m3-two-rank-nccl-allreduce-v1,4096,float16,2,2,10,94.2080020904541,92.22400188446045,94.2080020904541,20,100,2026-09-07T21:15:40.605164+00:00
kaggle-vllm-m3-allreduce-raw-v1,kaggle-vllm-m3-two-rank-nccl-allreduce-v1,4096,float16,2,2,11,82.78399705886841,80.06399869918823,82.78399705886841,20,100,2026-09-07T21:15:40.605164+00:00
kaggle-vllm-m3-allreduce-raw-v1,kaggle-vllm-m3-two-rank-nccl-allreduce-v1,4096,float16,2,2,12,88.41600269079208,81.88799768686295,88.41600269079208,20,100,2026-09-07T21:15:40.605164+00:00
kaggle-vllm-m3-allreduce-raw-v1,kaggle-vllm-m3-two-rank-nccl-allreduce-v1,4096,float16,2,2,13,106.46399855613708,113.43999952077866,113.43999952077866,20,100,2026-09-07T21:15:40.605164+00:00
kaggle-vllm-m3-allreduce-raw-v1,kaggle-vllm-m3-two-rank-nccl-allreduce-v1,4096,float16,2,2,14,81.91999793052673,81.91999793052673,81.91999793052673,20,100,2026-09-07T21:15:40.605164+00:00
kaggle-vllm-m3-allreduce-raw-v1,kaggle-vllm-m3-two-rank-nccl-allreduce-v1,4096,float16,2,2,15,82.49600231647491,94.52799707651138,94.52799707651138,20,100,2026-09-07T21:15:40.605164+00:00
kaggle-vllm-m3-allreduce-raw-v1,kaggle-vllm-m3-two-rank-nccl-allreduce-v1,4096,float16,2,2,16,83.71199667453766,80.44800162315369,83.71199667453766,20,100,2026-09-07T21:15:40.605164+00:00
kaggle-vllm-m3-allreduce-raw-v1,kaggle-vllm-m3-two-rank-nccl-allreduce-v1,4096,float16,2,2,17,104.35199737548828,103.32799702882767,104.35199737548828,20,100,2026-09-07T21:15:40.605164+00:00
kaggle-vllm-m3-allreduce-raw-v1,kaggle-vllm-m3-two-rank-nccl-allreduce-v1,4096,float16,2,2,18,81.34400099515915,82.91199803352356,82.91199803352356,20,100,2026-09-07T21:15:40.605164+00:00
kaggle-vllm-m3-allreduce-raw-v1,kaggle-vllm-m3-two-rank-nccl-allreduce-v1,4096,float16,2,2,19,90.46400338411331,83.20000022649765,90.46400338411331,20,100,2026-09-07T21:15:40.605164+00:00
kaggle-vllm-m3-allreduce-raw-v1,kaggle-vllm-m3-two-rank-nccl-allreduce-v1,4096,float16,2,2,20,126.97599828243256,163.2319986820221,163.2319986820221,20,100,2026-09-07T21:15:40.605164+00:00
kaggle-vllm-m3-allreduce-raw-v1,kaggle-vllm-m3-two-rank-nccl-allreduce-v1,4096,float16,2,2,21,83.16799998283386,93.75999867916107,93.75999867916107,20,100,2026-09-07T21:15:40.605164+00:00
kaggle-vllm-m3-allreduce-raw-v1,kaggle-vllm-m3-two-rank-nccl-allreduce-v1,4096,float16,2,2,22,81.85599744319916,83.99999886751175,83.99999886751175,20,100,2026-09-07T21:15:40.605164+00:00
kaggle-vllm-m3-allreduce-raw-v1,kaggle-vllm-m3-two-rank-nccl-allreduce-v1,4096,float16,2,2,23,91.42400324344635,86.11200004816055,91.42400324344635,20,100,2026-09-07T21:15:40.605164+00:00
kaggle-vllm-m3-allreduce-raw-v1,kaggle-vllm-m3-two-rank-nccl-allreduce-v1,4096,float16,2,2,24,81.95199817419052,86.36800199747086,86.36800199747086,20,100,2026-09-07T21:15:40.605164+00:00
kaggle-vllm-m3-allreduce-raw-v1,kaggle-vllm-m3-two-rank-nccl-allreduce-v1,4096,float16,2,2,25,96.09600156545639,100.92800110578537,100.92800110578537,20,100,2026-09-07T21:15:40.605164+00:00
kaggle-vllm-m3-allreduce-raw-v1,kaggle-vllm-m3-two-rank-nccl-allreduce-v1,4096,float16,2,2,26,98.33600372076035,98.30400347709656,98.33600372076035,20,100,2026-09-07T21:15:40.605164+00:00
kaggle-vllm-m3-allreduce-raw-v1,kaggle-vllm-m3-two-rank-nccl-allreduce-v1,4096,float16,2,2,27,113.02399635314941,105.92000186443329,113.02399635314941,20,100,2026-09-07T21:15:40.605164+00:00
kaggle-vllm-m3-allreduce-raw-v1,kaggle-vllm-m3-two-rank-nccl-allreduce-v1,4096,float16,2,2,28,110.27199774980545,112.60800063610077,112.60800063610077,20,100,2026-09-07T21:15:40.605164+00:00
kaggle-vllm-m3-allreduce-raw-v1,kaggle-vllm-m3-two-rank-nccl-allreduce-v1,4096,float16,2,2,29,83.61600339412689,83.45600217580795,83.61600339412689,20,100,2026-09-07T21:15:40.605164+00:00
kaggle-vllm-m3-allreduce-raw-v1,kaggle-vllm-m3-two-rank-nccl-allreduce-v1,4096,float16,2,2,30,86.01599931716919,87.52000331878662,87.52000331878662,20,100,2026-09-07T21:15:40.605164+00:00
kaggle-vllm-m3-allreduce-raw-v1,kaggle-vllm-m3-two-rank-nccl-allreduce-v1,4096,float16,2,2,31,89.88799899816513,104.96000200510025,104.96000200510025,20,100,2026-09-07T21:15:40.605164+00:00
kaggle-vllm-m3-allreduce-raw-v1,kaggle-vllm-m3-two-rank-nccl-allreduce-v1,4096,float16,2,2,32,83.3280012011528,81.82399719953537,83.3280012011528,20,100,2026-09-07T21:15:40.605164+00:00
kaggle-vllm-m3-allreduce-raw-v1,kaggle-vllm-m3-two-rank-nccl-allreduce-v1,4096,float16,2,2,33,85.91999858617783,85.11999994516373,85.91999858617783,20,100,2026-09-07T21:15:40.605164+00:00
kaggle-vllm-m3-allreduce-raw-v1,kaggle-vllm-m3-two-rank-nccl-allreduce-v1,4096,float16,2,2,34,81.88799768686295,85.85599809885025,85.85599809885025,20,100,2026-09-07T21:15:40.605164+00:00
kaggle-vllm-m3-allreduce-raw-v1,kaggle-vllm-m3-two-rank-nccl-allreduce-v1,4096,float16,2,2,35,86.7839977145195,83.96799862384796,86.7839977145195,20,100,2026-09-07T21:15:40.605164+00:00
kaggle-vllm-m3-allreduce-raw-v1,kaggle-vllm-m3-two-rank-nccl-allreduce-v1,4096,float16,2,2,36,98.49599748849869,110.27199774980545,110.27199774980545,20,100,2026-09-07T21:15:40.605164+00:00
kaggle-vllm-m3-allreduce-raw-v1,kaggle-vllm-m3-two-rank-nccl-allreduce-v1,4096,float16,2,2,37,82.40000158548355,82.2720006108284,82.40000158548355,20,100,2026-09-07T21:15:40.605164+00:00
kaggle-vllm-m3-allreduce-raw-v1,kaggle-vllm-m3-two-rank-nccl-allreduce-v1,4096,float16,2,2,38,81.4720019698143,95.58399766683578,95.58399766683578,20,100,2026-09-07T21:15:40.605164+00:00
kaggle-vllm-m3-allreduce-raw-v1,kaggle-vllm-m3-two-rank-nccl-allreduce-v1,4096,float16,2,2,39,90.2400016784668,83.20000022649765,90.2400016784668,20,100,2026-09-07T21:15:40.605164+00:00
kaggle-vllm-m3-allreduce-raw-v1,kaggle-vllm-m3-two-rank-nccl-allreduce-v1,4096,float16,2,2,40,93.21600198745728,92.3520028591156,93.21600198745728,20,100,2026-09-07T21:15:40.605164+00:00
kaggle-vllm-m3-allreduce-raw-v1,kaggle-vllm-m3-two-rank-nccl-allreduce-v1,4096,float16,2,2,41,81.79199695587158,81.91999793052673,81.91999793052673,20,100,2026-09-07T21:15:40.605164+00:00
kaggle-vllm-m3-allreduce-raw-v1,kaggle-vllm-m3-two-rank-nccl-allreduce-v1,4096,float16,2,2,42,80.22399991750717,83.61600339412689,83.61600339412689,20,100,2026-09-07T21:15:40.605164+00:00
kaggle-vllm-m3-allreduce-raw-v1,kaggle-vllm-m3-two-rank-nccl-allreduce-v1,4096,float16,2,2,43,83.61600339412689,82.33600109815598,83.61600339412689,20,100,2026-09-07T21:15:40.605164+00:00
kaggle-vllm-m3-allreduce-raw-v1,kaggle-vllm-m3-two-rank-nccl-allreduce-v1,4096,float16,2,2,44,88.32000195980072,94.24000233411789,94.24000233411789,20,100,2026-09-07T21:15:40.605164+00:00
kaggle-vllm-m3-allreduce-raw-v1,kaggle-vllm-m3-two-rank-nccl-allreduce-v1,4096,float16,2,2,45,80.12799918651581,95.58399766683578,95.58399766683578,20,100,2026-09-07T21:15:40.605164+00:00
kaggle-vllm-m3-allreduce-raw-v1,kaggle-vllm-m3-two-rank-nccl-allreduce-v1,4096,float16,2,2,46,85.4400023818016,86.07999980449677,86.07999980449677,20,100,2026-09-07T21:15:40.605164+00:00
kaggle-vllm-m3-allreduce-raw-v1,kaggle-vllm-m3-two-rank-nccl-allreduce-v1,4096,float16,2,2,47,85.4400023818016,85.9839990735054,85.9839990735054,20,100,2026-09-07T21:15:40.605164+00:00
kaggle-vllm-m3-allreduce-raw-v1,kaggle-vllm-m3-two-rank-nccl-allreduce-v1,4096,float16,2,2,48,92.03200042247772,89.9839997291565,92.03200042247772,20,100,2026-09-07T21:15:40.605164+00:00
kaggle-vllm-m3-allreduce-raw-v1,kaggle-vllm-m3-two-rank-nccl-allreduce-v1,4096,float16,2,2,49,83.48800241947174,85.9839990735054,85.9839990735054,20,100,2026-09-07T21:15:40.605164+00:00
kaggle-vllm-m3-allreduce-raw-v1,kaggle-vllm-m3-two-rank-nccl-allreduce-v1,4096,float16,2,2,50,98.30400347709656,82.94399827718735,98.30400347709656,20,100,2026-09-07T21:15:40.605164+00:00
kaggle-vllm-m3-allreduce-raw-v1,kaggle-vllm-m3-two-rank-nccl-allreduce-v1,4096,float16,2,2,51,83.96799862384796,83.93599838018417,83.96799862384796,20,100,2026-09-07T21:15:40.605164+00:00
kaggle-vllm-m3-allreduce-raw-v1,kaggle-vllm-m3-two-rank-nccl-allreduce-v1,4096,float16,2,2,52,92.16000139713287,108.5439994931221,108.5439994931221,20,100,2026-09-07T21:15:40.605164+00:00
kaggle-vllm-m3-allreduce-raw-v1,kaggle-vllm-m3-two-rank-nccl-allreduce-v1,4096,float16,2,2,53,83.96799862384796,81.727996468544,83.96799862384796,20,100,2026-09-07T21:15:40.605164+00:00
kaggle-vllm-m3-allreduce-raw-v1,kaggle-vllm-m3-two-rank-nccl-allreduce-v1,4096,float16,2,2,54,88.06400001049042,90.17600119113922,90.17600119113922,20,100,2026-09-07T21:15:40.605164+00:00
kaggle-vllm-m3-allreduce-raw-v1,kaggle-vllm-m3-two-rank-nccl-allreduce-v1,4096,float16,2,2,55,229.66399788856506,180.60800433158875,229.66399788856506,20,100,2026-09-07T21:15:40.605164+00:00
kaggle-vllm-m3-allreduce-raw-v1,kaggle-vllm-m3-two-rank-nccl-allreduce-v1,4096,float16,2,2,56,173.69599640369415,196.57599925994873,196.57599925994873,20,100,2026-09-07T21:15:40.605164+00:00
kaggle-vllm-m3-allreduce-raw-v1,kaggle-vllm-m3-two-rank-nccl-allreduce-v1,4096,float16,2,2,57,124.03199821710587,111.93600296974182,124.03199821710587,20,100,2026-09-07T21:15:40.605164+00:00
kaggle-vllm-m3-allreduce-raw-v1,kaggle-vllm-m3-two-rank-nccl-allreduce-v1,4096,float16,2,2,58,110.46399921178818,113.56800049543381,113.56800049543381,20,100,2026-09-07T21:15:40.605164+00:00
kaggle-vllm-m3-allreduce-raw-v1,kaggle-vllm-m3-two-rank-nccl-allreduce-v1,4096,float16,2,2,59,99.45599734783173,108.96000266075134,108.96000266075134,20,100,2026-09-07T21:15:40.605164+00:00
kaggle-vllm-m3-allreduce-raw-v1,kaggle-vllm-m3-two-rank-nccl-allreduce-v1,4096,float16,2,2,60,85.7279971241951,89.47200328111649,89.47200328111649,20,100,2026-09-07T21:15:40.605164+00:00
kaggle-vllm-m3-allreduce-raw-v1,kaggle-vllm-m3-two-rank-nccl-allreduce-v1,4096,float16,2,2,61,88.0960002541542,88.92799913883209,88.92799913883209,20,100,2026-09-07T21:15:40.605164+00:00
kaggle-vllm-m3-allreduce-raw-v1,kaggle-vllm-m3-two-rank-nccl-allreduce-v1,4096,float16,2,2,62,83.93599838018417,83.96799862384796,83.96799862384796,20,100,2026-09-07T21:15:40.605164+00:00
kaggle-vllm-m3-allreduce-raw-v1,kaggle-vllm-m3-two-rank-nccl-allreduce-v1,4096,float16,2,2,63,89.79199826717377,84.51200276613235,89.79199826717377,20,100,2026-09-07T21:15:40.605164+00:00
kaggle-vllm-m3-allreduce-raw-v1,kaggle-vllm-m3-two-rank-nccl-allreduce-v1,4096,float16,2,2,64,83.96799862384796,83.29600095748901,83.96799862384796,20,100,2026-09-07T21:15:40.605164+00:00
kaggle-vllm-m3-allreduce-raw-v1,kaggle-vllm-m3-two-rank-nccl-allreduce-v1,4096,float16,2,2,65,83.96799862384796,90.7519981265068,90.7519981265068,20,100,2026-09-07T21:15:40.605164+00:00
kaggle-vllm-m3-allreduce-raw-v1,kaggle-vllm-m3-two-rank-nccl-allreduce-v1,4096,float16,2,2,66,81.82399719953537,90.55999666452408,90.55999666452408,20,100,2026-09-07T21:15:40.605164+00:00
kaggle-vllm-m3-allreduce-raw-v1,kaggle-vllm-m3-two-rank-nccl-allreduce-v1,4096,float16,2,2,67,100.35199671983719,85.1840004324913,100.35199671983719,20,100,2026-09-07T21:15:40.605164+00:00
kaggle-vllm-m3-allreduce-raw-v1,kaggle-vllm-m3-two-rank-nccl-allreduce-v1,4096,float16,2,2,68,113.82400244474411,111.58400028944016,113.82400244474411,20,100,2026-09-07T21:15:40.605164+00:00
kaggle-vllm-m3-allreduce-raw-v1,kaggle-vllm-m3-two-rank-nccl-allreduce-v1,4096,float16,2,2,69,109.47199910879135,90.14400094747543,109.47199910879135,20,100,2026-09-07T21:15:40.605164+00:00
kaggle-vllm-m3-allreduce-raw-v1,kaggle-vllm-m3-two-rank-nccl-allreduce-v1,4096,float16,2,2,70,92.86399930715561,90.11200070381165,92.86399930715561,20,100,2026-09-07T21:15:40.605164+00:00
kaggle-vllm-m3-allreduce-raw-v1,kaggle-vllm-m3-two-rank-nccl-allreduce-v1,4096,float16,2,2,71,123.48800152540207,1094.8480367660522,1094.8480367660522,20,100,2026-09-07T21:15:40.605164+00:00
kaggle-vllm-m3-allreduce-raw-v1,kaggle-vllm-m3-two-rank-nccl-allreduce-v1,4096,float16,2,2,72,1123.8399744033813,135.42400300502777,1123.8399744033813,20,100,2026-09-07T21:15:40.605164+00:00
kaggle-vllm-m3-allreduce-raw-v1,kaggle-vllm-m3-two-rank-nccl-allreduce-v1,4096,float16,2,2,73,100.38399696350098,104.44799810647964,104.44799810647964,20,100,2026-09-07T21:15:40.605164+00:00
kaggle-vllm-m3-allreduce-raw-v1,kaggle-vllm-m3-two-rank-nccl-allreduce-v1,4096,float16,2,2,74,89.15200084447861,89.9519994854927,89.9519994854927,20,100,2026-09-07T21:15:40.605164+00:00
kaggle-vllm-m3-allreduce-raw-v1,kaggle-vllm-m3-two-rank-nccl-allreduce-v1,4096,float16,2,2,75,82.65600353479385,96.28800302743912,96.28800302743912,20,100,2026-09-07T21:15:40.605164+00:00
kaggle-vllm-m3-allreduce-raw-v1,kaggle-vllm-m3-two-rank-nccl-allreduce-v1,4096,float16,2,2,76,96.25600278377533,85.4400023818016,96.25600278377533,20,100,2026-09-07T21:15:40.605164+00:00
kaggle-vllm-m3-allreduce-raw-v1,kaggle-vllm-m3-two-rank-nccl-allreduce-v1,4096,float16,2,2,77,87.8399983048439,89.75999802350998,89.75999802350998,20,100,2026-09-07T21:15:40.605164+00:00
kaggle-vllm-m3-allreduce-raw-v1,kaggle-vllm-m3-two-rank-nccl-allreduce-v1,4096,float16,2,2,78,80.12799918651581,81.88799768686295,81.88799768686295,20,100,2026-09-07T21:15:40.605164+00:00
kaggle-vllm-m3-allreduce-raw-v1,kaggle-vllm-m3-two-rank-nccl-allreduce-v1,4096,float16,2,2,79,79.9039974808693,86.04799956083298,86.04799956083298,20,100,2026-09-07T21:15:40.605164+00:00
kaggle-vllm-m3-allreduce-raw-v1,kaggle-vllm-m3-two-rank-nccl-allreduce-v1,4096,float16,2,2,80,81.91999793052673,81.40800148248672,81.91999793052673,20,100,2026-09-07T21:15:40.605164+00:00
kaggle-vllm-m3-allreduce-raw-v1,kaggle-vllm-m3-two-rank-nccl-allreduce-v1,4096,float16,2,2,81,84.03199911117554,83.93599838018417,84.03199911117554,20,100,2026-09-07T21:15:40.605164+00:00
kaggle-vllm-m3-allreduce-raw-v1,kaggle-vllm-m3-two-rank-nccl-allreduce-v1,4096,float16,2,2,82,107.13600367307663,110.59200018644333,110.59200018644333,20,100,2026-09-07T21:15:40.605164+00:00
kaggle-vllm-m3-allreduce-raw-v1,kaggle-vllm-m3-two-rank-nccl-allreduce-v1,4096,float16,2,2,83,105.76000064611435,93.47199648618698,105.76000064611435,20,100,2026-09-07T21:15:40.605164+00:00
kaggle-vllm-m3-allreduce-raw-v1,kaggle-vllm-m3-two-rank-nccl-allreduce-v1,4096,float16,2,2,84,98.4639972448349,98.36799651384354,98.4639972448349,20,100,2026-09-07T21:15:40.605164+00:00
kaggle-vllm-m3-allreduce-raw-v1,kaggle-vllm-m3-two-rank-nccl-allreduce-v1,4096,float16,2,2,85,91.71199798583984,92.3520028591156,92.3520028591156,20,100,2026-09-07T21:15:40.605164+00:00
kaggle-vllm-m3-allreduce-raw-v1,kaggle-vllm-m3-two-rank-nccl-allreduce-v1,4096,float16,2,2,86,90.17600119113922,83.10399949550629,90.17600119113922,20,100,2026-09-07T21:15:40.605164+00:00
kaggle-vllm-m3-allreduce-raw-v1,kaggle-vllm-m3-two-rank-nccl-allreduce-v1,4096,float16,2,2,87,104.47999835014343,133.95200669765472,133.95200669765472,20,100,2026-09-07T21:15:40.605164+00:00
kaggle-vllm-m3-allreduce-raw-v1,kaggle-vllm-m3-two-rank-nccl-allreduce-v1,4096,float16,2,2,88,78.33600044250488,84.95999872684479,84.95999872684479,20,100,2026-09-07T21:15:40.605164+00:00
kaggle-vllm-m3-allreduce-raw-v1,kaggle-vllm-m3-two-rank-nccl-allreduce-v1,4096,float16,2,2,89,79.9039974808693,88.22400122880936,88.22400122880936,20,100,2026-09-07T21:15:40.605164+00:00
kaggle-vllm-m3-allreduce-raw-v1,kaggle-vllm-m3-two-rank-nccl-allreduce-v1,4096,float16,2,2,90,83.3280012011528,81.66400343179703,83.3280012011528,20,100,2026-09-07T21:15:40.605164+00:00
kaggle-vllm-m3-allreduce-raw-v1,kaggle-vllm-m3-two-rank-nccl-allreduce-v1,4096,float16,2,2,91,83.99999886751175,85.9839990735054,85.9839990735054,20,100,2026-09-07T21:15:40.605164+00:00
kaggle-vllm-m3-allreduce-raw-v1,kaggle-vllm-m3-two-rank-nccl-allreduce-v1,4096,float16,2,2,92,79.8719972372055,82.0159986615181,82.0159986615181,20,100,2026-09-07T21:15:40.605164+00:00
kaggle-vllm-m3-allreduce-raw-v1,kaggle-vllm-m3-two-rank-nccl-allreduce-v1,4096,float16,2,2,93,80.57600259780884,82.04799890518188,82.04799890518188,20,100,2026-09-07T21:15:40.605164+00:00
kaggle-vllm-m3-allreduce-raw-v1,kaggle-vllm-m3-two-rank-nccl-allreduce-v1,4096,float16,2,2,94,102.24000364542007,99.96800124645233,102.24000364542007,20,100,2026-09-07T21:15:40.605164+00:00
kaggle-vllm-m3-allreduce-raw-v1,kaggle-vllm-m3-two-rank-nccl-allreduce-v1,4096,float16,2,2,95,79.68000322580338,81.88799768686295,81.88799768686295,20,100,2026-09-07T21:15:40.605164+00:00
kaggle-vllm-m3-allreduce-raw-v1,kaggle-vllm-m3-two-rank-nccl-allreduce-v1,4096,float16,2,2,96,79.26400005817413,92.12800115346909,92.12800115346909,20,100,2026-09-07T21:15:40.605164+00:00
kaggle-vllm-m3-allreduce-raw-v1,kaggle-vllm-m3-two-rank-nccl-allreduce-v1,4096,float16,2,2,97,93.63199770450592,81.63200318813324,93.63199770450592,20,100,2026-09-07T21:15:40.605164+00:00
kaggle-vllm-m3-allreduce-raw-v1,kaggle-vllm-m3-two-rank-nccl-allreduce-v1,4096,float16,2,2,98,87.55200356245041,86.04799956083298,87.55200356245041,20,100,2026-09-07T21:15:40.605164+00:00
kaggle-vllm-m3-allreduce-raw-v1,kaggle-vllm-m3-two-rank-nccl-allreduce-v1,4096,float16,2,2,99,79.71200346946716,80.32000064849854,80.32000064849854,20,100,2026-09-07T21:15:40.605164+00:00
kaggle-vllm-m3-allreduce-raw-v1,kaggle-vllm-m3-two-rank-nccl-allreduce-v1,16384,float16,2,2,0,187.71199882030487,143.327996134758,187.71199882030487,20,100,2026-09-07T21:15:40.654204+00:00
kaggle-vllm-m3-allreduce-raw-v1,kaggle-vllm-m3-two-rank-nccl-allreduce-v1,16384,float16,2,2,1,238.17600309848785,217.3440009355545,238.17600309848785,20,100,2026-09-07T21:15:40.654204+00:00
kaggle-vllm-m3-allreduce-raw-v1,kaggle-vllm-m3-two-rank-nccl-allreduce-v1,16384,float16,2,2,2,207.35999941825867,180.2240014076233,207.35999941825867,20,100,2026-09-07T21:15:40.654204+00:00
kaggle-vllm-m3-allreduce-raw-v1,kaggle-vllm-m3-two-rank-nccl-allreduce-v1,16384,float16,2,2,3,208.76799523830414,202.84800231456757,208.76799523830414,20,100,2026-09-07T21:15:40.654204+00:00
kaggle-vllm-m3-allreduce-raw-v1,kaggle-vllm-m3-two-rank-nccl-allreduce-v1,16384,float16,2,2,4,195.5839991569519,189.11999464035034,195.5839991569519,20,100,2026-09-07T21:15:40.654204+00:00
kaggle-vllm-m3-allreduce-raw-v1,kaggle-vllm-m3-two-rank-nccl-allreduce-v1,16384,float16,2,2,5,191.20000302791595,166.6879951953888,191.20000302791595,20,100,2026-09-07T21:15:40.654204+00:00
kaggle-vllm-m3-allreduce-raw-v1,kaggle-vllm-m3-two-rank-nccl-allreduce-v1,16384,float16,2,2,6,157.6640009880066,173.63199591636658,173.63199591636658,20,100,2026-09-07T21:15:40.654204+00:00
kaggle-vllm-m3-allreduce-raw-v1,kaggle-vllm-m3-two-rank-nccl-allreduce-v1,16384,float16,2,2,7,196.60800695419312,157.85600244998932,196.60800695419312,20,100,2026-09-07T21:15:40.654204+00:00
kaggle-vllm-m3-allreduce-raw-v1,kaggle-vllm-m3-two-rank-nccl-allreduce-v1,16384,float16,2,2,8,165.92000424861908,182.52800405025482,182.52800405025482,20,100,2026-09-07T21:15:40.654204+00:00
kaggle-vllm-m3-allreduce-raw-v1,kaggle-vllm-m3-two-rank-nccl-allreduce-v1,16384,float16,2,2,9,153.79199385643005,146.88000082969666,153.79199385643005,20,100,2026-09-07T21:15:40.654204+00:00
kaggle-vllm-m3-allreduce-raw-v1,kaggle-vllm-m3-two-rank-nccl-allreduce-v1,16384,float16,2,2,10,157.72800147533417,165.79200327396393,165.79200327396393,20,100,2026-09-07T21:15:40.654204+00:00
kaggle-vllm-m3-allreduce-raw-v1,kaggle-vllm-m3-two-rank-nccl-allreduce-v1,16384,float16,2,2,11,154.81600165367126,133.40799510478973,154.81600165367126,20,100,2026-09-07T21:15:40.654204+00:00
kaggle-vllm-m3-allreduce-raw-v1,kaggle-vllm-m3-two-rank-nccl-allreduce-v1,16384,float16,2,2,12,156.38400614261627,158.52800011634827,158.52800011634827,20,100,2026-09-07T21:15:40.654204+00:00
kaggle-vllm-m3-allreduce-raw-v1,kaggle-vllm-m3-two-rank-nccl-allreduce-v1,16384,float16,2,2,13,150.14399588108063,141.50400459766388,150.14399588108063,20,100,2026-09-07T21:15:40.654204+00:00
kaggle-vllm-m3-allreduce-raw-v1,kaggle-vllm-m3-two-rank-nccl-allreduce-v1,16384,float16,2,2,14,163.93600404262543,160.3199988603592,163.93600404262543,20,100,2026-09-07T21:15:40.654204+00:00
kaggle-vllm-m3-allreduce-raw-v1,kaggle-vllm-m3-two-rank-nccl-allreduce-v1,16384,float16,2,2,15,155.58399260044098,144.896000623703,155.58399260044098,20,100,2026-09-07T21:15:40.654204+00:00
kaggle-vllm-m3-allreduce-raw-v1,kaggle-vllm-m3-two-rank-nccl-allreduce-v1,16384,float16,2,2,16,167.9680049419403,165.8879965543747,167.9680049419403,20,100,2026-09-07T21:15:40.654204+00:00
kaggle-vllm-m3-allreduce-raw-v1,kaggle-vllm-m3-two-rank-nccl-allreduce-v1,16384,float16,2,2,17,153.76000106334686,141.2159949541092,153.76000106334686,20,100,2026-09-07T21:15:40.654204+00:00
kaggle-vllm-m3-allreduce-raw-v1,kaggle-vllm-m3-two-rank-nccl-allreduce-v1,16384,float16,2,2,18,168.12799870967865,165.43999314308167,168.12799870967865,20,100,2026-09-07T21:15:40.654204+00:00
kaggle-vllm-m3-allreduce-raw-v1,kaggle-vllm-m3-two-rank-nccl-allreduce-v1,16384,float16,2,2,19,150.56000649929047,137.43999600410461,150.56000649929047,20,100,2026-09-07T21:15:40.654204+00:00
kaggle-vllm-m3-allreduce-raw-v1,kaggle-vllm-m3-two-rank-nccl-allreduce-v1,16384,float16,2,2,20,178.20799350738525,182.3039948940277,182.3039948940277,20,100,2026-09-07T21:15:40.654204+00:00
kaggle-vllm-m3-allreduce-raw-v1,kaggle-vllm-m3-two-rank-nccl-allreduce-v1,16384,float16,2,2,21,178.14399302005768,157.3760062456131,178.14399302005768,20,100,2026-09-07T21:15:40.654204+00:00
kaggle-vllm-m3-allreduce-raw-v1,kaggle-vllm-m3-two-rank-nccl-allreduce-v1,16384,float16,2,2,22,185.59999763965607,164.2879992723465,185.59999763965607,20,100,2026-09-07T21:15:40.654204+00:00
kaggle-vllm-m3-allreduce-raw-v1,kaggle-vllm-m3-two-rank-nccl-allreduce-v1,16384,float16,2,2,23,159.87199544906616,156.8319946527481,159.87199544906616,20,100,2026-09-07T21:15:40.654204+00:00
kaggle-vllm-m3-allreduce-raw-v1,kaggle-vllm-m3-two-rank-nccl-allreduce-v1,16384,float16,2,2,24,176.67199671268463,165.15199840068817,176.67199671268463,20,100,2026-09-07T21:15:40.654204+00:00
kaggle-vllm-m3-allreduce-raw-v1,kaggle-vllm-m3-two-rank-nccl-allreduce-v1,16384,float16,2,2,25,149.9200016260147,151.48800611495972,151.48800611495972,20,100,2026-09-07T21:15:40.654204+00:00
kaggle-vllm-m3-allreduce-raw-v1,kaggle-vllm-m3-two-rank-nccl-allreduce-v1,16384,float16,2,2,26,169.98399794101715,158.49600732326508,169.98399794101715,20,100,2026-09-07T21:15:40.654204+00:00
kaggle-vllm-m3-allreduce-raw-v1,kaggle-vllm-m3-two-rank-nccl-allreduce-v1,16384,float16,2,2,27,147.8399932384491,151.39199793338776,151.39199793338776,20,100,2026-09-07T21:15:40.654204+00:00
kaggle-vllm-m3-allreduce-raw-v1,kaggle-vllm-m3-two-rank-nccl-allreduce-v1,16384,float16,2,2,28,153.60000729560852,163.7440025806427,163.7440025806427,20,100,2026-09-07T21:15:40.654204+00:00
kaggle-vllm-m3-allreduce-raw-v1,kaggle-vllm-m3-two-rank-nccl-allreduce-v1,16384,float16,2,2,29,149.47199821472168,146.11199498176575,149.47199821472168,20,100,2026-09-07T21:15:40.654204+00:00
kaggle-vllm-m3-allreduce-raw-v1,kaggle-vllm-m3-two-rank-nccl-allreduce-v1,16384,float16,2,2,30,162.4000072479248,156.47999942302704,162.4000072479248,20,100,2026-09-07T21:15:40.654204+00:00
kaggle-vllm-m3-allreduce-raw-v1,kaggle-vllm-m3-two-rank-nccl-allreduce-v1,16384,float16,2,2,31,178.6240041255951,157.05600380897522,178.6240041255951,20,100,2026-09-07T21:15:40.654204+00:00
kaggle-vllm-m3-allreduce-raw-v1,kaggle-vllm-m3-two-rank-nccl-allreduce-v1,16384,float16,2,2,32,190.528005361557,174.112007021904,190.528005361557,20,100,2026-09-07T21:15:40.654204+00:00
kaggle-vllm-m3-allreduce-raw-v1,kaggle-vllm-m3-two-rank-nccl-allreduce-v1,16384,float16,2,2,33,208.3200067281723,172.0000058412552,208.3200067281723,20,100,2026-09-07T21:15:40.654204+00:00
kaggle-vllm-m3-allreduce-raw-v1,kaggle-vllm-m3-two-rank-nccl-allreduce-v1,16384,float16,2,2,34,182.0800006389618,198.68800044059753,198.68800044059753,20,100,2026-09-07T21:15:40.654204+00:00
kaggle-vllm-m3-allreduce-raw-v1,kaggle-vllm-m3-two-rank-nccl-allreduce-v1,16384,float16,2,2,35,170.46399414539337,133.05599987506866,170.46399414539337,20,100,2026-09-07T21:15:40.654204+00:00
kaggle-vllm-m3-allreduce-raw-v1,kaggle-vllm-m3-two-rank-nccl-allreduce-v1,16384,float16,2,2,36,138.08000087738037,133.18400084972382,138.08000087738037,20,100,2026-09-07T21:15:40.654204+00:00
kaggle-vllm-m3-allreduce-raw-v1,kaggle-vllm-m3-two-rank-nccl-allreduce-v1,16384,float16,2,2,37,86.01599931716919,86.01599931716919,86.01599931716919,20,100,2026-09-07T21:15:40.654204+00:00
kaggle-vllm-m3-allreduce-raw-v1,kaggle-vllm-m3-two-rank-nccl-allreduce-v1,16384,float16,2,2,38,82.2720006108284,83.96799862384796,83.96799862384796,20,100,2026-09-07T21:15:40.654204+00:00
kaggle-vllm-m3-allreduce-raw-v1,kaggle-vllm-m3-two-rank-nccl-allreduce-v1,16384,float16,2,2,39,147.16799557209015,153.60000729560852,153.60000729560852,20,100,2026-09-07T21:15:40.654204+00:00
kaggle-vllm-m3-allreduce-raw-v1,kaggle-vllm-m3-two-rank-nccl-allreduce-v1,16384,float16,2,2,40,83.96799862384796,87.55200356245041,87.55200356245041,20,100,2026-09-07T21:15:40.654204+00:00
kaggle-vllm-m3-allreduce-raw-v1,kaggle-vllm-m3-two-rank-nccl-allreduce-v1,16384,float16,2,2,41,94.24000233411789,98.04800152778625,98.04800152778625,20,100,2026-09-07T21:15:40.654204+00:00
kaggle-vllm-m3-allreduce-raw-v1,kaggle-vllm-m3-two-rank-nccl-allreduce-v1,16384,float16,2,2,42,167.9680049419403,164.06400501728058,167.9680049419403,20,100,2026-09-07T21:15:40.654204+00:00
kaggle-vllm-m3-allreduce-raw-v1,kaggle-vllm-m3-two-rank-nccl-allreduce-v1,16384,float16,2,2,43,96.51199728250504,98.30400347709656,98.30400347709656,20,100,2026-09-07T21:15:40.654204+00:00
kaggle-vllm-m3-allreduce-raw-v1,kaggle-vllm-m3-two-rank-nccl-allreduce-v1,16384,float16,2,2,44,106.49599879980087,98.27200323343277,106.49599879980087,20,100,2026-09-07T21:15:40.654204+00:00
kaggle-vllm-m3-allreduce-raw-v1,kaggle-vllm-m3-two-rank-nccl-allreduce-v1,16384,float16,2,2,45,137.1839940547943,125.2480000257492,137.1839940547943,20,100,2026-09-07T21:15:40.654204+00:00
kaggle-vllm-m3-allreduce-raw-v1,kaggle-vllm-m3-two-rank-nccl-allreduce-v1,16384,float16,2,2,46,83.5840031504631,86.04799956083298,86.04799956083298,20,100,2026-09-07T21:15:40.654204+00:00
kaggle-vllm-m3-allreduce-raw-v1,kaggle-vllm-m3-two-rank-nccl-allreduce-v1,16384,float16,2,2,47,83.96799862384796,96.96000069379807,96.96000069379807,20,100,2026-09-07T21:15:40.654204+00:00
kaggle-vllm-m3-allreduce-raw-v1,kaggle-vllm-m3-two-rank-nccl-allreduce-v1,16384,float16,2,2,48,83.96799862384796,82.5280025601387,83.96799862384796,20,100,2026-09-07T21:15:40.654204+00:00
kaggle-vllm-m3-allreduce-raw-v1,kaggle-vllm-m3-two-rank-nccl-allreduce-v1,16384,float16,2,2,49,88.06400001049042,94.71999853849411,94.71999853849411,20,100,2026-09-07T21:15:40.654204+00:00
kaggle-vllm-m3-allreduce-raw-v1,kaggle-vllm-m3-two-rank-nccl-allreduce-v1,16384,float16,2,2,50,80.22399991750717,83.67999643087387,83.67999643087387,20,100,2026-09-07T21:15:40.654204+00:00
kaggle-vllm-m3-allreduce-raw-v1,kaggle-vllm-m3-two-rank-nccl-allreduce-v1,16384,float16,2,2,51,96.41599655151367,83.26400071382523,96.41599655151367,20,100,2026-09-07T21:15:40.654204+00:00
kaggle-vllm-m3-allreduce-raw-v1,kaggle-vllm-m3-two-rank-nccl-allreduce-v1,16384,float16,2,2,52,151.5199989080429,124.92799758911133,151.5199989080429,20,100,2026-09-07T21:15:40.654204+00:00
kaggle-vllm-m3-allreduce-raw-v1,kaggle-vllm-m3-two-rank-nccl-allreduce-v1,16384,float16,2,2,53,180.2240014076233,187.8719925880432,187.8719925880432,20,100,2026-09-07T21:15:40.654204+00:00
kaggle-vllm-m3-allreduce-raw-v1,kaggle-vllm-m3-two-rank-nccl-allreduce-v1,16384,float16,2,2,54,186.52799725532532,175.48799514770508,186.52799725532532,20,100,2026-09-07T21:15:40.654204+00:00
kaggle-vllm-m3-allreduce-raw-v1,kaggle-vllm-m3-two-rank-nccl-allreduce-v1,16384,float16,2,2,55,161.82400286197662,182.40000307559967,182.40000307559967,20,100,2026-09-07T21:15:40.654204+00:00
kaggle-vllm-m3-allreduce-raw-v1,kaggle-vllm-m3-two-rank-nccl-allreduce-v1,16384,float16,2,2,56,152.96000242233276,159.71200168132782,159.71200168132782,20,100,2026-09-07T21:15:40.654204+00:00
kaggle-vllm-m3-allreduce-raw-v1,kaggle-vllm-m3-two-rank-nccl-allreduce-v1,16384,float16,2,2,57,85.15200018882751,84.95999872684479,85.15200018882751,20,100,2026-09-07T21:15:40.654204+00:00
kaggle-vllm-m3-allreduce-raw-v1,kaggle-vllm-m3-two-rank-nccl-allreduce-v1,16384,float16,2,2,58,83.39200168848038,85.40800213813782,85.40800213813782,20,100,2026-09-07T21:15:40.654204+00:00
kaggle-vllm-m3-allreduce-raw-v1,kaggle-vllm-m3-two-rank-nccl-allreduce-v1,16384,float16,2,2,59,83.00799876451492,82.0159986615181,83.00799876451492,20,100,2026-09-07T21:15:40.654204+00:00
kaggle-vllm-m3-allreduce-raw-v1,kaggle-vllm-m3-two-rank-nccl-allreduce-v1,16384,float16,2,2,60,86.01599931716919,87.99999952316284,87.99999952316284,20,100,2026-09-07T21:15:40.654204+00:00
kaggle-vllm-m3-allreduce-raw-v1,kaggle-vllm-m3-two-rank-nccl-allreduce-v1,16384,float16,2,2,61,84.03199911117554,81.88799768686295,84.03199911117554,20,100,2026-09-07T21:15:40.654204+00:00
kaggle-vllm-m3-allreduce-raw-v1,kaggle-vllm-m3-two-rank-nccl-allreduce-v1,16384,float16,2,2,62,91.36000275611877,84.19200032949448,91.36000275611877,20,100,2026-09-07T21:15:40.654204+00:00
kaggle-vllm-m3-allreduce-raw-v1,kaggle-vllm-m3-two-rank-nccl-allreduce-v1,16384,float16,2,2,63,157.79200196266174,120.2239990234375,157.79200196266174,20,100,2026-09-07T21:15:40.654204+00:00
kaggle-vllm-m3-allreduce-raw-v1,kaggle-vllm-m3-two-rank-nccl-allreduce-v1,16384,float16,2,2,64,82.0159986615181,82.0159986615181,82.0159986615181,20,100,2026-09-07T21:15:40.654204+00:00
kaggle-vllm-m3-allreduce-raw-v1,kaggle-vllm-m3-two-rank-nccl-allreduce-v1,16384,float16,2,2,65,81.91999793052673,84.22400057315826,84.22400057315826,20,100,2026-09-07T21:15:40.654204+00:00
kaggle-vllm-m3-allreduce-raw-v1,kaggle-vllm-m3-two-rank-nccl-allreduce-v1,16384,float16,2,2,66,83.13599973917007,80.35200089216232,83.13599973917007,20,100,2026-09-07T21:15:40.654204+00:00
kaggle-vllm-m3-allreduce-raw-v1,kaggle-vllm-m3-two-rank-nccl-allreduce-v1,16384,float16,2,2,67,82.87999778985977,83.93599838018417,83.93599838018417,20,100,2026-09-07T21:15:40.654204+00:00
kaggle-vllm-m3-allreduce-raw-v1,kaggle-vllm-m3-two-rank-nccl-allreduce-v1,16384,float16,2,2,68,85.4720026254654,96.22400254011154,96.22400254011154,20,100,2026-09-07T21:15:40.654204+00:00
kaggle-vllm-m3-allreduce-raw-v1,kaggle-vllm-m3-two-rank-nccl-allreduce-v1,16384,float16,2,2,69,84.3840017914772,86.07999980449677,86.07999980449677,20,100,2026-09-07T21:15:40.654204+00:00
kaggle-vllm-m3-allreduce-raw-v1,kaggle-vllm-m3-two-rank-nccl-allreduce-v1,16384,float16,2,2,70,104.25599664449692,100.38399696350098,104.25599664449692,20,100,2026-09-07T21:15:40.654204+00:00
kaggle-vllm-m3-allreduce-raw-v1,kaggle-vllm-m3-two-rank-nccl-allreduce-v1,16384,float16,2,2,71,110.6560006737709,112.31999844312668,112.31999844312668,20,100,2026-09-07T21:15:40.654204+00:00
kaggle-vllm-m3-allreduce-raw-v1,kaggle-vllm-m3-two-rank-nccl-allreduce-v1,16384,float16,2,2,72,181.85600638389587,92.8959995508194,181.85600638389587,20,100,2026-09-07T21:15:40.654204+00:00
kaggle-vllm-m3-allreduce-raw-v1,kaggle-vllm-m3-two-rank-nccl-allreduce-v1,16384,float16,2,2,73,191.67999923229218,156.80000185966492,191.67999923229218,20,100,2026-09-07T21:15:40.654204+00:00
kaggle-vllm-m3-allreduce-raw-v1,kaggle-vllm-m3-two-rank-nccl-allreduce-v1,16384,float16,2,2,74,195.00799477100372,169.98399794101715,195.00799477100372,20,100,2026-09-07T21:15:40.654204+00:00
kaggle-vllm-m3-allreduce-raw-v1,kaggle-vllm-m3-two-rank-nccl-allreduce-v1,16384,float16,2,2,75,133.215993642807,140.3840035200119,140.3840035200119,20,100,2026-09-07T21:15:40.654204+00:00
kaggle-vllm-m3-allreduce-raw-v1,kaggle-vllm-m3-two-rank-nccl-allreduce-v1,16384,float16,2,2,76,143.36000382900238,124.70400333404541,143.36000382900238,20,100,2026-09-07T21:15:40.654204+00:00
kaggle-vllm-m3-allreduce-raw-v1,kaggle-vllm-m3-two-rank-nccl-allreduce-v1,16384,float16,2,2,77,130.8480054140091,120.86399644613266,130.8480054140091,20,100,2026-09-07T21:15:40.654204+00:00
kaggle-vllm-m3-allreduce-raw-v1,kaggle-vllm-m3-two-rank-nccl-allreduce-v1,16384,float16,2,2,78,173.3119934797287,174.40000176429749,174.40000176429749,20,100,2026-09-07T21:15:40.654204+00:00
kaggle-vllm-m3-allreduce-raw-v1,kaggle-vllm-m3-two-rank-nccl-allreduce-v1,16384,float16,2,2,79,157.69599378108978,156.8640023469925,157.69599378108978,20,100,2026-09-07T21:15:40.654204+00:00
kaggle-vllm-m3-allreduce-raw-v1,kaggle-vllm-m3-two-rank-nccl-allreduce-v1,16384,float16,2,2,80,213.02400529384613,184.35199558734894,213.02400529384613,20,100,2026-09-07T21:15:40.654204+00:00
kaggle-vllm-m3-allreduce-raw-v1,kaggle-vllm-m3-two-rank-nccl-allreduce-v1,16384,float16,2,2,81,192.4159973859787,178.39999496936798,192.4159973859787,20,100,2026-09-07T21:15:40.654204+00:00
kaggle-vllm-m3-allreduce-raw-v1,kaggle-vllm-m3-two-rank-nccl-allreduce-v1,16384,float16,2,2,82,189.34400379657745,167.35999286174774,189.34400379657745,20,100,2026-09-07T21:15:40.654204+00:00
kaggle-vllm-m3-allreduce-raw-v1,kaggle-vllm-m3-two-rank-nccl-allreduce-v1,16384,float16,2,2,83,143.39199662208557,141.31200313568115,143.39199662208557,20,100,2026-09-07T21:15:40.654204+00:00
kaggle-vllm-m3-allreduce-raw-v1,kaggle-vllm-m3-two-rank-nccl-allreduce-v1,16384,float16,2,2,84,172.7679967880249,162.11199760437012,172.7679967880249,20,100,2026-09-07T21:15:40.654204+00:00
kaggle-vllm-m3-allreduce-raw-v1,kaggle-vllm-m3-two-rank-nccl-allreduce-v1,16384,float16,2,2,85,153.72799336910248,139.67999815940857,153.72799336910248,20,100,2026-09-07T21:15:40.654204+00:00
kaggle-vllm-m3-allreduce-raw-v1,kaggle-vllm-m3-two-rank-nccl-allreduce-v1,16384,float16,2,2,86,158.1439971923828,141.4400041103363,158.1439971923828,20,100,2026-09-07T21:15:40.654204+00:00
kaggle-vllm-m3-allreduce-raw-v1,kaggle-vllm-m3-two-rank-nccl-allreduce-v1,16384,float16,2,2,87,149.50400590896606,148.51200580596924,149.50400590896606,20,100,2026-09-07T21:15:40.654204+00:00
kaggle-vllm-m3-allreduce-raw-v1,kaggle-vllm-m3-two-rank-nccl-allreduce-v1,16384,float16,2,2,88,147.42399752140045,141.34399592876434,147.42399752140045,20,100,2026-09-07T21:15:40.654204+00:00
kaggle-vllm-m3-allreduce-raw-v1,kaggle-vllm-m3-two-rank-nccl-allreduce-v1,16384,float16,2,2,89,141.37600362300873,124.86399710178375,141.37600362300873,20,100,2026-09-07T21:15:40.654204+00:00
kaggle-vllm-m3-allreduce-raw-v1,kaggle-vllm-m3-two-rank-nccl-allreduce-v1,16384,float16,2,2,90,141.2159949541092,107.2319969534874,141.2159949541092,20,100,2026-09-07T21:15:40.654204+00:00
kaggle-vllm-m3-allreduce-raw-v1,kaggle-vllm-m3-two-rank-nccl-allreduce-v1,16384,float16,2,2,91,137.2160017490387,106.52799904346466,137.2160017490387,20,100,2026-09-07T21:15:40.654204+00:00
kaggle-vllm-m3-allreduce-raw-v1,kaggle-vllm-m3-two-rank-nccl-allreduce-v1,16384,float16,2,2,92,153.56799960136414,146.464005112648,153.56799960136414,20,100,2026-09-07T21:15:40.654204+00:00
kaggle-vllm-m3-allreduce-raw-v1,kaggle-vllm-m3-two-rank-nccl-allreduce-v1,16384,float16,2,2,93,172.06400632858276,190.43199717998505,190.43199717998505,20,100,2026-09-07T21:15:40.654204+00:00
kaggle-vllm-m3-allreduce-raw-v1,kaggle-vllm-m3-two-rank-nccl-allreduce-v1,16384,float16,2,2,94,174.0799993276596,174.81599748134613,174.81599748134613,20,100,2026-09-07T21:15:40.654204+00:00
kaggle-vllm-m3-allreduce-raw-v1,kaggle-vllm-m3-two-rank-nccl-allreduce-v1,16384,float16,2,2,95,139.13600146770477,158.2079976797104,158.2079976797104,20,100,2026-09-07T21:15:40.654204+00:00
kaggle-vllm-m3-allreduce-raw-v1,kaggle-vllm-m3-two-rank-nccl-allreduce-v1,16384,float16,2,2,96,143.36000382900238,126.75200402736664,143.36000382900238,20,100,2026-09-07T21:15:40.654204+00:00
kaggle-vllm-m3-allreduce-raw-v1,kaggle-vllm-m3-two-rank-nccl-allreduce-v1,16384,float16,2,2,97,203.2639980316162,189.31199610233307,203.2639980316162,20,100,2026-09-07T21:15:40.654204+00:00
kaggle-vllm-m3-allreduce-raw-v1,kaggle-vllm-m3-two-rank-nccl-allreduce-v1,16384,float16,2,2,98,178.14399302005768,168.70400309562683,178.14399302005768,20,100,2026-09-07T21:15:40.654204+00:00
kaggle-vllm-m3-allreduce-raw-v1,kaggle-vllm-m3-two-rank-nccl-allreduce-v1,16384,float16,2,2,99,143.48800480365753,170.52799463272095,170.52799463272095,20,100,2026-09-07T21:15:40.654204+00:00
kaggle-vllm-m3-allreduce-raw-v1,kaggle-vllm-m3-two-rank-nccl-allreduce-v1,65536,float16,2,2,0,180.86400628089905,141.79199934005737,180.86400628089905,20,100,2026-09-07T21:15:40.697925+00:00
kaggle-vllm-m3-allreduce-raw-v1,kaggle-vllm-m3-two-rank-nccl-allreduce-v1,65536,float16,2,2,1,172.86400496959686,177.59999632835388,177.59999632835388,20,100,2026-09-07T21:15:40.697925+00:00
kaggle-vllm-m3-allreduce-raw-v1,kaggle-vllm-m3-two-rank-nccl-allreduce-v1,65536,float16,2,2,2,172.60800302028656,190.49599766731262,190.49599766731262,20,100,2026-09-07T21:15:40.697925+00:00
kaggle-vllm-m3-allreduce-raw-v1,kaggle-vllm-m3-two-rank-nccl-allreduce-v1,65536,float16,2,2,3,139.74399864673615,149.47199821472168,149.47199821472168,20,100,2026-09-07T21:15:40.697925+00:00
kaggle-vllm-m3-allreduce-raw-v1,kaggle-vllm-m3-two-rank-nccl-allreduce-v1,65536,float16,2,2,4,159.7760021686554,167.90400445461273,167.90400445461273,20,100,2026-09-07T21:15:40.697925+00:00
kaggle-vllm-m3-allreduce-raw-v1,kaggle-vllm-m3-two-rank-nccl-allreduce-v1,65536,float16,2,2,5,133.12000036239624,146.43199741840363,146.43199741840363,20,100,2026-09-07T21:15:40.697925+00:00
kaggle-vllm-m3-allreduce-raw-v1,kaggle-vllm-m3-two-rank-nccl-allreduce-v1,65536,float16,2,2,6,154.9759954214096,150.14399588108063,154.9759954214096,20,100,2026-09-07T21:15:40.697925+00:00
kaggle-vllm-m3-allreduce-raw-v1,kaggle-vllm-m3-two-rank-nccl-allreduce-v1,65536,float16,2,2,7,159.64800119400024,145.53600549697876,159.64800119400024,20,100,2026-09-07T21:15:40.697925+00:00
kaggle-vllm-m3-allreduce-raw-v1,kaggle-vllm-m3-two-rank-nccl-allreduce-v1,65536,float16,2,2,8,148.73600006103516,186.27199530601501,186.27199530601501,20,100,2026-09-07T21:15:40.697925+00:00
kaggle-vllm-m3-allreduce-raw-v1,kaggle-vllm-m3-two-rank-nccl-allreduce-v1,65536,float16,2,2,9,185.69600582122803,153.47200632095337,185.69600582122803,20,100,2026-09-07T21:15:40.697925+00:00
kaggle-vllm-m3-allreduce-raw-v1,kaggle-vllm-m3-two-rank-nccl-allreduce-v1,65536,float16,2,2,10,160.47999262809753,174.17599260807037,174.17599260807037,20,100,2026-09-07T21:15:40.697925+00:00
kaggle-vllm-m3-allreduce-raw-v1,kaggle-vllm-m3-two-rank-nccl-allreduce-v1,65536,float16,2,2,11,179.03999984264374,205.31199872493744,205.31199872493744,20,100,2026-09-07T21:15:40.697925+00:00
kaggle-vllm-m3-allreduce-raw-v1,kaggle-vllm-m3-two-rank-nccl-allreduce-v1,65536,float16,2,2,12,213.02400529384613,244.76799368858337,244.76799368858337,20,100,2026-09-07T21:15:40.697925+00:00
kaggle-vllm-m3-allreduce-raw-v1,kaggle-vllm-m3-two-rank-nccl-allreduce-v1,65536,float16,2,2,13,133.08799266815186,281.0559868812561,281.0559868812561,20,100,2026-09-07T21:15:40.697925+00:00
kaggle-vllm-m3-allreduce-raw-v1,kaggle-vllm-m3-two-rank-nccl-allreduce-v1,65536,float16,2,2,14,163.87200355529785,175.135999917984,175.135999917984,20,100,2026-09-07T21:15:40.697925+00:00
kaggle-vllm-m3-allreduce-raw-v1,kaggle-vllm-m3-two-rank-nccl-allreduce-v1,65536,float16,2,2,15,212.351992726326,182.27200210094452,212.351992726326,20,100,2026-09-07T21:15:40.697925+00:00
kaggle-vllm-m3-allreduce-raw-v1,kaggle-vllm-m3-two-rank-nccl-allreduce-v1,65536,float16,2,2,16,175.84000527858734,143.36000382900238,175.84000527858734,20,100,2026-09-07T21:15:40.697925+00:00
kaggle-vllm-m3-allreduce-raw-v1,kaggle-vllm-m3-two-rank-nccl-allreduce-v1,65536,float16,2,2,17,108.5439994931221,122.8799968957901,122.8799968957901,20,100,2026-09-07T21:15:40.697925+00:00
kaggle-vllm-m3-allreduce-raw-v1,kaggle-vllm-m3-two-rank-nccl-allreduce-v1,65536,float16,2,2,18,160.8320027589798,151.5520066022873,160.8320027589798,20,100,2026-09-07T21:15:40.697925+00:00
kaggle-vllm-m3-allreduce-raw-v1,kaggle-vllm-m3-two-rank-nccl-allreduce-v1,65536,float16,2,2,19,98.33600372076035,94.17600184679031,98.33600372076035,20,100,2026-09-07T21:15:40.697925+00:00
kaggle-vllm-m3-allreduce-raw-v1,kaggle-vllm-m3-two-rank-nccl-allreduce-v1,65536,float16,2,2,20,112.64000087976456,102.39999741315842,112.64000087976456,20,100,2026-09-07T21:15:40.697925+00:00
kaggle-vllm-m3-allreduce-raw-v1,kaggle-vllm-m3-two-rank-nccl-allreduce-v1,65536,float16,2,2,21,171.29600048065186,180.2240014076233,180.2240014076233,20,100,2026-09-07T21:15:40.697925+00:00
kaggle-vllm-m3-allreduce-raw-v1,kaggle-vllm-m3-two-rank-nccl-allreduce-v1,65536,float16,2,2,22,220.8320051431656,235.48799753189087,235.48799753189087,20,100,2026-09-07T21:15:40.697925+00:00
kaggle-vllm-m3-allreduce-raw-v1,kaggle-vllm-m3-two-rank-nccl-allreduce-v1,65536,float16,2,2,23,153.76000106334686,142.04800128936768,153.76000106334686,20,100,2026-09-07T21:15:40.697925+00:00
kaggle-vllm-m3-allreduce-raw-v1,kaggle-vllm-m3-two-rank-nccl-allreduce-v1,65536,float16,2,2,24,100.35199671983719,96.54399752616882,100.35199671983719,20,100,2026-09-07T21:15:40.697925+00:00
kaggle-vllm-m3-allreduce-raw-v1,kaggle-vllm-m3-two-rank-nccl-allreduce-v1,65536,float16,2,2,25,94.2080020904541,94.2080020904541,94.2080020904541,20,100,2026-09-07T21:15:40.697925+00:00
kaggle-vllm-m3-allreduce-raw-v1,kaggle-vllm-m3-two-rank-nccl-allreduce-v1,65536,float16,2,2,26,94.27200257778168,94.2080020904541,94.27200257778168,20,100,2026-09-07T21:15:40.697925+00:00
kaggle-vllm-m3-allreduce-raw-v1,kaggle-vllm-m3-two-rank-nccl-allreduce-v1,65536,float16,2,2,27,102.94400155544281,94.24000233411789,102.94400155544281,20,100,2026-09-07T21:15:40.697925+00:00
kaggle-vllm-m3-allreduce-raw-v1,kaggle-vllm-m3-two-rank-nccl-allreduce-v1,65536,float16,2,2,28,100.35199671983719,105.43999820947647,105.43999820947647,20,100,2026-09-07T21:15:40.697925+00:00
kaggle-vllm-m3-allreduce-raw-v1,kaggle-vllm-m3-two-rank-nccl-allreduce-v1,65536,float16,2,2,29,94.33600306510925,109.43999886512756,109.43999886512756,20,100,2026-09-07T21:15:40.697925+00:00
kaggle-vllm-m3-allreduce-raw-v1,kaggle-vllm-m3-two-rank-nccl-allreduce-v1,65536,float16,2,2,30,116.86400324106216,115.03999680280685,116.86400324106216,20,100,2026-09-07T21:15:40.697925+00:00
kaggle-vllm-m3-allreduce-raw-v1,kaggle-vllm-m3-two-rank-nccl-allreduce-v1,65536,float16,2,2,31,109.53599959611893,104.70400005578995,109.53599959611893,20,100,2026-09-07T21:15:40.697925+00:00
kaggle-vllm-m3-allreduce-raw-v1,kaggle-vllm-m3-two-rank-nccl-allreduce-v1,65536,float16,2,2,32,96.38399630784988,100.3199964761734,100.3199964761734,20,100,2026-09-07T21:15:40.697925+00:00
kaggle-vllm-m3-allreduce-raw-v1,kaggle-vllm-m3-two-rank-nccl-allreduce-v1,65536,float16,2,2,33,108.38399827480316,104.3199971318245,108.38399827480316,20,100,2026-09-07T21:15:40.697925+00:00
kaggle-vllm-m3-allreduce-raw-v1,kaggle-vllm-m3-two-rank-nccl-allreduce-v1,65536,float16,2,2,34,97.24800288677216,110.55999994277954,110.55999994277954,20,100,2026-09-07T21:15:40.697925+00:00
kaggle-vllm-m3-allreduce-raw-v1,kaggle-vllm-m3-two-rank-nccl-allreduce-v1,65536,float16,2,2,35,94.17600184679031,96.16000205278397,96.16000205278397,20,100,2026-09-07T21:15:40.697925+00:00
kaggle-vllm-m3-allreduce-raw-v1,kaggle-vllm-m3-two-rank-nccl-allreduce-v1,65536,float16,2,2,36,100.3199964761734,104.16000336408615,104.16000336408615,20,100,2026-09-07T21:15:40.697925+00:00
kaggle-vllm-m3-allreduce-raw-v1,kaggle-vllm-m3-two-rank-nccl-allreduce-v1,65536,float16,2,2,37,91.90399944782257,95.32800316810608,95.32800316810608,20,100,2026-09-07T21:15:40.697925+00:00
kaggle-vllm-m3-allreduce-raw-v1,kaggle-vllm-m3-two-rank-nccl-allreduce-v1,65536,float16,2,2,38,101.59999877214432,90.14400094747543,101.59999877214432,20,100,2026-09-07T21:15:40.697925+00:00
kaggle-vllm-m3-allreduce-raw-v1,kaggle-vllm-m3-two-rank-nccl-allreduce-v1,65536,float16,2,2,39,137.2479945421219,102.4319976568222,137.2479945421219,20,100,2026-09-07T21:15:40.697925+00:00
kaggle-vllm-m3-allreduce-raw-v1,kaggle-vllm-m3-two-rank-nccl-allreduce-v1,65536,float16,2,2,40,94.2080020904541,90.7839983701706,94.2080020904541,20,100,2026-09-07T21:15:40.697925+00:00
kaggle-vllm-m3-allreduce-raw-v1,kaggle-vllm-m3-two-rank-nccl-allreduce-v1,65536,float16,2,2,41,106.46399855613708,130.87999820709229,130.87999820709229,20,100,2026-09-07T21:15:40.697925+00:00
kaggle-vllm-m3-allreduce-raw-v1,kaggle-vllm-m3-two-rank-nccl-allreduce-v1,65536,float16,2,2,42,145.34400403499603,163.87200355529785,163.87200355529785,20,100,2026-09-07T21:15:40.697925+00:00
kaggle-vllm-m3-allreduce-raw-v1,kaggle-vllm-m3-two-rank-nccl-allreduce-v1,65536,float16,2,2,43,96.70399874448776,96.25600278377533,96.70399874448776,20,100,2026-09-07T21:15:40.697925+00:00
kaggle-vllm-m3-allreduce-raw-v1,kaggle-vllm-m3-two-rank-nccl-allreduce-v1,65536,float16,2,2,44,104.47999835014343,92.3520028591156,104.47999835014343,20,100,2026-09-07T21:15:40.697925+00:00
kaggle-vllm-m3-allreduce-raw-v1,kaggle-vllm-m3-two-rank-nccl-allreduce-v1,65536,float16,2,2,45,110.59200018644333,137.2479945421219,137.2479945421219,20,100,2026-09-07T21:15:40.697925+00:00
kaggle-vllm-m3-allreduce-raw-v1,kaggle-vllm-m3-two-rank-nccl-allreduce-v1,65536,float16,2,2,46,93.59999746084213,95.0080007314682,95.0080007314682,20,100,2026-09-07T21:15:40.697925+00:00
kaggle-vllm-m3-allreduce-raw-v1,kaggle-vllm-m3-two-rank-nccl-allreduce-v1,65536,float16,2,2,47,101.05600208044052,94.24000233411789,101.05600208044052,20,100,2026-09-07T21:15:40.697925+00:00
kaggle-vllm-m3-allreduce-raw-v1,kaggle-vllm-m3-two-rank-nccl-allreduce-v1,65536,float16,2,2,48,94.46399658918381,94.2080020904541,94.46399658918381,20,100,2026-09-07T21:15:40.697925+00:00
kaggle-vllm-m3-allreduce-raw-v1,kaggle-vllm-m3-two-rank-nccl-allreduce-v1,65536,float16,2,2,49,110.62400043010712,97.50399738550186,110.62400043010712,20,100,2026-09-07T21:15:40.697925+00:00
kaggle-vllm-m3-allreduce-raw-v1,kaggle-vllm-m3-two-rank-nccl-allreduce-v1,65536,float16,2,2,50,109.31199789047241,110.72000116109848,110.72000116109848,20,100,2026-09-07T21:15:40.697925+00:00
kaggle-vllm-m3-allreduce-raw-v1,kaggle-vllm-m3-two-rank-nccl-allreduce-v1,65536,float16,2,2,51,99.71199929714203,99.07200187444687,99.71199929714203,20,100,2026-09-07T21:15:40.697925+00:00
kaggle-vllm-m3-allreduce-raw-v1,kaggle-vllm-m3-two-rank-nccl-allreduce-v1,65536,float16,2,2,52,114.72000181674957,101.18400305509567,114.72000181674957,20,100,2026-09-07T21:15:40.697925+00:00
kaggle-vllm-m3-allreduce-raw-v1,kaggle-vllm-m3-two-rank-nccl-allreduce-v1,65536,float16,2,2,53,116.89600348472595,101.53599828481674,116.89600348472595,20,100,2026-09-07T21:15:40.697925+00:00
kaggle-vllm-m3-allreduce-raw-v1,kaggle-vllm-m3-two-rank-nccl-allreduce-v1,65536,float16,2,2,54,90.33600240945816,91.61599725484848,91.61599725484848,20,100,2026-09-07T21:15:40.697925+00:00
kaggle-vllm-m3-allreduce-raw-v1,kaggle-vllm-m3-two-rank-nccl-allreduce-v1,65536,float16,2,2,55,110.55999994277954,94.33600306510925,110.55999994277954,20,100,2026-09-07T21:15:40.697925+00:00
kaggle-vllm-m3-allreduce-raw-v1,kaggle-vllm-m3-two-rank-nccl-allreduce-v1,65536,float16,2,2,56,104.99200224876404,114.46399986743927,114.46399986743927,20,100,2026-09-07T21:15:40.697925+00:00
kaggle-vllm-m3-allreduce-raw-v1,kaggle-vllm-m3-two-rank-nccl-allreduce-v1,65536,float16,2,2,57,94.2080020904541,99.48799759149551,99.48799759149551,20,100,2026-09-07T21:15:40.697925+00:00
kaggle-vllm-m3-allreduce-raw-v1,kaggle-vllm-m3-two-rank-nccl-allreduce-v1,65536,float16,2,2,58,95.48799693584442,92.16000139713287,95.48799693584442,20,100,2026-09-07T21:15:40.697925+00:00
kaggle-vllm-m3-allreduce-raw-v1,kaggle-vllm-m3-two-rank-nccl-allreduce-v1,65536,float16,2,2,59,97.43999689817429,90.11200070381165,97.43999689817429,20,100,2026-09-07T21:15:40.697925+00:00
kaggle-vllm-m3-allreduce-raw-v1,kaggle-vllm-m3-two-rank-nccl-allreduce-v1,65536,float16,2,2,60,96.28800302743912,102.20800340175629,102.20800340175629,20,100,2026-09-07T21:15:40.697925+00:00
kaggle-vllm-m3-allreduce-raw-v1,kaggle-vllm-m3-two-rank-nccl-allreduce-v1,65536,float16,2,2,61,151.87199413776398,157.6640009880066,157.6640009880066,20,100,2026-09-07T21:15:40.697925+00:00
kaggle-vllm-m3-allreduce-raw-v1,kaggle-vllm-m3-two-rank-nccl-allreduce-v1,65536,float16,2,2,62,98.30400347709656,91.5519967675209,98.30400347709656,20,100,2026-09-07T21:15:40.697925+00:00
kaggle-vllm-m3-allreduce-raw-v1,kaggle-vllm-m3-two-rank-nccl-allreduce-v1,65536,float16,2,2,63,99.5199978351593,90.40000289678574,99.5199978351593,20,100,2026-09-07T21:15:40.697925+00:00
kaggle-vllm-m3-allreduce-raw-v1,kaggle-vllm-m3-two-rank-nccl-allreduce-v1,65536,float16,2,2,64,100.89600086212158,111.96800321340561,111.96800321340561,20,100,2026-09-07T21:15:40.697925+00:00
kaggle-vllm-m3-allreduce-raw-v1,kaggle-vllm-m3-two-rank-nccl-allreduce-v1,65536,float16,2,2,65,96.28800302743912,96.25600278377533,96.28800302743912,20,100,2026-09-07T21:15:40.697925+00:00
kaggle-vllm-m3-allreduce-raw-v1,kaggle-vllm-m3-two-rank-nccl-allreduce-v1,65536,float16,2,2,66,118.23999881744385,118.52800101041794,118.52800101041794,20,100,2026-09-07T21:15:40.697925+00:00
kaggle-vllm-m3-allreduce-raw-v1,kaggle-vllm-m3-two-rank-nccl-allreduce-v1,65536,float16,2,2,67,99.35999661684036,96.28800302743912,99.35999661684036,20,100,2026-09-07T21:15:40.697925+00:00
kaggle-vllm-m3-allreduce-raw-v1,kaggle-vllm-m3-two-rank-nccl-allreduce-v1,65536,float16,2,2,68,103.64799946546555,98.94400089979172,103.64799946546555,20,100,2026-09-07T21:15:40.697925+00:00
kaggle-vllm-m3-allreduce-raw-v1,kaggle-vllm-m3-two-rank-nccl-allreduce-v1,65536,float16,2,2,69,95.71199864149094,96.25600278377533,96.25600278377533,20,100,2026-09-07T21:15:40.697925+00:00
kaggle-vllm-m3-allreduce-raw-v1,kaggle-vllm-m3-two-rank-nccl-allreduce-v1,65536,float16,2,2,70,103.64799946546555,94.59199756383896,103.64799946546555,20,100,2026-09-07T21:15:40.697925+00:00
kaggle-vllm-m3-allreduce-raw-v1,kaggle-vllm-m3-two-rank-nccl-allreduce-v1,65536,float16,2,2,71,94.11200135946274,94.24000233411789,94.24000233411789,20,100,2026-09-07T21:15:40.697925+00:00
kaggle-vllm-m3-allreduce-raw-v1,kaggle-vllm-m3-two-rank-nccl-allreduce-v1,65536,float16,2,2,72,93.18400174379349,94.14400160312653,94.14400160312653,20,100,2026-09-07T21:15:40.697925+00:00
kaggle-vllm-m3-allreduce-raw-v1,kaggle-vllm-m3-two-rank-nccl-allreduce-v1,65536,float16,2,2,73,94.91200000047684,95.39200365543365,95.39200365543365,20,100,2026-09-07T21:15:40.697925+00:00
kaggle-vllm-m3-allreduce-raw-v1,kaggle-vllm-m3-two-rank-nccl-allreduce-v1,65536,float16,2,2,74,121.08799815177917,157.4079990386963,157.4079990386963,20,100,2026-09-07T21:15:40.697925+00:00
kaggle-vllm-m3-allreduce-raw-v1,kaggle-vllm-m3-two-rank-nccl-allreduce-v1,65536,float16,2,2,75,121.37600034475327,114.72000181674957,121.37600034475327,20,100,2026-09-07T21:15:40.697925+00:00
kaggle-vllm-m3-allreduce-raw-v1,kaggle-vllm-m3-two-rank-nccl-allreduce-v1,65536,float16,2,2,76,114.68800157308578,104.8320010304451,114.68800157308578,20,100,2026-09-07T21:15:40.697925+00:00
kaggle-vllm-m3-allreduce-raw-v1,kaggle-vllm-m3-two-rank-nccl-allreduce-v1,65536,float16,2,2,77,114.72000181674957,119.19999867677689,119.19999867677689,20,100,2026-09-07T21:15:40.697925+00:00
kaggle-vllm-m3-allreduce-raw-v1,kaggle-vllm-m3-two-rank-nccl-allreduce-v1,65536,float16,2,2,78,93.75999867916107,97.02400118112564,97.02400118112564,20,100,2026-09-07T21:15:40.697925+00:00
kaggle-vllm-m3-allreduce-raw-v1,kaggle-vllm-m3-two-rank-nccl-allreduce-v1,65536,float16,2,2,79,120.60800194740295,105.79200088977814,120.60800194740295,20,100,2026-09-07T21:15:40.697925+00:00
kaggle-vllm-m3-allreduce-raw-v1,kaggle-vllm-m3-two-rank-nccl-allreduce-v1,65536,float16,2,2,80,91.74399822950363,91.42400324344635,91.74399822950363,20,100,2026-09-07T21:15:40.697925+00:00
kaggle-vllm-m3-allreduce-raw-v1,kaggle-vllm-m3-two-rank-nccl-allreduce-v1,65536,float16,2,2,81,104.47999835014343,94.46399658918381,104.47999835014343,20,100,2026-09-07T21:15:40.697925+00:00
kaggle-vllm-m3-allreduce-raw-v1,kaggle-vllm-m3-two-rank-nccl-allreduce-v1,65536,float16,2,2,82,106.65600001811981,108.5439994931221,108.5439994931221,20,100,2026-09-07T21:15:40.697925+00:00
kaggle-vllm-m3-allreduce-raw-v1,kaggle-vllm-m3-two-rank-nccl-allreduce-v1,65536,float16,2,2,83,103.87200117111206,97.47199714183807,103.87200117111206,20,100,2026-09-07T21:15:40.697925+00:00
kaggle-vllm-m3-allreduce-raw-v1,kaggle-vllm-m3-two-rank-nccl-allreduce-v1,65536,float16,2,2,84,99.04000163078308,97.9200005531311,99.04000163078308,20,100,2026-09-07T21:15:40.697925+00:00
kaggle-vllm-m3-allreduce-raw-v1,kaggle-vllm-m3-two-rank-nccl-allreduce-v1,65536,float16,2,2,85,113.15199732780457,121.85599654912949,121.85599654912949,20,100,2026-09-07T21:15:40.697925+00:00
kaggle-vllm-m3-allreduce-raw-v1,kaggle-vllm-m3-two-rank-nccl-allreduce-v1,65536,float16,2,2,86,92.28800237178802,91.00800007581711,92.28800237178802,20,100,2026-09-07T21:15:40.697925+00:00
kaggle-vllm-m3-allreduce-raw-v1,kaggle-vllm-m3-two-rank-nccl-allreduce-v1,65536,float16,2,2,87,100.38399696350098,95.07200121879578,100.38399696350098,20,100,2026-09-07T21:15:40.697925+00:00
kaggle-vllm-m3-allreduce-raw-v1,kaggle-vllm-m3-two-rank-nccl-allreduce-v1,65536,float16,2,2,88,92.6079973578453,94.24000233411789,94.24000233411789,20,100,2026-09-07T21:15:40.697925+00:00
kaggle-vllm-m3-allreduce-raw-v1,kaggle-vllm-m3-two-rank-nccl-allreduce-v1,65536,float16,2,2,89,103.35999727249146,93.24800223112106,103.35999727249146,20,100,2026-09-07T21:15:40.697925+00:00
kaggle-vllm-m3-allreduce-raw-v1,kaggle-vllm-m3-two-rank-nccl-allreduce-v1,65536,float16,2,2,90,108.57599973678589,108.5439994931221,108.57599973678589,20,100,2026-09-07T21:15:40.697925+00:00
kaggle-vllm-m3-allreduce-raw-v1,kaggle-vllm-m3-two-rank-nccl-allreduce-v1,65536,float16,2,2,91,99.5199978351593,98.24000298976898,99.5199978351593,20,100,2026-09-07T21:15:40.697925+00:00
kaggle-vllm-m3-allreduce-raw-v1,kaggle-vllm-m3-two-rank-nccl-allreduce-v1,65536,float16,2,2,92,106.72000050544739,96.28800302743912,106.72000050544739,20,100,2026-09-07T21:15:40.697925+00:00
kaggle-vllm-m3-allreduce-raw-v1,kaggle-vllm-m3-two-rank-nccl-allreduce-v1,65536,float16,2,2,93,171.9360053539276,124.92799758911133,171.9360053539276,20,100,2026-09-07T21:15:40.697925+00:00
kaggle-vllm-m3-allreduce-raw-v1,kaggle-vllm-m3-two-rank-nccl-allreduce-v1,65536,float16,2,2,94,94.4959968328476,93.21600198745728,94.4959968328476,20,100,2026-09-07T21:15:40.697925+00:00
kaggle-vllm-m3-allreduce-raw-v1,kaggle-vllm-m3-two-rank-nccl-allreduce-v1,65536,float16,2,2,95,100.22400319576263,91.74399822950363,100.22400319576263,20,100,2026-09-07T21:15:40.697925+00:00
kaggle-vllm-m3-allreduce-raw-v1,kaggle-vllm-m3-two-rank-nccl-allreduce-v1,65536,float16,2,2,96,115.26399850845337,97.85600006580353,115.26399850845337,20,100,2026-09-07T21:15:40.697925+00:00
kaggle-vllm-m3-allreduce-raw-v1,kaggle-vllm-m3-two-rank-nccl-allreduce-v1,65536,float16,2,2,97,101.08800232410431,94.11200135946274,101.08800232410431,20,100,2026-09-07T21:15:40.697925+00:00
kaggle-vllm-m3-allreduce-raw-v1,kaggle-vllm-m3-two-rank-nccl-allreduce-v1,65536,float16,2,2,98,101.24800354242325,94.2080020904541,101.24800354242325,20,100,2026-09-07T21:15:40.697925+00:00
kaggle-vllm-m3-allreduce-raw-v1,kaggle-vllm-m3-two-rank-nccl-allreduce-v1,65536,float16,2,2,99,92.06400066614151,91.96799993515015,92.06400066614151,20,100,2026-09-07T21:15:40.697925+00:00
kaggle-vllm-m3-allreduce-raw-v1,kaggle-vllm-m3-two-rank-nccl-allreduce-v1,262144,float16,2,2,0,177.15199291706085,177.0240068435669,177.15199291706085,20,100,2026-09-07T21:15:40.740724+00:00
kaggle-vllm-m3-allreduce-raw-v1,kaggle-vllm-m3-two-rank-nccl-allreduce-v1,262144,float16,2,2,1,164.70399498939514,170.81600427627563,170.81600427627563,20,100,2026-09-07T21:15:40.740724+00:00
kaggle-vllm-m3-allreduce-raw-v1,kaggle-vllm-m3-two-rank-nccl-allreduce-v1,262144,float16,2,2,2,170.23999989032745,170.01600563526154,170.23999989032745,20,100,2026-09-07T21:15:40.740724+00:00
kaggle-vllm-m3-allreduce-raw-v1,kaggle-vllm-m3-two-rank-nccl-allreduce-v1,262144,float16,2,2,3,165.92000424861908,169.95200514793396,169.95200514793396,20,100,2026-09-07T21:15:40.740724+00:00
kaggle-vllm-m3-allreduce-raw-v1,kaggle-vllm-m3-two-rank-nccl-allreduce-v1,262144,float16,2,2,4,169.15200650691986,162.11199760437012,169.15200650691986,20,100,2026-09-07T21:15:40.740724+00:00
kaggle-vllm-m3-allreduce-raw-v1,kaggle-vllm-m3-two-rank-nccl-allreduce-v1,262144,float16,2,2,5,167.93599724769592,162.49600052833557,167.93599724769592,20,100,2026-09-07T21:15:40.740724+00:00
kaggle-vllm-m3-allreduce-raw-v1,kaggle-vllm-m3-two-rank-nccl-allreduce-v1,262144,float16,2,2,6,203.93599569797516,175.3920018672943,203.93599569797516,20,100,2026-09-07T21:15:40.740724+00:00
kaggle-vllm-m3-allreduce-raw-v1,kaggle-vllm-m3-two-rank-nccl-allreduce-v1,262144,float16,2,2,7,163.83999586105347,160.863995552063,163.83999586105347,20,100,2026-09-07T21:15:40.740724+00:00
kaggle-vllm-m3-allreduce-raw-v1,kaggle-vllm-m3-two-rank-nccl-allreduce-v1,262144,float16,2,2,8,159.90400314331055,166.33599996566772,166.33599996566772,20,100,2026-09-07T21:15:40.740724+00:00
kaggle-vllm-m3-allreduce-raw-v1,kaggle-vllm-m3-two-rank-nccl-allreduce-v1,262144,float16,2,2,9,162.4639928340912,156.38400614261627,162.4639928340912,20,100,2026-09-07T21:15:40.740724+00:00
kaggle-vllm-m3-allreduce-raw-v1,kaggle-vllm-m3-two-rank-nccl-allreduce-v1,262144,float16,2,2,10,175.4239946603775,161.79199516773224,175.4239946603775,20,100,2026-09-07T21:15:40.740724+00:00
kaggle-vllm-m3-allreduce-raw-v1,kaggle-vllm-m3-two-rank-nccl-allreduce-v1,262144,float16,2,2,11,206.7520022392273,203.74399423599243,206.7520022392273,20,100,2026-09-07T21:15:40.740724+00:00
kaggle-vllm-m3-allreduce-raw-v1,kaggle-vllm-m3-two-rank-nccl-allreduce-v1,262144,float16,2,2,12,186.36800348758698,181.98400735855103,186.36800348758698,20,100,2026-09-07T21:15:40.740724+00:00
kaggle-vllm-m3-allreduce-raw-v1,kaggle-vllm-m3-two-rank-nccl-allreduce-v1,262144,float16,2,2,13,155.32800555229187,163.87200355529785,163.87200355529785,20,100,2026-09-07T21:15:40.740724+00:00
kaggle-vllm-m3-allreduce-raw-v1,kaggle-vllm-m3-two-rank-nccl-allreduce-v1,262144,float16,2,2,14,165.43999314308167,154.94400262832642,165.43999314308167,20,100,2026-09-07T21:15:40.740724+00:00
kaggle-vllm-m3-allreduce-raw-v1,kaggle-vllm-m3-two-rank-nccl-allreduce-v1,262144,float16,2,2,15,188.4160041809082,175.4239946603775,188.4160041809082,20,100,2026-09-07T21:15:40.740724+00:00
kaggle-vllm-m3-allreduce-raw-v1,kaggle-vllm-m3-two-rank-nccl-allreduce-v1,262144,float16,2,2,16,250.14400482177734,251.52000784873962,251.52000784873962,20,100,2026-09-07T21:15:40.740724+00:00
kaggle-vllm-m3-allreduce-raw-v1,kaggle-vllm-m3-two-rank-nccl-allreduce-v1,262144,float16,2,2,17,175.87199807167053,168.2240068912506,175.87199807167053,20,100,2026-09-07T21:15:40.740724+00:00
kaggle-vllm-m3-allreduce-raw-v1,kaggle-vllm-m3-two-rank-nccl-allreduce-v1,262144,float16,2,2,18,165.6319946050644,171.58399522304535,171.58399522304535,20,100,2026-09-07T21:15:40.740724+00:00
kaggle-vllm-m3-allreduce-raw-v1,kaggle-vllm-m3-two-rank-nccl-allreduce-v1,262144,float16,2,2,19,172.06400632858276,165.8879965543747,172.06400632858276,20,100,2026-09-07T21:15:40.740724+00:00
kaggle-vllm-m3-allreduce-raw-v1,kaggle-vllm-m3-two-rank-nccl-allreduce-v1,262144,float16,2,2,20,165.92000424861908,158.01599621772766,165.92000424861908,20,100,2026-09-07T21:15:40.740724+00:00
kaggle-vllm-m3-allreduce-raw-v1,kaggle-vllm-m3-two-rank-nccl-allreduce-v1,262144,float16,2,2,21,168.41599345207214,167.32800006866455,168.41599345207214,20,100,2026-09-07T21:15:40.740724+00:00
kaggle-vllm-m3-allreduce-raw-v1,kaggle-vllm-m3-two-rank-nccl-allreduce-v1,262144,float16,2,2,22,165.72800278663635,161.82400286197662,165.72800278663635,20,100,2026-09-07T21:15:40.740724+00:00
kaggle-vllm-m3-allreduce-raw-v1,kaggle-vllm-m3-two-rank-nccl-allreduce-v1,262144,float16,2,2,23,172.31999337673187,170.46399414539337,172.31999337673187,20,100,2026-09-07T21:15:40.740724+00:00
kaggle-vllm-m3-allreduce-raw-v1,kaggle-vllm-m3-two-rank-nccl-allreduce-v1,262144,float16,2,2,24,174.30399358272552,161.79199516773224,174.30399358272552,20,100,2026-09-07T21:15:40.740724+00:00
kaggle-vllm-m3-allreduce-raw-v1,kaggle-vllm-m3-two-rank-nccl-allreduce-v1,262144,float16,2,2,25,172.2240000963211,172.2240000963211,172.2240000963211,20,100,2026-09-07T21:15:40.740724+00:00
kaggle-vllm-m3-allreduce-raw-v1,kaggle-vllm-m3-two-rank-nccl-allreduce-v1,262144,float16,2,2,26,172.0000058412552,170.01600563526154,172.0000058412552,20,100,2026-09-07T21:15:40.740724+00:00
kaggle-vllm-m3-allreduce-raw-v1,kaggle-vllm-m3-two-rank-nccl-allreduce-v1,262144,float16,2,2,27,160.92799603939056,158.11200439929962,160.92799603939056,20,100,2026-09-07T21:15:40.740724+00:00
kaggle-vllm-m3-allreduce-raw-v1,kaggle-vllm-m3-two-rank-nccl-allreduce-v1,262144,float16,2,2,28,175.61599612236023,159.7760021686554,175.61599612236023,20,100,2026-09-07T21:15:40.740724+00:00
kaggle-vllm-m3-allreduce-raw-v1,kaggle-vllm-m3-two-rank-nccl-allreduce-v1,262144,float16,2,2,29,165.72800278663635,166.143998503685,166.143998503685,20,100,2026-09-07T21:15:40.740724+00:00
kaggle-vllm-m3-allreduce-raw-v1,kaggle-vllm-m3-two-rank-nccl-allreduce-v1,262144,float16,2,2,30,163.71199488639832,159.8079949617386,163.71199488639832,20,100,2026-09-07T21:15:40.740724+00:00
kaggle-vllm-m3-allreduce-raw-v1,kaggle-vllm-m3-two-rank-nccl-allreduce-v1,262144,float16,2,2,31,162.1759980916977,159.16800498962402,162.1759980916977,20,100,2026-09-07T21:15:40.740724+00:00
kaggle-vllm-m3-allreduce-raw-v1,kaggle-vllm-m3-two-rank-nccl-allreduce-v1,262144,float16,2,2,32,166.143998503685,162.9440039396286,166.143998503685,20,100,2026-09-07T21:15:40.740724+00:00
kaggle-vllm-m3-allreduce-raw-v1,kaggle-vllm-m3-two-rank-nccl-allreduce-v1,262144,float16,2,2,33,163.87200355529785,161.9199961423874,163.87200355529785,20,100,2026-09-07T21:15:40.740724+00:00
kaggle-vllm-m3-allreduce-raw-v1,kaggle-vllm-m3-two-rank-nccl-allreduce-v1,262144,float16,2,2,34,170.6240028142929,168.47999393939972,170.6240028142929,20,100,2026-09-07T21:15:40.740724+00:00
kaggle-vllm-m3-allreduce-raw-v1,kaggle-vllm-m3-two-rank-nccl-allreduce-v1,262144,float16,2,2,35,177.824005484581,165.92000424861908,177.824005484581,20,100,2026-09-07T21:15:40.740724+00:00
kaggle-vllm-m3-allreduce-raw-v1,kaggle-vllm-m3-two-rank-nccl-allreduce-v1,262144,float16,2,2,36,161.79199516773224,160.863995552063,161.79199516773224,20,100,2026-09-07T21:15:40.740724+00:00
kaggle-vllm-m3-allreduce-raw-v1,kaggle-vllm-m3-two-rank-nccl-allreduce-v1,262144,float16,2,2,37,170.1440066099167,172.06400632858276,172.06400632858276,20,100,2026-09-07T21:15:40.740724+00:00
kaggle-vllm-m3-allreduce-raw-v1,kaggle-vllm-m3-two-rank-nccl-allreduce-v1,262144,float16,2,2,38,167.58400201797485,160.0639969110489,167.58400201797485,20,100,2026-09-07T21:15:40.740724+00:00
kaggle-vllm-m3-allreduce-raw-v1,kaggle-vllm-m3-two-rank-nccl-allreduce-v1,262144,float16,2,2,39,169.37600076198578,158.81599485874176,169.37600076198578,20,100,2026-09-07T21:15:40.740724+00:00
kaggle-vllm-m3-allreduce-raw-v1,kaggle-vllm-m3-two-rank-nccl-allreduce-v1,262144,float16,2,2,40,194.97600197792053,191.0720020532608,194.97600197792053,20,100,2026-09-07T21:15:40.740724+00:00
kaggle-vllm-m3-allreduce-raw-v1,kaggle-vllm-m3-two-rank-nccl-allreduce-v1,262144,float16,2,2,41,167.4879938364029,160.64000129699707,167.4879938364029,20,100,2026-09-07T21:15:40.740724+00:00
kaggle-vllm-m3-allreduce-raw-v1,kaggle-vllm-m3-two-rank-nccl-allreduce-v1,262144,float16,2,2,42,168.7680035829544,165.3120070695877,168.7680035829544,20,100,2026-09-07T21:15:40.740724+00:00
kaggle-vllm-m3-allreduce-raw-v1,kaggle-vllm-m3-two-rank-nccl-allreduce-v1,262144,float16,2,2,43,167.93599724769592,170.75200378894806,170.75200378894806,20,100,2026-09-07T21:15:40.740724+00:00
kaggle-vllm-m3-allreduce-raw-v1,kaggle-vllm-m3-two-rank-nccl-allreduce-v1,262144,float16,2,2,44,185.5040043592453,178.14399302005768,185.5040043592453,20,100,2026-09-07T21:15:40.740724+00:00
kaggle-vllm-m3-allreduce-raw-v1,kaggle-vllm-m3-two-rank-nccl-allreduce-v1,262144,float16,2,2,45,164.09599781036377,171.424001455307,171.424001455307,20,100,2026-09-07T21:15:40.740724+00:00
kaggle-vllm-m3-allreduce-raw-v1,kaggle-vllm-m3-two-rank-nccl-allreduce-v1,262144,float16,2,2,46,174.20800030231476,168.2880073785782,174.20800030231476,20,100,2026-09-07T21:15:40.740724+00:00
kaggle-vllm-m3-allreduce-raw-v1,kaggle-vllm-m3-two-rank-nccl-allreduce-v1,262144,float16,2,2,47,171.55200242996216,151.90400183200836,171.55200242996216,20,100,2026-09-07T21:15:40.740724+00:00
kaggle-vllm-m3-allreduce-raw-v1,kaggle-vllm-m3-two-rank-nccl-allreduce-v1,262144,float16,2,2,48,167.42399334907532,164.09599781036377,167.42399334907532,20,100,2026-09-07T21:15:40.740724+00:00
kaggle-vllm-m3-allreduce-raw-v1,kaggle-vllm-m3-two-rank-nccl-allreduce-v1,262144,float16,2,2,49,161.82400286197662,161.82400286197662,161.82400286197662,20,100,2026-09-07T21:15:40.740724+00:00
kaggle-vllm-m3-allreduce-raw-v1,kaggle-vllm-m3-two-rank-nccl-allreduce-v1,262144,float16,2,2,50,167.7439957857132,166.07999801635742,167.7439957857132,20,100,2026-09-07T21:15:40.740724+00:00
kaggle-vllm-m3-allreduce-raw-v1,kaggle-vllm-m3-two-rank-nccl-allreduce-v1,262144,float16,2,2,51,182.559996843338,168.35199296474457,182.559996843338,20,100,2026-09-07T21:15:40.740724+00:00
kaggle-vllm-m3-allreduce-raw-v1,kaggle-vllm-m3-two-rank-nccl-allreduce-v1,262144,float16,2,2,52,164.22399878501892,163.71199488639832,164.22399878501892,20,100,2026-09-07T21:15:40.740724+00:00
kaggle-vllm-m3-allreduce-raw-v1,kaggle-vllm-m3-two-rank-nccl-allreduce-v1,262144,float16,2,2,53,163.87200355529785,166.33599996566772,166.33599996566772,20,100,2026-09-07T21:15:40.740724+00:00
kaggle-vllm-m3-allreduce-raw-v1,kaggle-vllm-m3-two-rank-nccl-allreduce-v1,262144,float16,2,2,54,167.58400201797485,163.83999586105347,167.58400201797485,20,100,2026-09-07T21:15:40.740724+00:00
kaggle-vllm-m3-allreduce-raw-v1,kaggle-vllm-m3-two-rank-nccl-allreduce-v1,262144,float16,2,2,55,172.06400632858276,160.64000129699707,172.06400632858276,20,100,2026-09-07T21:15:40.740724+00:00
kaggle-vllm-m3-allreduce-raw-v1,kaggle-vllm-m3-two-rank-nccl-allreduce-v1,262144,float16,2,2,56,157.98400342464447,152.319997549057,157.98400342464447,20,100,2026-09-07T21:15:40.740724+00:00
kaggle-vllm-m3-allreduce-raw-v1,kaggle-vllm-m3-two-rank-nccl-allreduce-v1,262144,float16,2,2,57,169.72799599170685,165.40800034999847,169.72799599170685,20,100,2026-09-07T21:15:40.740724+00:00
kaggle-vllm-m3-allreduce-raw-v1,kaggle-vllm-m3-two-rank-nccl-allreduce-v1,262144,float16,2,2,58,161.8880033493042,155.5519998073578,161.8880033493042,20,100,2026-09-07T21:15:40.740724+00:00
kaggle-vllm-m3-allreduce-raw-v1,kaggle-vllm-m3-two-rank-nccl-allreduce-v1,262144,float16,2,2,59,217.3759937286377,213.34399282932281,217.3759937286377,20,100,2026-09-07T21:15:40.740724+00:00
kaggle-vllm-m3-allreduce-raw-v1,kaggle-vllm-m3-two-rank-nccl-allreduce-v1,262144,float16,2,2,60,163.42400014400482,159.7760021686554,163.42400014400482,20,100,2026-09-07T21:15:40.740724+00:00
kaggle-vllm-m3-allreduce-raw-v1,kaggle-vllm-m3-two-rank-nccl-allreduce-v1,262144,float16,2,2,61,167.84000396728516,160.70400178432465,167.84000396728516,20,100,2026-09-07T21:15:40.740724+00:00
kaggle-vllm-m3-allreduce-raw-v1,kaggle-vllm-m3-two-rank-nccl-allreduce-v1,262144,float16,2,2,62,173.18400740623474,162.4639928340912,173.18400740623474,20,100,2026-09-07T21:15:40.740724+00:00
kaggle-vllm-m3-allreduce-raw-v1,kaggle-vllm-m3-two-rank-nccl-allreduce-v1,262144,float16,2,2,63,181.0240000486374,182.43199586868286,182.43199586868286,20,100,2026-09-07T21:15:40.740724+00:00
kaggle-vllm-m3-allreduce-raw-v1,kaggle-vllm-m3-two-rank-nccl-allreduce-v1,262144,float16,2,2,64,162.27200627326965,164.8319959640503,164.8319959640503,20,100,2026-09-07T21:15:40.740724+00:00
kaggle-vllm-m3-allreduce-raw-v1,kaggle-vllm-m3-two-rank-nccl-allreduce-v1,262144,float16,2,2,65,163.35999965667725,160.51200032234192,163.35999965667725,20,100,2026-09-07T21:15:40.740724+00:00
kaggle-vllm-m3-allreduce-raw-v1,kaggle-vllm-m3-two-rank-nccl-allreduce-v1,262144,float16,2,2,66,172.67200350761414,161.76000237464905,172.67200350761414,20,100,2026-09-07T21:15:40.740724+00:00
kaggle-vllm-m3-allreduce-raw-v1,kaggle-vllm-m3-two-rank-nccl-allreduce-v1,262144,float16,2,2,67,164.2560064792633,165.50399363040924,165.50399363040924,20,100,2026-09-07T21:15:40.740724+00:00
kaggle-vllm-m3-allreduce-raw-v1,kaggle-vllm-m3-two-rank-nccl-allreduce-v1,262144,float16,2,2,68,162.4000072479248,161.53599321842194,162.4000072479248,20,100,2026-09-07T21:15:40.740724+00:00
kaggle-vllm-m3-allreduce-raw-v1,kaggle-vllm-m3-two-rank-nccl-allreduce-v1,262144,float16,2,2,69,172.83199727535248,169.18399930000305,172.83199727535248,20,100,2026-09-07T21:15:40.740724+00:00
kaggle-vllm-m3-allreduce-raw-v1,kaggle-vllm-m3-two-rank-nccl-allreduce-v1,262144,float16,2,2,70,166.6879951953888,160.0639969110489,166.6879951953888,20,100,2026-09-07T21:15:40.740724+00:00
kaggle-vllm-m3-allreduce-raw-v1,kaggle-vllm-m3-two-rank-nccl-allreduce-v1,262144,float16,2,2,71,181.7920058965683,172.03199863433838,181.7920058965683,20,100,2026-09-07T21:15:40.740724+00:00
kaggle-vllm-m3-allreduce-raw-v1,kaggle-vllm-m3-two-rank-nccl-allreduce-v1,262144,float16,2,2,72,161.82400286197662,169.3439930677414,169.3439930677414,20,100,2026-09-07T21:15:40.740724+00:00
kaggle-vllm-m3-allreduce-raw-v1,kaggle-vllm-m3-two-rank-nccl-allreduce-v1,262144,float16,2,2,73,169.98399794101715,163.87200355529785,169.98399794101715,20,100,2026-09-07T21:15:40.740724+00:00
kaggle-vllm-m3-allreduce-raw-v1,kaggle-vllm-m3-two-rank-nccl-allreduce-v1,262144,float16,2,2,74,176.7359972000122,158.24000537395477,176.7359972000122,20,100,2026-09-07T21:15:40.740724+00:00
kaggle-vllm-m3-allreduce-raw-v1,kaggle-vllm-m3-two-rank-nccl-allreduce-v1,262144,float16,2,2,75,170.01600563526154,167.93599724769592,170.01600563526154,20,100,2026-09-07T21:15:40.740724+00:00
kaggle-vllm-m3-allreduce-raw-v1,kaggle-vllm-m3-two-rank-nccl-allreduce-v1,262144,float16,2,2,76,158.6879938840866,157.72800147533417,158.6879938840866,20,100,2026-09-07T21:15:40.740724+00:00
kaggle-vllm-m3-allreduce-raw-v1,kaggle-vllm-m3-two-rank-nccl-allreduce-v1,262144,float16,2,2,77,159.7760021686554,164.32000696659088,164.32000696659088,20,100,2026-09-07T21:15:40.740724+00:00
kaggle-vllm-m3-allreduce-raw-v1,kaggle-vllm-m3-two-rank-nccl-allreduce-v1,262144,float16,2,2,78,167.23200678825378,158.75199437141418,167.23200678825378,20,100,2026-09-07T21:15:40.740724+00:00
kaggle-vllm-m3-allreduce-raw-v1,kaggle-vllm-m3-two-rank-nccl-allreduce-v1,262144,float16,2,2,79,166.52800142765045,154.04799580574036,166.52800142765045,20,100,2026-09-07T21:15:40.740724+00:00
kaggle-vllm-m3-allreduce-raw-v1,kaggle-vllm-m3-two-rank-nccl-allreduce-v1,262144,float16,2,2,80,162.33600676059723,159.4880074262619,162.33600676059723,20,100,2026-09-07T21:15:40.740724+00:00
kaggle-vllm-m3-allreduce-raw-v1,kaggle-vllm-m3-two-rank-nccl-allreduce-v1,262144,float16,2,2,81,165.21599888801575,157.69599378108978,165.21599888801575,20,100,2026-09-07T21:15:40.740724+00:00
kaggle-vllm-m3-allreduce-raw-v1,kaggle-vllm-m3-two-rank-nccl-allreduce-v1,262144,float16,2,2,82,163.07200491428375,155.2640050649643,163.07200491428375,20,100,2026-09-07T21:15:40.740724+00:00
kaggle-vllm-m3-allreduce-raw-v1,kaggle-vllm-m3-two-rank-nccl-allreduce-v1,262144,float16,2,2,83,210.68799495697021,165.92000424861908,210.68799495697021,20,100,2026-09-07T21:15:40.740724+00:00
kaggle-vllm-m3-allreduce-raw-v1,kaggle-vllm-m3-two-rank-nccl-allreduce-v1,262144,float16,2,2,84,161.79199516773224,155.90399503707886,161.79199516773224,20,100,2026-09-07T21:15:40.740724+00:00
kaggle-vllm-m3-allreduce-raw-v1,kaggle-vllm-m3-two-rank-nccl-allreduce-v1,262144,float16,2,2,85,153.98399531841278,161.56800091266632,161.56800091266632,20,100,2026-09-07T21:15:40.740724+00:00
kaggle-vllm-m3-allreduce-raw-v1,kaggle-vllm-m3-two-rank-nccl-allreduce-v1,262144,float16,2,2,86,163.42400014400482,160.44799983501434,163.42400014400482,20,100,2026-09-07T21:15:40.740724+00:00
kaggle-vllm-m3-allreduce-raw-v1,kaggle-vllm-m3-two-rank-nccl-allreduce-v1,262144,float16,2,2,87,160.92799603939056,161.18399798870087,161.18399798870087,20,100,2026-09-07T21:15:40.740724+00:00
kaggle-vllm-m3-allreduce-raw-v1,kaggle-vllm-m3-two-rank-nccl-allreduce-v1,262144,float16,2,2,88,163.13600540161133,163.61600160598755,163.61600160598755,20,100,2026-09-07T21:15:40.740724+00:00
kaggle-vllm-m3-allreduce-raw-v1,kaggle-vllm-m3-two-rank-nccl-allreduce-v1,262144,float16,2,2,89,164.48000073432922,157.31200575828552,164.48000073432922,20,100,2026-09-07T21:15:40.740724+00:00
kaggle-vllm-m3-allreduce-raw-v1,kaggle-vllm-m3-two-rank-nccl-allreduce-v1,262144,float16,2,2,90,156.76799416542053,152.99199521541595,156.76799416542053,20,100,2026-09-07T21:15:40.740724+00:00
kaggle-vllm-m3-allreduce-raw-v1,kaggle-vllm-m3-two-rank-nccl-allreduce-v1,262144,float16,2,2,91,162.88000345230103,159.36000645160675,162.88000345230103,20,100,2026-09-07T21:15:40.740724+00:00
kaggle-vllm-m3-allreduce-raw-v1,kaggle-vllm-m3-two-rank-nccl-allreduce-v1,262144,float16,2,2,92,160.288006067276,158.07999670505524,160.288006067276,20,100,2026-09-07T21:15:40.740724+00:00
kaggle-vllm-m3-allreduce-raw-v1,kaggle-vllm-m3-two-rank-nccl-allreduce-v1,262144,float16,2,2,93,161.28000617027283,157.72800147533417,161.28000617027283,20,100,2026-09-07T21:15:40.740724+00:00
kaggle-vllm-m3-allreduce-raw-v1,kaggle-vllm-m3-two-rank-nccl-allreduce-v1,262144,float16,2,2,94,218.07999908924103,209.34399962425232,218.07999908924103,20,100,2026-09-07T21:15:40.740724+00:00
kaggle-vllm-m3-allreduce-raw-v1,kaggle-vllm-m3-two-rank-nccl-allreduce-v1,262144,float16,2,2,95,158.4320068359375,156.54399991035461,158.4320068359375,20,100,2026-09-07T21:15:40.740724+00:00
kaggle-vllm-m3-allreduce-raw-v1,kaggle-vllm-m3-two-rank-nccl-allreduce-v1,262144,float16,2,2,96,167.77600347995758,160.5760008096695,167.77600347995758,20,100,2026-09-07T21:15:40.740724+00:00
kaggle-vllm-m3-allreduce-raw-v1,kaggle-vllm-m3-two-rank-nccl-allreduce-v1,262144,float16,2,2,97,164.89599645137787,159.71200168132782,164.89599645137787,20,100,2026-09-07T21:15:40.740724+00:00
kaggle-vllm-m3-allreduce-raw-v1,kaggle-vllm-m3-two-rank-nccl-allreduce-v1,262144,float16,2,2,98,173.0560064315796,165.75999557971954,173.0560064315796,20,100,2026-09-07T21:15:40.740724+00:00
kaggle-vllm-m3-allreduce-raw-v1,kaggle-vllm-m3-two-rank-nccl-allreduce-v1,262144,float16,2,2,99,172.35200107097626,174.0799993276596,174.0799993276596,20,100,2026-09-07T21:15:40.740724+00:00
kaggle-vllm-m3-allreduce-raw-v1,kaggle-vllm-m3-two-rank-nccl-allreduce-v1,1048576,float16,2,2,0,356.54398798942566,352.83198952674866,356.54398798942566,20,100,2026-09-07T21:15:40.810175+00:00
kaggle-vllm-m3-allreduce-raw-v1,kaggle-vllm-m3-two-rank-nccl-allreduce-v1,1048576,float16,2,2,1,349.2160141468048,356.1600148677826,356.1600148677826,20,100,2026-09-07T21:15:40.810175+00:00
kaggle-vllm-m3-allreduce-raw-v1,kaggle-vllm-m3-two-rank-nccl-allreduce-v1,1048576,float16,2,2,2,401.88801288604736,342.52798557281494,401.88801288604736,20,100,2026-09-07T21:15:40.810175+00:00
kaggle-vllm-m3-allreduce-raw-v1,kaggle-vllm-m3-two-rank-nccl-allreduce-v1,1048576,float16,2,2,3,364.54400420188904,328.96000146865845,364.54400420188904,20,100,2026-09-07T21:15:40.810175+00:00
kaggle-vllm-m3-allreduce-raw-v1,kaggle-vllm-m3-two-rank-nccl-allreduce-v1,1048576,float16,2,2,4,347.84001111984253,342.1440124511719,347.84001111984253,20,100,2026-09-07T21:15:40.810175+00:00
kaggle-vllm-m3-allreduce-raw-v1,kaggle-vllm-m3-two-rank-nccl-allreduce-v1,1048576,float16,2,2,5,348.60798716545105,343.968003988266,348.60798716545105,20,100,2026-09-07T21:15:40.810175+00:00
kaggle-vllm-m3-allreduce-raw-v1,kaggle-vllm-m3-two-rank-nccl-allreduce-v1,1048576,float16,2,2,6,344.2879915237427,346.1120128631592,346.1120128631592,20,100,2026-09-07T21:15:40.810175+00:00
kaggle-vllm-m3-allreduce-raw-v1,kaggle-vllm-m3-two-rank-nccl-allreduce-v1,1048576,float16,2,2,7,351.77600383758545,349.2160141468048,351.77600383758545,20,100,2026-09-07T21:15:40.810175+00:00
kaggle-vllm-m3-allreduce-raw-v1,kaggle-vllm-m3-two-rank-nccl-allreduce-v1,1048576,float16,2,2,8,358.43199491500854,358.43199491500854,358.43199491500854,20,100,2026-09-07T21:15:40.810175+00:00
kaggle-vllm-m3-allreduce-raw-v1,kaggle-vllm-m3-two-rank-nccl-allreduce-v1,1048576,float16,2,2,9,351.1039912700653,352.9280126094818,352.9280126094818,20,100,2026-09-07T21:15:40.810175+00:00
kaggle-vllm-m3-allreduce-raw-v1,kaggle-vllm-m3-two-rank-nccl-allreduce-v1,1048576,float16,2,2,10,362.527996301651,365.28000235557556,365.28000235557556,20,100,2026-09-07T21:15:40.810175+00:00
kaggle-vllm-m3-allreduce-raw-v1,kaggle-vllm-m3-two-rank-nccl-allreduce-v1,1048576,float16,2,2,11,352.28800773620605,350.49599409103394,352.28800773620605,20,100,2026-09-07T21:15:40.810175+00:00
kaggle-vllm-m3-allreduce-raw-v1,kaggle-vllm-m3-two-rank-nccl-allreduce-v1,1048576,float16,2,2,12,360.48001050949097,337.95198798179626,360.48001050949097,20,100,2026-09-07T21:15:40.810175+00:00
kaggle-vllm-m3-allreduce-raw-v1,kaggle-vllm-m3-two-rank-nccl-allreduce-v1,1048576,float16,2,2,13,368.9279854297638,364.5760118961334,368.9279854297638,20,100,2026-09-07T21:15:40.810175+00:00
kaggle-vllm-m3-allreduce-raw-v1,kaggle-vllm-m3-two-rank-nccl-allreduce-v1,1048576,float16,2,2,14,342.0479893684387,345.5359935760498,345.5359935760498,20,100,2026-09-07T21:15:40.810175+00:00
kaggle-vllm-m3-allreduce-raw-v1,kaggle-vllm-m3-two-rank-nccl-allreduce-v1,1048576,float16,2,2,15,356.31999373435974,358.5920035839081,358.5920035839081,20,100,2026-09-07T21:15:40.810175+00:00
kaggle-vllm-m3-allreduce-raw-v1,kaggle-vllm-m3-two-rank-nccl-allreduce-v1,1048576,float16,2,2,16,347.4240005016327,345.8879888057709,347.4240005016327,20,100,2026-09-07T21:15:40.810175+00:00
kaggle-vllm-m3-allreduce-raw-v1,kaggle-vllm-m3-two-rank-nccl-allreduce-v1,1048576,float16,2,2,17,348.4160006046295,352.6720106601715,352.6720106601715,20,100,2026-09-07T21:15:40.810175+00:00
kaggle-vllm-m3-allreduce-raw-v1,kaggle-vllm-m3-two-rank-nccl-allreduce-v1,1048576,float16,2,2,18,361.407995223999,356.3840091228485,361.407995223999,20,100,2026-09-07T21:15:40.810175+00:00
kaggle-vllm-m3-allreduce-raw-v1,kaggle-vllm-m3-two-rank-nccl-allreduce-v1,1048576,float16,2,2,19,370.7520067691803,325.6640136241913,370.7520067691803,20,100,2026-09-07T21:15:40.810175+00:00
kaggle-vllm-m3-allreduce-raw-v1,kaggle-vllm-m3-two-rank-nccl-allreduce-v1,1048576,float16,2,2,20,364.3839955329895,360.6399893760681,364.3839955329895,20,100,2026-09-07T21:15:40.810175+00:00
kaggle-vllm-m3-allreduce-raw-v1,kaggle-vllm-m3-two-rank-nccl-allreduce-v1,1048576,float16,2,2,21,358.5599958896637,356.31999373435974,358.5599958896637,20,100,2026-09-07T21:15:40.810175+00:00
kaggle-vllm-m3-allreduce-raw-v1,kaggle-vllm-m3-two-rank-nccl-allreduce-v1,1048576,float16,2,2,22,343.6479866504669,347.0720052719116,347.0720052719116,20,100,2026-09-07T21:15:40.810175+00:00
kaggle-vllm-m3-allreduce-raw-v1,kaggle-vllm-m3-two-rank-nccl-allreduce-v1,1048576,float16,2,2,23,355.80798983573914,353.63200306892395,355.80798983573914,20,100,2026-09-07T21:15:40.810175+00:00
kaggle-vllm-m3-allreduce-raw-v1,kaggle-vllm-m3-two-rank-nccl-allreduce-v1,1048576,float16,2,2,24,348.1920063495636,349.66400265693665,349.66400265693665,20,100,2026-09-07T21:15:40.810175+00:00
kaggle-vllm-m3-allreduce-raw-v1,kaggle-vllm-m3-two-rank-nccl-allreduce-v1,1048576,float16,2,2,25,354.0480136871338,351.00799798965454,354.0480136871338,20,100,2026-09-07T21:15:40.810175+00:00
kaggle-vllm-m3-allreduce-raw-v1,kaggle-vllm-m3-two-rank-nccl-allreduce-v1,1048576,float16,2,2,26,368.99200081825256,370.7199990749359,370.7199990749359,20,100,2026-09-07T21:15:40.810175+00:00
kaggle-vllm-m3-allreduce-raw-v1,kaggle-vllm-m3-two-rank-nccl-allreduce-v1,1048576,float16,2,2,27,352.25600004196167,342.52798557281494,352.25600004196167,20,100,2026-09-07T21:15:40.810175+00:00
kaggle-vllm-m3-allreduce-raw-v1,kaggle-vllm-m3-two-rank-nccl-allreduce-v1,1048576,float16,2,2,28,349.88799691200256,327.39201188087463,349.88799691200256,20,100,2026-09-07T21:15:40.810175+00:00
kaggle-vllm-m3-allreduce-raw-v1,kaggle-vllm-m3-two-rank-nccl-allreduce-v1,1048576,float16,2,2,29,352.28800773620605,348.1599986553192,352.28800773620605,20,100,2026-09-07T21:15:40.810175+00:00
kaggle-vllm-m3-allreduce-raw-v1,kaggle-vllm-m3-two-rank-nccl-allreduce-v1,1048576,float16,2,2,30,355.19999265670776,350.97599029541016,355.19999265670776,20,100,2026-09-07T21:15:40.810175+00:00
kaggle-vllm-m3-allreduce-raw-v1,kaggle-vllm-m3-two-rank-nccl-allreduce-v1,1048576,float16,2,2,31,357.02401399612427,351.80801153182983,357.02401399612427,20,100,2026-09-07T21:15:40.810175+00:00
kaggle-vllm-m3-allreduce-raw-v1,kaggle-vllm-m3-two-rank-nccl-allreduce-v1,1048576,float16,2,2,32,354.7840118408203,357.63201117515564,357.63201117515564,20,100,2026-09-07T21:15:40.810175+00:00
kaggle-vllm-m3-allreduce-raw-v1,kaggle-vllm-m3-two-rank-nccl-allreduce-v1,1048576,float16,2,2,33,356.4159870147705,356.9599986076355,356.9599986076355,20,100,2026-09-07T21:15:40.810175+00:00
kaggle-vllm-m3-allreduce-raw-v1,kaggle-vllm-m3-two-rank-nccl-allreduce-v1,1048576,float16,2,2,34,354.91201281547546,346.1439907550812,354.91201281547546,20,100,2026-09-07T21:15:40.810175+00:00
kaggle-vllm-m3-allreduce-raw-v1,kaggle-vllm-m3-two-rank-nccl-allreduce-v1,1048576,float16,2,2,35,363.103985786438,325.1520097255707,363.103985786438,20,100,2026-09-07T21:15:40.810175+00:00
kaggle-vllm-m3-allreduce-raw-v1,kaggle-vllm-m3-two-rank-nccl-allreduce-v1,1048576,float16,2,2,36,368.6400055885315,464.92800116539,464.92800116539,20,100,2026-09-07T21:15:40.810175+00:00
kaggle-vllm-m3-allreduce-raw-v1,kaggle-vllm-m3-two-rank-nccl-allreduce-v1,1048576,float16,2,2,37,368.5440123081207,362.33600974082947,368.5440123081207,20,100,2026-09-07T21:15:40.810175+00:00
kaggle-vllm-m3-allreduce-raw-v1,kaggle-vllm-m3-two-rank-nccl-allreduce-v1,1048576,float16,2,2,38,429.9840033054352,411.6159975528717,429.9840033054352,20,100,2026-09-07T21:15:40.810175+00:00
kaggle-vllm-m3-allreduce-raw-v1,kaggle-vllm-m3-two-rank-nccl-allreduce-v1,1048576,float16,2,2,39,343.9039885997772,347.7439880371094,347.7439880371094,20,100,2026-09-07T21:15:40.810175+00:00
kaggle-vllm-m3-allreduce-raw-v1,kaggle-vllm-m3-two-rank-nccl-allreduce-v1,1048576,float16,2,2,40,356.86400532722473,357.9840064048767,357.9840064048767,20,100,2026-09-07T21:15:40.810175+00:00
kaggle-vllm-m3-allreduce-raw-v1,kaggle-vllm-m3-two-rank-nccl-allreduce-v1,1048576,float16,2,2,41,375.0399947166443,371.4880049228668,375.0399947166443,20,100,2026-09-07T21:15:40.810175+00:00
kaggle-vllm-m3-allreduce-raw-v1,kaggle-vllm-m3-two-rank-nccl-allreduce-v1,1048576,float16,2,2,42,354.3359935283661,355.45599460601807,355.45599460601807,20,100,2026-09-07T21:15:40.810175+00:00
kaggle-vllm-m3-allreduce-raw-v1,kaggle-vllm-m3-two-rank-nccl-allreduce-v1,1048576,float16,2,2,43,354.8479974269867,355.3920090198517,355.3920090198517,20,100,2026-09-07T21:15:40.810175+00:00
kaggle-vllm-m3-allreduce-raw-v1,kaggle-vllm-m3-two-rank-nccl-allreduce-v1,1048576,float16,2,2,44,352.7359962463379,349.11999106407166,352.7359962463379,20,100,2026-09-07T21:15:40.810175+00:00
kaggle-vllm-m3-allreduce-raw-v1,kaggle-vllm-m3-two-rank-nccl-allreduce-v1,1048576,float16,2,2,45,356.4159870147705,359.16799306869507,359.16799306869507,20,100,2026-09-07T21:15:40.810175+00:00
kaggle-vllm-m3-allreduce-raw-v1,kaggle-vllm-m3-two-rank-nccl-allreduce-v1,1048576,float16,2,2,46,350.6560027599335,344.9600040912628,350.6560027599335,20,100,2026-09-07T21:15:40.810175+00:00
kaggle-vllm-m3-allreduce-raw-v1,kaggle-vllm-m3-two-rank-nccl-allreduce-v1,1048576,float16,2,2,47,346.2719917297363,345.40799260139465,346.2719917297363,20,100,2026-09-07T21:15:40.810175+00:00
kaggle-vllm-m3-allreduce-raw-v1,kaggle-vllm-m3-two-rank-nccl-allreduce-v1,1048576,float16,2,2,48,356.76801204681396,359.77599024772644,359.77599024772644,20,100,2026-09-07T21:15:40.810175+00:00
kaggle-vllm-m3-allreduce-raw-v1,kaggle-vllm-m3-two-rank-nccl-allreduce-v1,1048576,float16,2,2,49,355.9679985046387,355.8399975299835,355.9679985046387,20,100,2026-09-07T21:15:40.810175+00:00
kaggle-vllm-m3-allreduce-raw-v1,kaggle-vllm-m3-two-rank-nccl-allreduce-v1,1048576,float16,2,2,50,353.1840145587921,355.3600013256073,355.3600013256073,20,100,2026-09-07T21:15:40.810175+00:00
kaggle-vllm-m3-allreduce-raw-v1,kaggle-vllm-m3-two-rank-nccl-allreduce-v1,1048576,float16,2,2,51,356.0959994792938,356.0959994792938,356.0959994792938,20,100,2026-09-07T21:15:40.810175+00:00
kaggle-vllm-m3-allreduce-raw-v1,kaggle-vllm-m3-two-rank-nccl-allreduce-v1,1048576,float16,2,2,52,366.33598804473877,368.6720132827759,368.6720132827759,20,100,2026-09-07T21:15:40.810175+00:00
kaggle-vllm-m3-allreduce-raw-v1,kaggle-vllm-m3-two-rank-nccl-allreduce-v1,1048576,float16,2,2,53,352.28800773620605,352.25600004196167,352.28800773620605,20,100,2026-09-07T21:15:40.810175+00:00
kaggle-vllm-m3-allreduce-raw-v1,kaggle-vllm-m3-two-rank-nccl-allreduce-v1,1048576,float16,2,2,54,357.7600121498108,350.23999214172363,357.7600121498108,20,100,2026-09-07T21:15:40.810175+00:00
kaggle-vllm-m3-allreduce-raw-v1,kaggle-vllm-m3-two-rank-nccl-allreduce-v1,1048576,float16,2,2,55,355.0719916820526,354.3039858341217,355.0719916820526,20,100,2026-09-07T21:15:40.810175+00:00
kaggle-vllm-m3-allreduce-raw-v1,kaggle-vllm-m3-two-rank-nccl-allreduce-v1,1048576,float16,2,2,56,352.35199332237244,351.0400056838989,352.35199332237244,20,100,2026-09-07T21:15:40.810175+00:00
kaggle-vllm-m3-allreduce-raw-v1,kaggle-vllm-m3-two-rank-nccl-allreduce-v1,1048576,float16,2,2,57,352.9919981956482,356.6400110721588,356.6400110721588,20,100,2026-09-07T21:15:40.810175+00:00
kaggle-vllm-m3-allreduce-raw-v1,kaggle-vllm-m3-two-rank-nccl-allreduce-v1,1048576,float16,2,2,58,354.3359935283661,348.1599986553192,354.3359935283661,20,100,2026-09-07T21:15:40.810175+00:00
kaggle-vllm-m3-allreduce-raw-v1,kaggle-vllm-m3-two-rank-nccl-allreduce-v1,1048576,float16,2,2,59,352.54400968551636,352.54400968551636,352.54400968551636,20,100,2026-09-07T21:15:40.810175+00:00
kaggle-vllm-m3-allreduce-raw-v1,kaggle-vllm-m3-two-rank-nccl-allreduce-v1,1048576,float16,2,2,60,350.94401240348816,338.3040130138397,350.94401240348816,20,100,2026-09-07T21:15:40.810175+00:00
kaggle-vllm-m3-allreduce-raw-v1,kaggle-vllm-m3-two-rank-nccl-allreduce-v1,1048576,float16,2,2,61,356.31999373435974,346.3680148124695,356.31999373435974,20,100,2026-09-07T21:15:40.810175+00:00
kaggle-vllm-m3-allreduce-raw-v1,kaggle-vllm-m3-two-rank-nccl-allreduce-v1,1048576,float16,2,2,62,359.51998829841614,351.5839874744415,359.51998829841614,20,100,2026-09-07T21:15:40.810175+00:00
kaggle-vllm-m3-allreduce-raw-v1,kaggle-vllm-m3-two-rank-nccl-allreduce-v1,1048576,float16,2,2,63,352.25600004196167,348.03199768066406,352.25600004196167,20,100,2026-09-07T21:15:40.810175+00:00
kaggle-vllm-m3-allreduce-raw-v1,kaggle-vllm-m3-two-rank-nccl-allreduce-v1,1048576,float16,2,2,64,354.65601086616516,352.8960049152374,354.65601086616516,20,100,2026-09-07T21:15:40.810175+00:00
kaggle-vllm-m3-allreduce-raw-v1,kaggle-vllm-m3-two-rank-nccl-allreduce-v1,1048576,float16,2,2,65,361.952006816864,362.11198568344116,362.11198568344116,20,100,2026-09-07T21:15:40.810175+00:00
kaggle-vllm-m3-allreduce-raw-v1,kaggle-vllm-m3-two-rank-nccl-allreduce-v1,1048576,float16,2,2,66,392.67200231552124,339.35999870300293,392.67200231552124,20,100,2026-09-07T21:15:40.810175+00:00
kaggle-vllm-m3-allreduce-raw-v1,kaggle-vllm-m3-two-rank-nccl-allreduce-v1,1048576,float16,2,2,67,355.16801476478577,339.7440016269684,355.16801476478577,20,100,2026-09-07T21:15:40.810175+00:00
kaggle-vllm-m3-allreduce-raw-v1,kaggle-vllm-m3-two-rank-nccl-allreduce-v1,1048576,float16,2,2,68,351.80801153182983,342.1120047569275,351.80801153182983,20,100,2026-09-07T21:15:40.810175+00:00
kaggle-vllm-m3-allreduce-raw-v1,kaggle-vllm-m3-two-rank-nccl-allreduce-v1,1048576,float16,2,2,69,349.4719862937927,347.55200147628784,349.4719862937927,20,100,2026-09-07T21:15:40.810175+00:00
kaggle-vllm-m3-allreduce-raw-v1,kaggle-vllm-m3-two-rank-nccl-allreduce-v1,1048576,float16,2,2,70,355.29598593711853,350.847989320755,355.29598593711853,20,100,2026-09-07T21:15:40.810175+00:00
kaggle-vllm-m3-allreduce-raw-v1,kaggle-vllm-m3-two-rank-nccl-allreduce-v1,1048576,float16,2,2,71,362.17600107192993,364.54400420188904,364.54400420188904,20,100,2026-09-07T21:15:40.810175+00:00
kaggle-vllm-m3-allreduce-raw-v1,kaggle-vllm-m3-two-rank-nccl-allreduce-v1,1048576,float16,2,2,72,356.3840091228485,358.7839901447296,358.7839901447296,20,100,2026-09-07T21:15:40.810175+00:00
kaggle-vllm-m3-allreduce-raw-v1,kaggle-vllm-m3-two-rank-nccl-allreduce-v1,1048576,float16,2,2,73,358.7839901447296,374.81600046157837,374.81600046157837,20,100,2026-09-07T21:15:40.810175+00:00
kaggle-vllm-m3-allreduce-raw-v1,kaggle-vllm-m3-two-rank-nccl-allreduce-v1,1048576,float16,2,2,74,356.3840091228485,344.06399726867676,356.3840091228485,20,100,2026-09-07T21:15:40.810175+00:00
kaggle-vllm-m3-allreduce-raw-v1,kaggle-vllm-m3-two-rank-nccl-allreduce-v1,1048576,float16,2,2,75,351.0400056838989,340.0000035762787,351.0400056838989,20,100,2026-09-07T21:15:40.810175+00:00
kaggle-vllm-m3-allreduce-raw-v1,kaggle-vllm-m3-two-rank-nccl-allreduce-v1,1048576,float16,2,2,76,344.4159924983978,342.0160114765167,344.4159924983978,20,100,2026-09-07T21:15:40.810175+00:00
kaggle-vllm-m3-allreduce-raw-v1,kaggle-vllm-m3-two-rank-nccl-allreduce-v1,1048576,float16,2,2,77,355.8399975299835,349.40800070762634,355.8399975299835,20,100,2026-09-07T21:15:40.810175+00:00
kaggle-vllm-m3-allreduce-raw-v1,kaggle-vllm-m3-two-rank-nccl-allreduce-v1,1048576,float16,2,2,78,337.92001008987427,344.09600496292114,344.09600496292114,20,100,2026-09-07T21:15:40.810175+00:00
kaggle-vllm-m3-allreduce-raw-v1,kaggle-vllm-m3-two-rank-nccl-allreduce-v1,1048576,float16,2,2,79,352.28800773620605,350.6239950656891,352.28800773620605,20,100,2026-09-07T21:15:40.810175+00:00
kaggle-vllm-m3-allreduce-raw-v1,kaggle-vllm-m3-two-rank-nccl-allreduce-v1,1048576,float16,2,2,80,357.40798711776733,355.19999265670776,357.40798711776733,20,100,2026-09-07T21:15:40.810175+00:00
kaggle-vllm-m3-allreduce-raw-v1,kaggle-vllm-m3-two-rank-nccl-allreduce-v1,1048576,float16,2,2,81,352.7039885520935,354.17601466178894,354.17601466178894,20,100,2026-09-07T21:15:40.810175+00:00
kaggle-vllm-m3-allreduce-raw-v1,kaggle-vllm-m3-two-rank-nccl-allreduce-v1,1048576,float16,2,2,82,382.752001285553,381.47199153900146,382.752001285553,20,100,2026-09-07T21:15:40.810175+00:00
kaggle-vllm-m3-allreduce-raw-v1,kaggle-vllm-m3-two-rank-nccl-allreduce-v1,1048576,float16,2,2,83,354.46399450302124,340.0000035762787,354.46399450302124,20,100,2026-09-07T21:15:40.810175+00:00
kaggle-vllm-m3-allreduce-raw-v1,kaggle-vllm-m3-two-rank-nccl-allreduce-v1,1048576,float16,2,2,84,339.80798721313477,331.743985414505,339.80798721313477,20,100,2026-09-07T21:15:40.810175+00:00
kaggle-vllm-m3-allreduce-raw-v1,kaggle-vllm-m3-two-rank-nccl-allreduce-v1,1048576,float16,2,2,85,363.74399065971375,2052.1280765533447,2052.1280765533447,20,100,2026-09-07T21:15:40.810175+00:00
kaggle-vllm-m3-allreduce-raw-v1,kaggle-vllm-m3-two-rank-nccl-allreduce-v1,1048576,float16,2,2,86,1896.0319757461548,340.7039940357208,1896.0319757461548,20,100,2026-09-07T21:15:40.810175+00:00
kaggle-vllm-m3-allreduce-raw-v1,kaggle-vllm-m3-two-rank-nccl-allreduce-v1,1048576,float16,2,2,87,360.4480028152466,356.3840091228485,360.4480028152466,20,100,2026-09-07T21:15:40.810175+00:00
kaggle-vllm-m3-allreduce-raw-v1,kaggle-vllm-m3-two-rank-nccl-allreduce-v1,1048576,float16,2,2,88,350.0159978866577,359.96800661087036,359.96800661087036,20,100,2026-09-07T21:15:40.810175+00:00
kaggle-vllm-m3-allreduce-raw-v1,kaggle-vllm-m3-two-rank-nccl-allreduce-v1,1048576,float16,2,2,89,356.3840091228485,353.0240058898926,356.3840091228485,20,100,2026-09-07T21:15:40.810175+00:00
kaggle-vllm-m3-allreduce-raw-v1,kaggle-vllm-m3-two-rank-nccl-allreduce-v1,1048576,float16,2,2,90,354.11199927330017,348.4480082988739,354.11199927330017,20,100,2026-09-07T21:15:40.810175+00:00
kaggle-vllm-m3-allreduce-raw-v1,kaggle-vllm-m3-two-rank-nccl-allreduce-v1,1048576,float16,2,2,91,356.3840091228485,347.80800342559814,356.3840091228485,20,100,2026-09-07T21:15:40.810175+00:00
kaggle-vllm-m3-allreduce-raw-v1,kaggle-vllm-m3-two-rank-nccl-allreduce-v1,1048576,float16,2,2,92,382.9759955406189,327.67999172210693,382.9759955406189,20,100,2026-09-07T21:15:40.810175+00:00
kaggle-vllm-m3-allreduce-raw-v1,kaggle-vllm-m3-two-rank-nccl-allreduce-v1,1048576,float16,2,2,93,342.0160114765167,338.55998516082764,342.0160114765167,20,100,2026-09-07T21:15:40.810175+00:00
kaggle-vllm-m3-allreduce-raw-v1,kaggle-vllm-m3-two-rank-nccl-allreduce-v1,1048576,float16,2,2,94,346.94400429725647,346.1439907550812,346.94400429725647,20,100,2026-09-07T21:15:40.810175+00:00
kaggle-vllm-m3-allreduce-raw-v1,kaggle-vllm-m3-two-rank-nccl-allreduce-v1,1048576,float16,2,2,95,358.43199491500854,356.3840091228485,358.43199491500854,20,100,2026-09-07T21:15:40.810175+00:00
kaggle-vllm-m3-allreduce-raw-v1,kaggle-vllm-m3-two-rank-nccl-allreduce-v1,1048576,float16,2,2,96,345.08800506591797,344.06399726867676,345.08800506591797,20,100,2026-09-07T21:15:40.810175+00:00
kaggle-vllm-m3-allreduce-raw-v1,kaggle-vllm-m3-two-rank-nccl-allreduce-v1,1048576,float16,2,2,97,358.3039939403534,358.91199111938477,358.91199111938477,20,100,2026-09-07T21:15:40.810175+00:00
kaggle-vllm-m3-allreduce-raw-v1,kaggle-vllm-m3-two-rank-nccl-allreduce-v1,1048576,float16,2,2,98,348.1920063495636,342.78398752212524,348.1920063495636,20,100,2026-09-07T21:15:40.810175+00:00
kaggle-vllm-m3-allreduce-raw-v1,kaggle-vllm-m3-two-rank-nccl-allreduce-v1,1048576,float16,2,2,99,349.8559892177582,348.7040102481842,349.8559892177582,20,100,2026-09-07T21:15:40.810175+00:00
kaggle-vllm-m3-allreduce-raw-v1,kaggle-vllm-m3-two-rank-nccl-allreduce-v1,4194304,float16,2,2,0,1154.144048690796,1157.1520566940308,1157.1520566940308,20,100,2026-09-07T21:15:40.975500+00:00
kaggle-vllm-m3-allreduce-raw-v1,kaggle-vllm-m3-two-rank-nccl-allreduce-v1,4194304,float16,2,2,1,1140.0320529937744,1131.0399770736694,1140.0320529937744,20,100,2026-09-07T21:15:40.975500+00:00
kaggle-vllm-m3-allreduce-raw-v1,kaggle-vllm-m3-two-rank-nccl-allreduce-v1,4194304,float16,2,2,2,1124.351978302002,1122.4000453948975,1124.351978302002,20,100,2026-09-07T21:15:40.975500+00:00
kaggle-vllm-m3-allreduce-raw-v1,kaggle-vllm-m3-two-rank-nccl-allreduce-v1,4194304,float16,2,2,3,1141.4400339126587,1157.6639413833618,1157.6639413833618,20,100,2026-09-07T21:15:40.975500+00:00
kaggle-vllm-m3-allreduce-raw-v1,kaggle-vllm-m3-two-rank-nccl-allreduce-v1,4194304,float16,2,2,4,1131.9680213928223,1130.0159692764282,1131.9680213928223,20,100,2026-09-07T21:15:40.975500+00:00
kaggle-vllm-m3-allreduce-raw-v1,kaggle-vllm-m3-two-rank-nccl-allreduce-v1,4194304,float16,2,2,5,1153.439998626709,1148.959994316101,1153.439998626709,20,100,2026-09-07T21:15:40.975500+00:00
kaggle-vllm-m3-allreduce-raw-v1,kaggle-vllm-m3-two-rank-nccl-allreduce-v1,4194304,float16,2,2,6,1122.2079992294312,1124.351978302002,1124.351978302002,20,100,2026-09-07T21:15:40.975500+00:00
kaggle-vllm-m3-allreduce-raw-v1,kaggle-vllm-m3-two-rank-nccl-allreduce-v1,4194304,float16,2,2,7,1138.7840509414673,1132.7040195465088,1138.7840509414673,20,100,2026-09-07T21:15:40.975500+00:00
kaggle-vllm-m3-allreduce-raw-v1,kaggle-vllm-m3-two-rank-nccl-allreduce-v1,4194304,float16,2,2,8,1134.719967842102,1130.46395778656,1134.719967842102,20,100,2026-09-07T21:15:40.975500+00:00
kaggle-vllm-m3-allreduce-raw-v1,kaggle-vllm-m3-two-rank-nccl-allreduce-v1,4194304,float16,2,2,9,1140.3199434280396,1136.8639469146729,1140.3199434280396,20,100,2026-09-07T21:15:40.975500+00:00
kaggle-vllm-m3-allreduce-raw-v1,kaggle-vllm-m3-two-rank-nccl-allreduce-v1,4194304,float16,2,2,10,1124.832034111023,1128.640055656433,1128.640055656433,20,100,2026-09-07T21:15:40.975500+00:00
kaggle-vllm-m3-allreduce-raw-v1,kaggle-vllm-m3-two-rank-nccl-allreduce-v1,4194304,float16,2,2,11,1155.1040410995483,1149.2160558700562,1155.1040410995483,20,100,2026-09-07T21:15:40.975500+00:00
kaggle-vllm-m3-allreduce-raw-v1,kaggle-vllm-m3-two-rank-nccl-allreduce-v1,4194304,float16,2,2,12,1120.1280355453491,1112.3199462890625,1120.1280355453491,20,100,2026-09-07T21:15:40.975500+00:00
kaggle-vllm-m3-allreduce-raw-v1,kaggle-vllm-m3-two-rank-nccl-allreduce-v1,4194304,float16,2,2,13,1143.4240341186523,1135.7439756393433,1143.4240341186523,20,100,2026-09-07T21:15:40.975500+00:00
kaggle-vllm-m3-allreduce-raw-v1,kaggle-vllm-m3-two-rank-nccl-allreduce-v1,4194304,float16,2,2,14,1122.3039627075195,1119.1680431365967,1122.3039627075195,20,100,2026-09-07T21:15:40.975500+00:00
kaggle-vllm-m3-allreduce-raw-v1,kaggle-vllm-m3-two-rank-nccl-allreduce-v1,4194304,float16,2,2,15,1079.2959928512573,1087.488055229187,1087.488055229187,20,100,2026-09-07T21:15:40.975500+00:00
kaggle-vllm-m3-allreduce-raw-v1,kaggle-vllm-m3-two-rank-nccl-allreduce-v1,4194304,float16,2,2,16,1193.9200162887573,1190.9760236740112,1193.9200162887573,20,100,2026-09-07T21:15:40.975500+00:00
kaggle-vllm-m3-allreduce-raw-v1,kaggle-vllm-m3-two-rank-nccl-allreduce-v1,4194304,float16,2,2,17,1142.7520513534546,1133.504033088684,1142.7520513534546,20,100,2026-09-07T21:15:40.975500+00:00
kaggle-vllm-m3-allreduce-raw-v1,kaggle-vllm-m3-two-rank-nccl-allreduce-v1,4194304,float16,2,2,18,1126.431941986084,1122.655987739563,1126.431941986084,20,100,2026-09-07T21:15:40.975500+00:00
kaggle-vllm-m3-allreduce-raw-v1,kaggle-vllm-m3-two-rank-nccl-allreduce-v1,4194304,float16,2,2,19,1120.09596824646,1115.2640581130981,1120.09596824646,20,100,2026-09-07T21:15:40.975500+00:00
kaggle-vllm-m3-allreduce-raw-v1,kaggle-vllm-m3-two-rank-nccl-allreduce-v1,4194304,float16,2,2,20,1117.3759698867798,1125.1840591430664,1125.1840591430664,20,100,2026-09-07T21:15:40.975500+00:00
kaggle-vllm-m3-allreduce-raw-v1,kaggle-vllm-m3-two-rank-nccl-allreduce-v1,4194304,float16,2,2,21,1126.1440515518188,1117.792010307312,1126.1440515518188,20,100,2026-09-07T21:15:40.975500+00:00
kaggle-vllm-m3-allreduce-raw-v1,kaggle-vllm-m3-two-rank-nccl-allreduce-v1,4194304,float16,2,2,22,1114.7520542144775,1114.8159503936768,1114.8159503936768,20,100,2026-09-07T21:15:40.975500+00:00
kaggle-vllm-m3-allreduce-raw-v1,kaggle-vllm-m3-two-rank-nccl-allreduce-v1,4194304,float16,2,2,23,1120.6400394439697,1120.2880144119263,1120.6400394439697,20,100,2026-09-07T21:15:40.975500+00:00
kaggle-vllm-m3-allreduce-raw-v1,kaggle-vllm-m3-two-rank-nccl-allreduce-v1,4194304,float16,2,2,24,1136.3840103149414,1138.6879682540894,1138.6879682540894,20,100,2026-09-07T21:15:40.975500+00:00
kaggle-vllm-m3-allreduce-raw-v1,kaggle-vllm-m3-two-rank-nccl-allreduce-v1,4194304,float16,2,2,25,1135.583996772766,1133.5999965667725,1135.583996772766,20,100,2026-09-07T21:15:40.975500+00:00
kaggle-vllm-m3-allreduce-raw-v1,kaggle-vllm-m3-two-rank-nccl-allreduce-v1,4194304,float16,2,2,26,1110.0159883499146,1114.016056060791,1114.016056060791,20,100,2026-09-07T21:15:40.975500+00:00
kaggle-vllm-m3-allreduce-raw-v1,kaggle-vllm-m3-two-rank-nccl-allreduce-v1,4194304,float16,2,2,27,1121.2480068206787,1141.2160396575928,1141.2160396575928,20,100,2026-09-07T21:15:40.975500+00:00
kaggle-vllm-m3-allreduce-raw-v1,kaggle-vllm-m3-two-rank-nccl-allreduce-v1,4194304,float16,2,2,28,1102.3679971694946,1118.783950805664,1118.783950805664,20,100,2026-09-07T21:15:40.975500+00:00
kaggle-vllm-m3-allreduce-raw-v1,kaggle-vllm-m3-two-rank-nccl-allreduce-v1,4194304,float16,2,2,29,1117.0239448547363,1132.7040195465088,1132.7040195465088,20,100,2026-09-07T21:15:40.975500+00:00
kaggle-vllm-m3-allreduce-raw-v1,kaggle-vllm-m3-two-rank-nccl-allreduce-v1,4194304,float16,2,2,30,1107.9679727554321,1116.096019744873,1116.096019744873,20,100,2026-09-07T21:15:40.975500+00:00
kaggle-vllm-m3-allreduce-raw-v1,kaggle-vllm-m3-two-rank-nccl-allreduce-v1,4194304,float16,2,2,31,1094.9759483337402,1112.064003944397,1112.064003944397,20,100,2026-09-07T21:15:40.975500+00:00
kaggle-vllm-m3-allreduce-raw-v1,kaggle-vllm-m3-two-rank-nccl-allreduce-v1,4194304,float16,2,2,32,1115.9679889678955,1122.0159530639648,1122.0159530639648,20,100,2026-09-07T21:15:40.975500+00:00
kaggle-vllm-m3-allreduce-raw-v1,kaggle-vllm-m3-two-rank-nccl-allreduce-v1,4194304,float16,2,2,33,1123.6159801483154,1130.303978919983,1130.303978919983,20,100,2026-09-07T21:15:40.975500+00:00
kaggle-vllm-m3-allreduce-raw-v1,kaggle-vllm-m3-two-rank-nccl-allreduce-v1,4194304,float16,2,2,34,1104.9280166625977,1112.4160289764404,1112.4160289764404,20,100,2026-09-07T21:15:40.975500+00:00
kaggle-vllm-m3-allreduce-raw-v1,kaggle-vllm-m3-two-rank-nccl-allreduce-v1,4194304,float16,2,2,35,1108.031988143921,1119.2320585250854,1119.2320585250854,20,100,2026-09-07T21:15:40.975500+00:00
kaggle-vllm-m3-allreduce-raw-v1,kaggle-vllm-m3-two-rank-nccl-allreduce-v1,4194304,float16,2,2,36,1107.9360246658325,1120.0319528579712,1120.0319528579712,20,100,2026-09-07T21:15:40.975500+00:00
kaggle-vllm-m3-allreduce-raw-v1,kaggle-vllm-m3-two-rank-nccl-allreduce-v1,4194304,float16,2,2,37,1095.7759618759155,1103.8719415664673,1103.8719415664673,20,100,2026-09-07T21:15:40.975500+00:00
kaggle-vllm-m3-allreduce-raw-v1,kaggle-vllm-m3-two-rank-nccl-allreduce-v1,4194304,float16,2,2,38,1118.2399988174438,1124.384045600891,1124.384045600891,20,100,2026-09-07T21:15:40.975500+00:00
kaggle-vllm-m3-allreduce-raw-v1,kaggle-vllm-m3-two-rank-nccl-allreduce-v1,4194304,float16,2,2,39,1118.4959411621094,1126.08003616333,1126.08003616333,20,100,2026-09-07T21:15:40.975500+00:00
kaggle-vllm-m3-allreduce-raw-v1,kaggle-vllm-m3-two-rank-nccl-allreduce-v1,4194304,float16,2,2,40,1112.0959520339966,1120.2880144119263,1120.2880144119263,20,100,2026-09-07T21:15:40.975500+00:00
kaggle-vllm-m3-allreduce-raw-v1,kaggle-vllm-m3-two-rank-nccl-allreduce-v1,4194304,float16,2,2,41,1131.9040060043335,1141.535997390747,1141.535997390747,20,100,2026-09-07T21:15:40.975500+00:00
kaggle-vllm-m3-allreduce-raw-v1,kaggle-vllm-m3-two-rank-nccl-allreduce-v1,4194304,float16,2,2,42,1106.5599918365479,1116.0000562667847,1116.0000562667847,20,100,2026-09-07T21:15:40.975500+00:00
kaggle-vllm-m3-allreduce-raw-v1,kaggle-vllm-m3-two-rank-nccl-allreduce-v1,4194304,float16,2,2,43,1105.7920455932617,1115.8720254898071,1115.8720254898071,20,100,2026-09-07T21:15:40.975500+00:00
kaggle-vllm-m3-allreduce-raw-v1,kaggle-vllm-m3-two-rank-nccl-allreduce-v1,4194304,float16,2,2,44,1121.5360164642334,1126.528024673462,1126.528024673462,20,100,2026-09-07T21:15:40.975500+00:00
kaggle-vllm-m3-allreduce-raw-v1,kaggle-vllm-m3-two-rank-nccl-allreduce-v1,4194304,float16,2,2,45,1131.6479444503784,1133.471965789795,1133.471965789795,20,100,2026-09-07T21:15:40.975500+00:00
kaggle-vllm-m3-allreduce-raw-v1,kaggle-vllm-m3-two-rank-nccl-allreduce-v1,4194304,float16,2,2,46,1098.912000656128,1112.44797706604,1112.44797706604,20,100,2026-09-07T21:15:40.975500+00:00
kaggle-vllm-m3-allreduce-raw-v1,kaggle-vllm-m3-two-rank-nccl-allreduce-v1,4194304,float16,2,2,47,1111.2639904022217,1123.5840320587158,1123.5840320587158,20,100,2026-09-07T21:15:40.975500+00:00
kaggle-vllm-m3-allreduce-raw-v1,kaggle-vllm-m3-two-rank-nccl-allreduce-v1,4194304,float16,2,2,48,993.0880069732666,1130.079984664917,1130.079984664917,20,100,2026-09-07T21:15:40.975500+00:00
kaggle-vllm-m3-allreduce-raw-v1,kaggle-vllm-m3-two-rank-nccl-allreduce-v1,4194304,float16,2,2,49,1613.53600025177,993.72798204422,1613.53600025177,20,100,2026-09-07T21:15:40.975500+00:00
kaggle-vllm-m3-allreduce-raw-v1,kaggle-vllm-m3-two-rank-nccl-allreduce-v1,4194304,float16,2,2,50,1123.6799955368042,1132.256031036377,1132.256031036377,20,100,2026-09-07T21:15:40.975500+00:00
kaggle-vllm-m3-allreduce-raw-v1,kaggle-vllm-m3-two-rank-nccl-allreduce-v1,4194304,float16,2,2,51,1120.479941368103,1125.3440380096436,1125.3440380096436,20,100,2026-09-07T21:15:40.975500+00:00
kaggle-vllm-m3-allreduce-raw-v1,kaggle-vllm-m3-two-rank-nccl-allreduce-v1,4194304,float16,2,2,52,1124.351978302002,1136.0960006713867,1136.0960006713867,20,100,2026-09-07T21:15:40.975500+00:00
kaggle-vllm-m3-allreduce-raw-v1,kaggle-vllm-m3-two-rank-nccl-allreduce-v1,4194304,float16,2,2,53,1141.7920589447021,1146.880030632019,1146.880030632019,20,100,2026-09-07T21:15:40.975500+00:00
kaggle-vllm-m3-allreduce-raw-v1,kaggle-vllm-m3-two-rank-nccl-allreduce-v1,4194304,float16,2,2,54,1112.0320558547974,1118.399977684021,1118.399977684021,20,100,2026-09-07T21:15:40.975500+00:00
kaggle-vllm-m3-allreduce-raw-v1,kaggle-vllm-m3-two-rank-nccl-allreduce-v1,4194304,float16,2,2,55,1141.0239934921265,1138.3999586105347,1141.0239934921265,20,100,2026-09-07T21:15:40.975500+00:00
kaggle-vllm-m3-allreduce-raw-v1,kaggle-vllm-m3-two-rank-nccl-allreduce-v1,4194304,float16,2,2,56,1110.0480556488037,1118.2399988174438,1118.2399988174438,20,100,2026-09-07T21:15:40.975500+00:00
kaggle-vllm-m3-allreduce-raw-v1,kaggle-vllm-m3-two-rank-nccl-allreduce-v1,4194304,float16,2,2,57,1104.383945465088,1110.975980758667,1110.975980758667,20,100,2026-09-07T21:15:40.975500+00:00
kaggle-vllm-m3-allreduce-raw-v1,kaggle-vllm-m3-two-rank-nccl-allreduce-v1,4194304,float16,2,2,58,1112.064003944397,1124.351978302002,1124.351978302002,20,100,2026-09-07T21:15:40.975500+00:00
kaggle-vllm-m3-allreduce-raw-v1,kaggle-vllm-m3-two-rank-nccl-allreduce-v1,4194304,float16,2,2,59,1118.5599565505981,1131.2639713287354,1131.2639713287354,20,100,2026-09-07T21:15:40.975500+00:00
kaggle-vllm-m3-allreduce-raw-v1,kaggle-vllm-m3-two-rank-nccl-allreduce-v1,4194304,float16,2,2,60,1121.7279434204102,1126.8479824066162,1126.8479824066162,20,100,2026-09-07T21:15:40.975500+00:00
kaggle-vllm-m3-allreduce-raw-v1,kaggle-vllm-m3-two-rank-nccl-allreduce-v1,4194304,float16,2,2,61,1059.3600273132324,1093.7919616699219,1093.7919616699219,20,100,2026-09-07T21:15:40.975500+00:00
kaggle-vllm-m3-allreduce-raw-v1,kaggle-vllm-m3-two-rank-nccl-allreduce-v1,4194304,float16,2,2,62,1142.7839994430542,1169.4079637527466,1169.4079637527466,20,100,2026-09-07T21:15:40.975500+00:00
kaggle-vllm-m3-allreduce-raw-v1,kaggle-vllm-m3-two-rank-nccl-allreduce-v1,4194304,float16,2,2,63,1079.327940940857,1017.8879499435425,1079.327940940857,20,100,2026-09-07T21:15:40.975500+00:00
kaggle-vllm-m3-allreduce-raw-v1,kaggle-vllm-m3-two-rank-nccl-allreduce-v1,4194304,float16,2,2,64,1056.8000078201294,1036.2880229949951,1056.8000078201294,20,100,2026-09-07T21:15:40.975500+00:00
kaggle-vllm-m3-allreduce-raw-v1,kaggle-vllm-m3-two-rank-nccl-allreduce-v1,4194304,float16,2,2,65,1064.96000289917,1042.080044746399,1064.96000289917,20,100,2026-09-07T21:15:40.975500+00:00
kaggle-vllm-m3-allreduce-raw-v1,kaggle-vllm-m3-two-rank-nccl-allreduce-v1,4194304,float16,2,2,66,1066.8799877166748,1070.5599784851074,1070.5599784851074,20,100,2026-09-07T21:15:40.975500+00:00
kaggle-vllm-m3-allreduce-raw-v1,kaggle-vllm-m3-two-rank-nccl-allreduce-v1,4194304,float16,2,2,67,1074.5919942855835,1071.5199708938599,1074.5919942855835,20,100,2026-09-07T21:15:40.975500+00:00
kaggle-vllm-m3-allreduce-raw-v1,kaggle-vllm-m3-two-rank-nccl-allreduce-v1,4194304,float16,2,2,68,1075.2320289611816,1076.4800310134888,1076.4800310134888,20,100,2026-09-07T21:15:40.975500+00:00
kaggle-vllm-m3-allreduce-raw-v1,kaggle-vllm-m3-two-rank-nccl-allreduce-v1,4194304,float16,2,2,69,1063.1680488586426,1063.0719661712646,1063.1680488586426,20,100,2026-09-07T21:15:40.975500+00:00
kaggle-vllm-m3-allreduce-raw-v1,kaggle-vllm-m3-two-rank-nccl-allreduce-v1,4194304,float16,2,2,70,1073.1840133666992,1077.2160291671753,1077.2160291671753,20,100,2026-09-07T21:15:40.975500+00:00
kaggle-vllm-m3-allreduce-raw-v1,kaggle-vllm-m3-two-rank-nccl-allreduce-v1,4194304,float16,2,2,71,1057.8240156173706,1057.8559637069702,1057.8559637069702,20,100,2026-09-07T21:15:40.975500+00:00
kaggle-vllm-m3-allreduce-raw-v1,kaggle-vllm-m3-two-rank-nccl-allreduce-v1,4194304,float16,2,2,72,1076.0960578918457,1087.5200033187866,1087.5200033187866,20,100,2026-09-07T21:15:40.975500+00:00
kaggle-vllm-m3-allreduce-raw-v1,kaggle-vllm-m3-two-rank-nccl-allreduce-v1,4194304,float16,2,2,73,1115.3919696807861,1124.351978302002,1124.351978302002,20,100,2026-09-07T21:15:40.975500+00:00
kaggle-vllm-m3-allreduce-raw-v1,kaggle-vllm-m3-two-rank-nccl-allreduce-v1,4194304,float16,2,2,74,1103.6159992218018,1099.392056465149,1103.6159992218018,20,100,2026-09-07T21:15:40.975500+00:00
kaggle-vllm-m3-allreduce-raw-v1,kaggle-vllm-m3-two-rank-nccl-allreduce-v1,4194304,float16,2,2,75,1121.0240125656128,1115.231990814209,1121.0240125656128,20,100,2026-09-07T21:15:40.975500+00:00
kaggle-vllm-m3-allreduce-raw-v1,kaggle-vllm-m3-two-rank-nccl-allreduce-v1,4194304,float16,2,2,76,1091.5839672088623,1156.1919450759888,1156.1919450759888,20,100,2026-09-07T21:15:40.975500+00:00
kaggle-vllm-m3-allreduce-raw-v1,kaggle-vllm-m3-two-rank-nccl-allreduce-v1,4194304,float16,2,2,77,1115.007996559143,1109.1840267181396,1115.007996559143,20,100,2026-09-07T21:15:40.975500+00:00
kaggle-vllm-m3-allreduce-raw-v1,kaggle-vllm-m3-two-rank-nccl-allreduce-v1,4194304,float16,2,2,78,1122.5600242614746,1105.5680513381958,1122.5600242614746,20,100,2026-09-07T21:15:40.975500+00:00
kaggle-vllm-m3-allreduce-raw-v1,kaggle-vllm-m3-two-rank-nccl-allreduce-v1,4194304,float16,2,2,79,1111.6160154342651,1103.8719415664673,1111.6160154342651,20,100,2026-09-07T21:15:40.975500+00:00
kaggle-vllm-m3-allreduce-raw-v1,kaggle-vllm-m3-two-rank-nccl-allreduce-v1,4194304,float16,2,2,80,1157.1520566940308,1146.3680267333984,1157.1520566940308,20,100,2026-09-07T21:15:40.975500+00:00
kaggle-vllm-m3-allreduce-raw-v1,kaggle-vllm-m3-two-rank-nccl-allreduce-v1,4194304,float16,2,2,81,1111.6479635238647,1107.6480150222778,1111.6479635238647,20,100,2026-09-07T21:15:40.975500+00:00
kaggle-vllm-m3-allreduce-raw-v1,kaggle-vllm-m3-two-rank-nccl-allreduce-v1,4194304,float16,2,2,82,1108.0000400543213,1102.5279760360718,1108.0000400543213,20,100,2026-09-07T21:15:40.975500+00:00
kaggle-vllm-m3-allreduce-raw-v1,kaggle-vllm-m3-two-rank-nccl-allreduce-v1,4194304,float16,2,2,83,1071.1359977722168,1088.320016860962,1088.320016860962,20,100,2026-09-07T21:15:40.975500+00:00
kaggle-vllm-m3-allreduce-raw-v1,kaggle-vllm-m3-two-rank-nccl-allreduce-v1,4194304,float16,2,2,84,1113.8559579849243,1110.0159883499146,1113.8559579849243,20,100,2026-09-07T21:15:40.975500+00:00
kaggle-vllm-m3-allreduce-raw-v1,kaggle-vllm-m3-two-rank-nccl-allreduce-v1,4194304,float16,2,2,85,1122.8159666061401,1113.9839887619019,1122.8159666061401,20,100,2026-09-07T21:15:40.975500+00:00
kaggle-vllm-m3-allreduce-raw-v1,kaggle-vllm-m3-two-rank-nccl-allreduce-v1,4194304,float16,2,2,86,1089.5359516143799,1091.3280248641968,1091.3280248641968,20,100,2026-09-07T21:15:40.975500+00:00
kaggle-vllm-m3-allreduce-raw-v1,kaggle-vllm-m3-two-rank-nccl-allreduce-v1,4194304,float16,2,2,87,1079.0719985961914,1047.3920106887817,1079.0719985961914,20,100,2026-09-07T21:15:40.975500+00:00
kaggle-vllm-m3-allreduce-raw-v1,kaggle-vllm-m3-two-rank-nccl-allreduce-v1,4194304,float16,2,2,88,1077.0879983901978,1032.1919918060303,1077.0879983901978,20,100,2026-09-07T21:15:40.975500+00:00
kaggle-vllm-m3-allreduce-raw-v1,kaggle-vllm-m3-two-rank-nccl-allreduce-v1,4194304,float16,2,2,89,1074.7519731521606,1062.9119873046875,1074.7519731521606,20,100,2026-09-07T21:15:40.975500+00:00
kaggle-vllm-m3-allreduce-raw-v1,kaggle-vllm-m3-two-rank-nccl-allreduce-v1,4194304,float16,2,2,90,1072.991967201233,1060.4480504989624,1072.991967201233,20,100,2026-09-07T21:15:40.975500+00:00
kaggle-vllm-m3-allreduce-raw-v1,kaggle-vllm-m3-two-rank-nccl-allreduce-v1,4194304,float16,2,2,91,1079.6159505844116,1066.7840242385864,1079.6159505844116,20,100,2026-09-07T21:15:40.975500+00:00
kaggle-vllm-m3-allreduce-raw-v1,kaggle-vllm-m3-two-rank-nccl-allreduce-v1,4194304,float16,2,2,92,1079.584002494812,1066.8480396270752,1079.584002494812,20,100,2026-09-07T21:15:40.975500+00:00
kaggle-vllm-m3-allreduce-raw-v1,kaggle-vllm-m3-two-rank-nccl-allreduce-v1,4194304,float16,2,2,93,1086.4319801330566,1064.5439624786377,1086.4319801330566,20,100,2026-09-07T21:15:40.975500+00:00
kaggle-vllm-m3-allreduce-raw-v1,kaggle-vllm-m3-two-rank-nccl-allreduce-v1,4194304,float16,2,2,94,1130.7519674301147,1120.255947113037,1130.7519674301147,20,100,2026-09-07T21:15:40.975500+00:00
kaggle-vllm-m3-allreduce-raw-v1,kaggle-vllm-m3-two-rank-nccl-allreduce-v1,4194304,float16,2,2,95,1077.4719715118408,1051.2319803237915,1077.4719715118408,20,100,2026-09-07T21:15:40.975500+00:00
kaggle-vllm-m3-allreduce-raw-v1,kaggle-vllm-m3-two-rank-nccl-allreduce-v1,4194304,float16,2,2,96,1081.6320180892944,1044.2240238189697,1081.6320180892944,20,100,2026-09-07T21:15:40.975500+00:00
kaggle-vllm-m3-allreduce-raw-v1,kaggle-vllm-m3-two-rank-nccl-allreduce-v1,4194304,float16,2,2,97,1096.2239503860474,1064.9919509887695,1096.2239503860474,20,100,2026-09-07T21:15:40.975500+00:00
kaggle-vllm-m3-allreduce-raw-v1,kaggle-vllm-m3-two-rank-nccl-allreduce-v1,4194304,float16,2,2,98,1153.0239582061768,1133.3119869232178,1153.0239582061768,20,100,2026-09-07T21:15:40.975500+00:00
kaggle-vllm-m3-allreduce-raw-v1,kaggle-vllm-m3-two-rank-nccl-allreduce-v1,4194304,float16,2,2,99,1087.0720148086548,1071.1040496826172,1087.0720148086548,20,100,2026-09-07T21:15:40.975500+00:00
kaggle-vllm-m3-allreduce-raw-v1,kaggle-vllm-m3-two-rank-nccl-allreduce-v1,16777216,float16,2,2,0,4255.775928497314,4242.656230926514,4255.775928497314,20,100,2026-09-07T21:15:41.520781+00:00
kaggle-vllm-m3-allreduce-raw-v1,kaggle-vllm-m3-two-rank-nccl-allreduce-v1,16777216,float16,2,2,1,4169.824123382568,4188.159942626953,4188.159942626953,20,100,2026-09-07T21:15:41.520781+00:00
kaggle-vllm-m3-allreduce-raw-v1,kaggle-vllm-m3-two-rank-nccl-allreduce-v1,16777216,float16,2,2,2,4155.392169952393,4191.648006439209,4191.648006439209,20,100,2026-09-07T21:15:41.520781+00:00
kaggle-vllm-m3-allreduce-raw-v1,kaggle-vllm-m3-two-rank-nccl-allreduce-v1,16777216,float16,2,2,3,4204.5440673828125,4201.1518478393555,4204.5440673828125,20,100,2026-09-07T21:15:41.520781+00:00
kaggle-vllm-m3-allreduce-raw-v1,kaggle-vllm-m3-two-rank-nccl-allreduce-v1,16777216,float16,2,2,4,4199.20015335083,4214.784145355225,4214.784145355225,20,100,2026-09-07T21:15:41.520781+00:00
kaggle-vllm-m3-allreduce-raw-v1,kaggle-vllm-m3-two-rank-nccl-allreduce-v1,16777216,float16,2,2,5,4196.352005004883,4199.423789978027,4199.423789978027,20,100,2026-09-07T21:15:41.520781+00:00
kaggle-vllm-m3-allreduce-raw-v1,kaggle-vllm-m3-two-rank-nccl-allreduce-v1,16777216,float16,2,2,6,4211.487770080566,4213.376045227051,4213.376045227051,20,100,2026-09-07T21:15:41.520781+00:00
kaggle-vllm-m3-allreduce-raw-v1,kaggle-vllm-m3-two-rank-nccl-allreduce-v1,16777216,float16,2,2,7,4184.2241287231445,4175.871849060059,4184.2241287231445,20,100,2026-09-07T21:15:41.520781+00:00
kaggle-vllm-m3-allreduce-raw-v1,kaggle-vllm-m3-two-rank-nccl-allreduce-v1,16777216,float16,2,2,8,4246.111869812012,4213.40799331665,4246.111869812012,20,100,2026-09-07T21:15:41.520781+00:00
kaggle-vllm-m3-allreduce-raw-v1,kaggle-vllm-m3-two-rank-nccl-allreduce-v1,16777216,float16,2,2,9,4201.824188232422,4195.4240798950195,4201.824188232422,20,100,2026-09-07T21:15:41.520781+00:00
kaggle-vllm-m3-allreduce-raw-v1,kaggle-vllm-m3-two-rank-nccl-allreduce-v1,16777216,float16,2,2,10,4187.424182891846,4183.648109436035,4187.424182891846,20,100,2026-09-07T21:15:41.520781+00:00
kaggle-vllm-m3-allreduce-raw-v1,kaggle-vllm-m3-two-rank-nccl-allreduce-v1,16777216,float16,2,2,11,4192.831993103027,4188.159942626953,4192.831993103027,20,100,2026-09-07T21:15:41.520781+00:00
kaggle-vllm-m3-allreduce-raw-v1,kaggle-vllm-m3-two-rank-nccl-allreduce-v1,16777216,float16,2,2,12,4174.304008483887,4161.53621673584,4174.304008483887,20,100,2026-09-07T21:15:41.520781+00:00
kaggle-vllm-m3-allreduce-raw-v1,kaggle-vllm-m3-two-rank-nccl-allreduce-v1,16777216,float16,2,2,13,4214.975833892822,4207.615852355957,4214.975833892822,20,100,2026-09-07T21:15:41.520781+00:00
kaggle-vllm-m3-allreduce-raw-v1,kaggle-vllm-m3-two-rank-nccl-allreduce-v1,16777216,float16,2,2,14,4177.375793457031,4184.063911437988,4184.063911437988,20,100,2026-09-07T21:15:41.520781+00:00
kaggle-vllm-m3-allreduce-raw-v1,kaggle-vllm-m3-two-rank-nccl-allreduce-v1,16777216,float16,2,2,15,4193.855762481689,4194.3039894104,4194.3039894104,20,100,2026-09-07T21:15:41.520781+00:00
kaggle-vllm-m3-allreduce-raw-v1,kaggle-vllm-m3-two-rank-nccl-allreduce-v1,16777216,float16,2,2,16,4222.976207733154,4231.167793273926,4231.167793273926,20,100,2026-09-07T21:15:41.520781+00:00
kaggle-vllm-m3-allreduce-raw-v1,kaggle-vllm-m3-two-rank-nccl-allreduce-v1,16777216,float16,2,2,17,4209.695816040039,4202.688217163086,4209.695816040039,20,100,2026-09-07T21:15:41.520781+00:00
kaggle-vllm-m3-allreduce-raw-v1,kaggle-vllm-m3-two-rank-nccl-allreduce-v1,16777216,float16,2,2,18,4229.0239334106445,4229.055881500244,4229.055881500244,20,100,2026-09-07T21:15:41.520781+00:00
kaggle-vllm-m3-allreduce-raw-v1,kaggle-vllm-m3-two-rank-nccl-allreduce-v1,16777216,float16,2,2,19,4168.831825256348,4173.823833465576,4173.823833465576,20,100,2026-09-07T21:15:41.520781+00:00
kaggle-vllm-m3-allreduce-raw-v1,kaggle-vllm-m3-two-rank-nccl-allreduce-v1,16777216,float16,2,2,20,4207.104206085205,4199.679851531982,4207.104206085205,20,100,2026-09-07T21:15:41.520781+00:00
kaggle-vllm-m3-allreduce-raw-v1,kaggle-vllm-m3-two-rank-nccl-allreduce-v1,16777216,float16,2,2,21,4230.9441566467285,4225.024223327637,4230.9441566467285,20,100,2026-09-07T21:15:41.520781+00:00
kaggle-vllm-m3-allreduce-raw-v1,kaggle-vllm-m3-two-rank-nccl-allreduce-v1,16777216,float16,2,2,22,4195.680141448975,4182.015895843506,4195.680141448975,20,100,2026-09-07T21:15:41.520781+00:00
kaggle-vllm-m3-allreduce-raw-v1,kaggle-vllm-m3-two-rank-nccl-allreduce-v1,16777216,float16,2,2,23,4216.256141662598,4206.751823425293,4216.256141662598,20,100,2026-09-07T21:15:41.520781+00:00
kaggle-vllm-m3-allreduce-raw-v1,kaggle-vllm-m3-two-rank-nccl-allreduce-v1,16777216,float16,2,2,24,4243.45588684082,4243.45588684082,4243.45588684082,20,100,2026-09-07T21:15:41.520781+00:00
kaggle-vllm-m3-allreduce-raw-v1,kaggle-vllm-m3-two-rank-nccl-allreduce-v1,16777216,float16,2,2,25,4230.815887451172,4240.575790405273,4240.575790405273,20,100,2026-09-07T21:15:41.520781+00:00
kaggle-vllm-m3-allreduce-raw-v1,kaggle-vllm-m3-two-rank-nccl-allreduce-v1,16777216,float16,2,2,26,4204.5440673828125,4196.352005004883,4204.5440673828125,20,100,2026-09-07T21:15:41.520781+00:00
kaggle-vllm-m3-allreduce-raw-v1,kaggle-vllm-m3-two-rank-nccl-allreduce-v1,16777216,float16,2,2,27,4219.776153564453,4209.1522216796875,4219.776153564453,20,100,2026-09-07T21:15:41.520781+00:00
kaggle-vllm-m3-allreduce-raw-v1,kaggle-vllm-m3-two-rank-nccl-allreduce-v1,16777216,float16,2,2,28,4194.816112518311,4190.911769866943,4194.816112518311,20,100,2026-09-07T21:15:41.520781+00:00
kaggle-vllm-m3-allreduce-raw-v1,kaggle-vllm-m3-two-rank-nccl-allreduce-v1,16777216,float16,2,2,29,4216.639995574951,4205.215930938721,4216.639995574951,20,100,2026-09-07T21:15:41.520781+00:00
kaggle-vllm-m3-allreduce-raw-v1,kaggle-vllm-m3-two-rank-nccl-allreduce-v1,16777216,float16,2,2,30,4135.200023651123,4154.975891113281,4154.975891113281,20,100,2026-09-07T21:15:41.520781+00:00
kaggle-vllm-m3-allreduce-raw-v1,kaggle-vllm-m3-two-rank-nccl-allreduce-v1,16777216,float16,2,2,31,4201.568126678467,4214.848041534424,4214.848041534424,20,100,2026-09-07T21:15:41.520781+00:00
kaggle-vllm-m3-allreduce-raw-v1,kaggle-vllm-m3-two-rank-nccl-allreduce-v1,16777216,float16,2,2,32,4221.280097961426,4214.784145355225,4221.280097961426,20,100,2026-09-07T21:15:41.520781+00:00
kaggle-vllm-m3-allreduce-raw-v1,kaggle-vllm-m3-two-rank-nccl-allreduce-v1,16777216,float16,2,2,33,4218.880176544189,4210.68811416626,4218.880176544189,20,100,2026-09-07T21:15:41.520781+00:00
kaggle-vllm-m3-allreduce-raw-v1,kaggle-vllm-m3-two-rank-nccl-allreduce-v1,16777216,float16,2,2,34,4185.919761657715,4149.759769439697,4185.919761657715,20,100,2026-09-07T21:15:41.520781+00:00
kaggle-vllm-m3-allreduce-raw-v1,kaggle-vllm-m3-two-rank-nccl-allreduce-v1,16777216,float16,2,2,35,4220.992088317871,4216.832160949707,4220.992088317871,20,100,2026-09-07T21:15:41.520781+00:00
kaggle-vllm-m3-allreduce-raw-v1,kaggle-vllm-m3-two-rank-nccl-allreduce-v1,16777216,float16,2,2,36,4163.584232330322,4134.912014007568,4163.584232330322,20,100,2026-09-07T21:15:41.520781+00:00
kaggle-vllm-m3-allreduce-raw-v1,kaggle-vllm-m3-two-rank-nccl-allreduce-v1,16777216,float16,2,2,37,4214.816093444824,4212.831974029541,4214.816093444824,20,100,2026-09-07T21:15:41.520781+00:00
kaggle-vllm-m3-allreduce-raw-v1,kaggle-vllm-m3-two-rank-nccl-allreduce-v1,16777216,float16,2,2,38,4015.872001647949,4038.656234741211,4038.656234741211,20,100,2026-09-07T21:15:41.520781+00:00
kaggle-vllm-m3-allreduce-raw-v1,kaggle-vllm-m3-two-rank-nccl-allreduce-v1,16777216,float16,2,2,39,4067.3279762268066,4101.856231689453,4101.856231689453,20,100,2026-09-07T21:15:41.520781+00:00
kaggle-vllm-m3-allreduce-raw-v1,kaggle-vllm-m3-two-rank-nccl-allreduce-v1,16777216,float16,2,2,40,4088.92822265625,4106.239795684814,4106.239795684814,20,100,2026-09-07T21:15:41.520781+00:00
kaggle-vllm-m3-allreduce-raw-v1,kaggle-vllm-m3-two-rank-nccl-allreduce-v1,16777216,float16,2,2,41,4029.183864593506,4057.407855987549,4057.407855987549,20,100,2026-09-07T21:15:41.520781+00:00
kaggle-vllm-m3-allreduce-raw-v1,kaggle-vllm-m3-two-rank-nccl-allreduce-v1,16777216,float16,2,2,42,4199.999809265137,4219.615936279297,4219.615936279297,20,100,2026-09-07T21:15:41.520781+00:00
kaggle-vllm-m3-allreduce-raw-v1,kaggle-vllm-m3-two-rank-nccl-allreduce-v1,16777216,float16,2,2,43,4158.688068389893,4194.528102874756,4194.528102874756,20,100,2026-09-07T21:15:41.520781+00:00
kaggle-vllm-m3-allreduce-raw-v1,kaggle-vllm-m3-two-rank-nccl-allreduce-v1,16777216,float16,2,2,44,4043.0397987365723,4075.5200386047363,4075.5200386047363,20,100,2026-09-07T21:15:41.520781+00:00
kaggle-vllm-m3-allreduce-raw-v1,kaggle-vllm-m3-two-rank-nccl-allreduce-v1,16777216,float16,2,2,45,4087.0718955993652,4128.575801849365,4128.575801849365,20,100,2026-09-07T21:15:41.520781+00:00
kaggle-vllm-m3-allreduce-raw-v1,kaggle-vllm-m3-two-rank-nccl-allreduce-v1,16777216,float16,2,2,46,4116.352081298828,4135.519981384277,4135.519981384277,20,100,2026-09-07T21:15:41.520781+00:00
kaggle-vllm-m3-allreduce-raw-v1,kaggle-vllm-m3-two-rank-nccl-allreduce-v1,16777216,float16,2,2,47,4147.168159484863,4179.967880249023,4179.967880249023,20,100,2026-09-07T21:15:41.520781+00:00
kaggle-vllm-m3-allreduce-raw-v1,kaggle-vllm-m3-two-rank-nccl-allreduce-v1,16777216,float16,2,2,48,4091.872215270996,4125.887870788574,4125.887870788574,20,100,2026-09-07T21:15:41.520781+00:00
kaggle-vllm-m3-allreduce-raw-v1,kaggle-vllm-m3-two-rank-nccl-allreduce-v1,16777216,float16,2,2,49,4098.30379486084,4146.815776824951,4146.815776824951,20,100,2026-09-07T21:15:41.520781+00:00
kaggle-vllm-m3-allreduce-raw-v1,kaggle-vllm-m3-two-rank-nccl-allreduce-v1,16777216,float16,2,2,50,4233.024120330811,4241.21618270874,4241.21618270874,20,100,2026-09-07T21:15:41.520781+00:00
kaggle-vllm-m3-allreduce-raw-v1,kaggle-vllm-m3-two-rank-nccl-allreduce-v1,16777216,float16,2,2,51,4210.68811416626,4200.704097747803,4210.68811416626,20,100,2026-09-07T21:15:41.520781+00:00
kaggle-vllm-m3-allreduce-raw-v1,kaggle-vllm-m3-two-rank-nccl-allreduce-v1,16777216,float16,2,2,52,4202.400207519531,4210.65616607666,4210.65616607666,20,100,2026-09-07T21:15:41.520781+00:00
kaggle-vllm-m3-allreduce-raw-v1,kaggle-vllm-m3-two-rank-nccl-allreduce-v1,16777216,float16,2,2,53,4249.599933624268,4237.311840057373,4249.599933624268,20,100,2026-09-07T21:15:41.520781+00:00
kaggle-vllm-m3-allreduce-raw-v1,kaggle-vllm-m3-two-rank-nccl-allreduce-v1,16777216,float16,2,2,54,4231.167793273926,4218.880176544189,4231.167793273926,20,100,2026-09-07T21:15:41.520781+00:00
kaggle-vllm-m3-allreduce-raw-v1,kaggle-vllm-m3-two-rank-nccl-allreduce-v1,16777216,float16,2,2,55,4204.5440673828125,4191.0400390625,4204.5440673828125,20,100,2026-09-07T21:15:41.520781+00:00
kaggle-vllm-m3-allreduce-raw-v1,kaggle-vllm-m3-two-rank-nccl-allreduce-v1,16777216,float16,2,2,56,4211.296081542969,4197.8559494018555,4211.296081542969,20,100,2026-09-07T21:15:41.520781+00:00
kaggle-vllm-m3-allreduce-raw-v1,kaggle-vllm-m3-two-rank-nccl-allreduce-v1,16777216,float16,2,2,57,4214.719772338867,4207.359790802002,4214.719772338867,20,100,2026-09-07T21:15:41.520781+00:00
kaggle-vllm-m3-allreduce-raw-v1,kaggle-vllm-m3-two-rank-nccl-allreduce-v1,16777216,float16,2,2,58,4210.68811416626,4204.5440673828125,4210.68811416626,20,100,2026-09-07T21:15:41.520781+00:00
kaggle-vllm-m3-allreduce-raw-v1,kaggle-vllm-m3-two-rank-nccl-allreduce-v1,16777216,float16,2,2,59,4197.887897491455,4198.400020599365,4198.400020599365,20,100,2026-09-07T21:15:41.520781+00:00
kaggle-vllm-m3-allreduce-raw-v1,kaggle-vllm-m3-two-rank-nccl-allreduce-v1,16777216,float16,2,2,60,4220.928192138672,4227.136135101318,4227.136135101318,20,100,2026-09-07T21:15:41.520781+00:00
kaggle-vllm-m3-allreduce-raw-v1,kaggle-vllm-m3-two-rank-nccl-allreduce-v1,16777216,float16,2,2,61,4189.216136932373,4194.3039894104,4194.3039894104,20,100,2026-09-07T21:15:41.520781+00:00
kaggle-vllm-m3-allreduce-raw-v1,kaggle-vllm-m3-two-rank-nccl-allreduce-v1,16777216,float16,2,2,62,4212.736129760742,4204.383850097656,4212.736129760742,20,100,2026-09-07T21:15:41.520781+00:00
kaggle-vllm-m3-allreduce-raw-v1,kaggle-vllm-m3-two-rank-nccl-allreduce-v1,16777216,float16,2,2,63,4143.295764923096,4110.335826873779,4143.295764923096,20,100,2026-09-07T21:15:41.520781+00:00
kaggle-vllm-m3-allreduce-raw-v1,kaggle-vllm-m3-two-rank-nccl-allreduce-v1,16777216,float16,2,2,64,4187.424182891846,4179.776191711426,4187.424182891846,20,100,2026-09-07T21:15:41.520781+00:00
kaggle-vllm-m3-allreduce-raw-v1,kaggle-vllm-m3-two-rank-nccl-allreduce-v1,16777216,float16,2,2,65,4187.839984893799,4181.248188018799,4187.839984893799,20,100,2026-09-07T21:15:41.520781+00:00
kaggle-vllm-m3-allreduce-raw-v1,kaggle-vllm-m3-two-rank-nccl-allreduce-v1,16777216,float16,2,2,66,4199.039936065674,4192.927837371826,4199.039936065674,20,100,2026-09-07T21:15:41.520781+00:00
kaggle-vllm-m3-allreduce-raw-v1,kaggle-vllm-m3-two-rank-nccl-allreduce-v1,16777216,float16,2,2,67,4202.079772949219,4190.207958221436,4202.079772949219,20,100,2026-09-07T21:15:41.520781+00:00
kaggle-vllm-m3-allreduce-raw-v1,kaggle-vllm-m3-two-rank-nccl-allreduce-v1,16777216,float16,2,2,68,4201.375961303711,4191.296100616455,4201.375961303711,20,100,2026-09-07T21:15:41.520781+00:00
kaggle-vllm-m3-allreduce-raw-v1,kaggle-vllm-m3-two-rank-nccl-allreduce-v1,16777216,float16,2,2,69,4216.76778793335,4195.712089538574,4216.76778793335,20,100,2026-09-07T21:15:41.520781+00:00
kaggle-vllm-m3-allreduce-raw-v1,kaggle-vllm-m3-two-rank-nccl-allreduce-v1,16777216,float16,2,2,70,4231.103897094727,4237.311840057373,4237.311840057373,20,100,2026-09-07T21:15:41.520781+00:00
kaggle-vllm-m3-allreduce-raw-v1,kaggle-vllm-m3-two-rank-nccl-allreduce-v1,16777216,float16,2,2,71,4216.479778289795,4223.487854003906,4223.487854003906,20,100,2026-09-07T21:15:41.520781+00:00
kaggle-vllm-m3-allreduce-raw-v1,kaggle-vllm-m3-two-rank-nccl-allreduce-v1,16777216,float16,2,2,72,4221.439838409424,4218.880176544189,4221.439838409424,20,100,2026-09-07T21:15:41.520781+00:00
kaggle-vllm-m3-allreduce-raw-v1,kaggle-vllm-m3-two-rank-nccl-allreduce-v1,16777216,float16,2,2,73,4207.2319984436035,4191.359996795654,4207.2319984436035,20,100,2026-09-07T21:15:41.520781+00:00
kaggle-vllm-m3-allreduce-raw-v1,kaggle-vllm-m3-two-rank-nccl-allreduce-v1,16777216,float16,2,2,74,4186.944007873535,4181.312084197998,4186.944007873535,20,100,2026-09-07T21:15:41.520781+00:00
kaggle-vllm-m3-allreduce-raw-v1,kaggle-vllm-m3-two-rank-nccl-allreduce-v1,16777216,float16,2,2,75,4216.864109039307,4215.904235839844,4216.864109039307,20,100,2026-09-07T21:15:41.520781+00:00
kaggle-vllm-m3-allreduce-raw-v1,kaggle-vllm-m3-two-rank-nccl-allreduce-v1,16777216,float16,2,2,76,4194.3039894104,4184.031963348389,4194.3039894104,20,100,2026-09-07T21:15:41.520781+00:00
kaggle-vllm-m3-allreduce-raw-v1,kaggle-vllm-m3-two-rank-nccl-allreduce-v1,16777216,float16,2,2,77,4226.208209991455,4220.57580947876,4226.208209991455,20,100,2026-09-07T21:15:41.520781+00:00
kaggle-vllm-m3-allreduce-raw-v1,kaggle-vllm-m3-two-rank-nccl-allreduce-v1,16777216,float16,2,2,78,4225.024223327637,4224.512100219727,4225.024223327637,20,100,2026-09-07T21:15:41.520781+00:00
kaggle-vllm-m3-allreduce-raw-v1,kaggle-vllm-m3-two-rank-nccl-allreduce-v1,16777216,float16,2,2,79,4232.863903045654,4246.528148651123,4246.528148651123,20,100,2026-09-07T21:15:41.520781+00:00
kaggle-vllm-m3-allreduce-raw-v1,kaggle-vllm-m3-two-rank-nccl-allreduce-v1,16777216,float16,2,2,80,4194.240093231201,4172.512054443359,4194.240093231201,20,100,2026-09-07T21:15:41.520781+00:00
kaggle-vllm-m3-allreduce-raw-v1,kaggle-vllm-m3-two-rank-nccl-allreduce-v1,16777216,float16,2,2,81,4205.183982849121,4193.984031677246,4205.183982849121,20,100,2026-09-07T21:15:41.520781+00:00
kaggle-vllm-m3-allreduce-raw-v1,kaggle-vllm-m3-two-rank-nccl-allreduce-v1,16777216,float16,2,2,82,4207.456111907959,4223.423957824707,4223.423957824707,20,100,2026-09-07T21:15:41.520781+00:00
kaggle-vllm-m3-allreduce-raw-v1,kaggle-vllm-m3-two-rank-nccl-allreduce-v1,16777216,float16,2,2,83,4197.8559494018555,4184.063911437988,4197.8559494018555,20,100,2026-09-07T21:15:41.520781+00:00
kaggle-vllm-m3-allreduce-raw-v1,kaggle-vllm-m3-two-rank-nccl-allreduce-v1,16777216,float16,2,2,84,4214.784145355225,4205.376148223877,4214.784145355225,20,100,2026-09-07T21:15:41.520781+00:00
kaggle-vllm-m3-allreduce-raw-v1,kaggle-vllm-m3-two-rank-nccl-allreduce-v1,16777216,float16,2,2,85,4188.096046447754,4174.111843109131,4188.096046447754,20,100,2026-09-07T21:15:41.520781+00:00
kaggle-vllm-m3-allreduce-raw-v1,kaggle-vllm-m3-two-rank-nccl-allreduce-v1,16777216,float16,2,2,86,4200.448036193848,4194.1118240356445,4200.448036193848,20,100,2026-09-07T21:15:41.520781+00:00
kaggle-vllm-m3-allreduce-raw-v1,kaggle-vllm-m3-two-rank-nccl-allreduce-v1,16777216,float16,2,2,87,4203.264236450195,4192.224025726318,4203.264236450195,20,100,2026-09-07T21:15:41.520781+00:00
kaggle-vllm-m3-allreduce-raw-v1,kaggle-vllm-m3-two-rank-nccl-allreduce-v1,16777216,float16,2,2,88,4187.039852142334,4175.871849060059,4187.039852142334,20,100,2026-09-07T21:15:41.520781+00:00
kaggle-vllm-m3-allreduce-raw-v1,kaggle-vllm-m3-two-rank-nccl-allreduce-v1,16777216,float16,2,2,89,4200.128078460693,4186.944007873535,4200.128078460693,20,100,2026-09-07T21:15:41.520781+00:00
kaggle-vllm-m3-allreduce-raw-v1,kaggle-vllm-m3-two-rank-nccl-allreduce-v1,16777216,float16,2,2,90,4257.664203643799,4243.9680099487305,4257.664203643799,20,100,2026-09-07T21:15:41.520781+00:00
kaggle-vllm-m3-allreduce-raw-v1,kaggle-vllm-m3-two-rank-nccl-allreduce-v1,16777216,float16,2,2,91,4240.479946136475,4237.311840057373,4240.479946136475,20,100,2026-09-07T21:15:41.520781+00:00
kaggle-vllm-m3-allreduce-raw-v1,kaggle-vllm-m3-two-rank-nccl-allreduce-v1,16777216,float16,2,2,92,4221.920013427734,4207.39221572876,4221.920013427734,20,100,2026-09-07T21:15:41.520781+00:00
kaggle-vllm-m3-allreduce-raw-v1,kaggle-vllm-m3-two-rank-nccl-allreduce-v1,16777216,float16,2,2,93,4196.352005004883,4186.0480308532715,4196.352005004883,20,100,2026-09-07T21:15:41.520781+00:00
kaggle-vllm-m3-allreduce-raw-v1,kaggle-vllm-m3-two-rank-nccl-allreduce-v1,16777216,float16,2,2,94,4182.015895843506,4171.775817871094,4182.015895843506,20,100,2026-09-07T21:15:41.520781+00:00
kaggle-vllm-m3-allreduce-raw-v1,kaggle-vllm-m3-two-rank-nccl-allreduce-v1,16777216,float16,2,2,95,4194.015979766846,4182.87992477417,4194.015979766846,20,100,2026-09-07T21:15:41.520781+00:00
kaggle-vllm-m3-allreduce-raw-v1,kaggle-vllm-m3-two-rank-nccl-allreduce-v1,16777216,float16,2,2,96,4197.184085845947,4186.111927032471,4197.184085845947,20,100,2026-09-07T21:15:41.520781+00:00
kaggle-vllm-m3-allreduce-raw-v1,kaggle-vllm-m3-two-rank-nccl-allreduce-v1,16777216,float16,2,2,97,4227.295875549316,4236.192226409912,4236.192226409912,20,100,2026-09-07T21:15:41.520781+00:00
kaggle-vllm-m3-allreduce-raw-v1,kaggle-vllm-m3-two-rank-nccl-allreduce-v1,16777216,float16,2,2,98,4214.176177978516,4210.68811416626,4214.176177978516,20,100,2026-09-07T21:15:41.520781+00:00
kaggle-vllm-m3-allreduce-raw-v1,kaggle-vllm-m3-two-rank-nccl-allreduce-v1,16777216,float16,2,2,99,4196.352005004883,4186.079978942871,4196.352005004883,20,100,2026-09-07T21:15:41.520781+00:00
kaggle-vllm-m3-allreduce-raw-v1,kaggle-vllm-m3-two-rank-nccl-allreduce-v1,33554432,float16,2,2,0,8238.656044006348,8237.855911254883,8238.656044006348,20,100,2026-09-07T21:15:42.570609+00:00
kaggle-vllm-m3-allreduce-raw-v1,kaggle-vllm-m3-two-rank-nccl-allreduce-v1,33554432,float16,2,2,1,8356.096267700195,8371.904373168945,8371.904373168945,20,100,2026-09-07T21:15:42.570609+00:00
kaggle-vllm-m3-allreduce-raw-v1,kaggle-vllm-m3-two-rank-nccl-allreduce-v1,33554432,float16,2,2,2,8309.120178222656,8324.480056762695,8324.480056762695,20,100,2026-09-07T21:15:42.570609+00:00
kaggle-vllm-m3-allreduce-raw-v1,kaggle-vllm-m3-two-rank-nccl-allreduce-v1,33554432,float16,2,2,3,8361.760139465332,8347.647666931152,8361.760139465332,20,100,2026-09-07T21:15:42.570609+00:00
kaggle-vllm-m3-allreduce-raw-v1,kaggle-vllm-m3-two-rank-nccl-allreduce-v1,33554432,float16,2,2,4,8399.295806884766,8388.15975189209,8399.295806884766,20,100,2026-09-07T21:15:42.570609+00:00
kaggle-vllm-m3-allreduce-raw-v1,kaggle-vllm-m3-two-rank-nccl-allreduce-v1,33554432,float16,2,2,5,8364.031791687012,8362.560272216797,8364.031791687012,20,100,2026-09-07T21:15:42.570609+00:00
kaggle-vllm-m3-allreduce-raw-v1,kaggle-vllm-m3-two-rank-nccl-allreduce-v1,33554432,float16,2,2,6,8392.800331115723,8381.152153015137,8392.800331115723,20,100,2026-09-07T21:15:42.570609+00:00
kaggle-vllm-m3-allreduce-raw-v1,kaggle-vllm-m3-two-rank-nccl-allreduce-v1,33554432,float16,2,2,7,8332.127571105957,8337.504386901855,8337.504386901855,20,100,2026-09-07T21:15:42.570609+00:00
kaggle-vllm-m3-allreduce-raw-v1,kaggle-vllm-m3-two-rank-nccl-allreduce-v1,33554432,float16,2,2,8,8341.504096984863,8304.63981628418,8341.504096984863,20,100,2026-09-07T21:15:42.570609+00:00
kaggle-vllm-m3-allreduce-raw-v1,kaggle-vllm-m3-two-rank-nccl-allreduce-v1,33554432,float16,2,2,9,8365.568161010742,8355.999946594238,8365.568161010742,20,100,2026-09-07T21:15:42.570609+00:00
kaggle-vllm-m3-allreduce-raw-v1,kaggle-vllm-m3-two-rank-nccl-allreduce-v1,33554432,float16,2,2,10,8314.36824798584,8336.128234863281,8336.128234863281,20,100,2026-09-07T21:15:42.570609+00:00
kaggle-vllm-m3-allreduce-raw-v1,kaggle-vllm-m3-two-rank-nccl-allreduce-v1,33554432,float16,2,2,11,8355.008125305176,8342.975616455078,8355.008125305176,20,100,2026-09-07T21:15:42.570609+00:00
kaggle-vllm-m3-allreduce-raw-v1,kaggle-vllm-m3-two-rank-nccl-allreduce-v1,33554432,float16,2,2,12,8383.711814880371,8361.984252929688,8383.711814880371,20,100,2026-09-07T21:15:42.570609+00:00
kaggle-vllm-m3-allreduce-raw-v1,kaggle-vllm-m3-two-rank-nccl-allreduce-v1,33554432,float16,2,2,13,8272.416114807129,8255.552291870117,8272.416114807129,20,100,2026-09-07T21:15:42.570609+00:00
kaggle-vllm-m3-allreduce-raw-v1,kaggle-vllm-m3-two-rank-nccl-allreduce-v1,33554432,float16,2,2,14,8369.759559631348,8354.975700378418,8369.759559631348,20,100,2026-09-07T21:15:42.570609+00:00
kaggle-vllm-m3-allreduce-raw-v1,kaggle-vllm-m3-two-rank-nccl-allreduce-v1,33554432,float16,2,2,15,8333.312034606934,8322.56031036377,8333.312034606934,20,100,2026-09-07T21:15:42.570609+00:00
kaggle-vllm-m3-allreduce-raw-v1,kaggle-vllm-m3-two-rank-nccl-allreduce-v1,33554432,float16,2,2,16,8375.679969787598,8370.431900024414,8375.679969787598,20,100,2026-09-07T21:15:42.570609+00:00
kaggle-vllm-m3-allreduce-raw-v1,kaggle-vllm-m3-two-rank-nccl-allreduce-v1,33554432,float16,2,2,17,8410.016059875488,8413.18416595459,8413.18416595459,20,100,2026-09-07T21:15:42.570609+00:00
kaggle-vllm-m3-allreduce-raw-v1,kaggle-vllm-m3-two-rank-nccl-allreduce-v1,33554432,float16,2,2,18,8212.479591369629,8262.975692749023,8262.975692749023,20,100,2026-09-07T21:15:42.570609+00:00
kaggle-vllm-m3-allreduce-raw-v1,kaggle-vllm-m3-two-rank-nccl-allreduce-v1,33554432,float16,2,2,19,8136.192321777344,8056.79988861084,8136.192321777344,20,100,2026-09-07T21:15:42.570609+00:00
kaggle-vllm-m3-allreduce-raw-v1,kaggle-vllm-m3-two-rank-nccl-allreduce-v1,33554432,float16,2,2,20,8235.296249389648,8177.791595458984,8235.296249389648,20,100,2026-09-07T21:15:42.570609+00:00
kaggle-vllm-m3-allreduce-raw-v1,kaggle-vllm-m3-two-rank-nccl-allreduce-v1,33554432,float16,2,2,21,8263.680458068848,8226.816177368164,8263.680458068848,20,100,2026-09-07T21:15:42.570609+00:00
kaggle-vllm-m3-allreduce-raw-v1,kaggle-vllm-m3-two-rank-nccl-allreduce-v1,33554432,float16,2,2,22,8161.8242263793945,8074.72038269043,8161.8242263793945,20,100,2026-09-07T21:15:42.570609+00:00
kaggle-vllm-m3-allreduce-raw-v1,kaggle-vllm-m3-two-rank-nccl-allreduce-v1,33554432,float16,2,2,23,8137.3443603515625,8069.82421875,8137.3443603515625,20,100,2026-09-07T21:15:42.570609+00:00
kaggle-vllm-m3-allreduce-raw-v1,kaggle-vllm-m3-two-rank-nccl-allreduce-v1,33554432,float16,2,2,24,8223.39153289795,8161.279678344727,8223.39153289795,20,100,2026-09-07T21:15:42.570609+00:00
kaggle-vllm-m3-allreduce-raw-v1,kaggle-vllm-m3-two-rank-nccl-allreduce-v1,33554432,float16,2,2,25,8313.728332519531,8294.367790222168,8313.728332519531,20,100,2026-09-07T21:15:42.570609+00:00
kaggle-vllm-m3-allreduce-raw-v1,kaggle-vllm-m3-two-rank-nccl-allreduce-v1,33554432,float16,2,2,26,8362.719535827637,8358.14380645752,8362.719535827637,20,100,2026-09-07T21:15:42.570609+00:00
kaggle-vllm-m3-allreduce-raw-v1,kaggle-vllm-m3-two-rank-nccl-allreduce-v1,33554432,float16,2,2,27,8393.247604370117,8394.75154876709,8394.75154876709,20,100,2026-09-07T21:15:42.570609+00:00
kaggle-vllm-m3-allreduce-raw-v1,kaggle-vllm-m3-two-rank-nccl-allreduce-v1,33554432,float16,2,2,28,8376.00040435791,8378.239631652832,8378.239631652832,20,100,2026-09-07T21:15:42.570609+00:00
kaggle-vllm-m3-allreduce-raw-v1,kaggle-vllm-m3-two-rank-nccl-allreduce-v1,33554432,float16,2,2,29,8413.18416595459,8418.111801147461,8418.111801147461,20,100,2026-09-07T21:15:42.570609+00:00
kaggle-vllm-m3-allreduce-raw-v1,kaggle-vllm-m3-two-rank-nccl-allreduce-v1,33554432,float16,2,2,30,8386.240005493164,8383.10432434082,8386.240005493164,20,100,2026-09-07T21:15:42.570609+00:00
kaggle-vllm-m3-allreduce-raw-v1,kaggle-vllm-m3-two-rank-nccl-allreduce-v1,33554432,float16,2,2,31,8365.440368652344,8361.984252929688,8365.440368652344,20,100,2026-09-07T21:15:42.570609+00:00
kaggle-vllm-m3-allreduce-raw-v1,kaggle-vllm-m3-two-rank-nccl-allreduce-v1,33554432,float16,2,2,32,8351.424217224121,8337.408065795898,8351.424217224121,20,100,2026-09-07T21:15:42.570609+00:00
kaggle-vllm-m3-allreduce-raw-v1,kaggle-vllm-m3-two-rank-nccl-allreduce-v1,33554432,float16,2,2,33,8274.432182312012,8262.368202209473,8274.432182312012,20,100,2026-09-07T21:15:42.570609+00:00
kaggle-vllm-m3-allreduce-raw-v1,kaggle-vllm-m3-two-rank-nccl-allreduce-v1,33554432,float16,2,2,34,8329.471588134766,8308.480262756348,8329.471588134766,20,100,2026-09-07T21:15:42.570609+00:00
kaggle-vllm-m3-allreduce-raw-v1,kaggle-vllm-m3-two-rank-nccl-allreduce-v1,33554432,float16,2,2,35,8363.519668579102,8361.984252929688,8363.519668579102,20,100,2026-09-07T21:15:42.570609+00:00
kaggle-vllm-m3-allreduce-raw-v1,kaggle-vllm-m3-two-rank-nccl-allreduce-v1,33554432,float16,2,2,36,8364.607810974121,8366.33586883545,8366.33586883545,20,100,2026-09-07T21:15:42.570609+00:00
kaggle-vllm-m3-allreduce-raw-v1,kaggle-vllm-m3-two-rank-nccl-allreduce-v1,33554432,float16,2,2,37,8350.303649902344,8341.376304626465,8350.303649902344,20,100,2026-09-07T21:15:42.570609+00:00
kaggle-vllm-m3-allreduce-raw-v1,kaggle-vllm-m3-two-rank-nccl-allreduce-v1,33554432,float16,2,2,38,8376.192092895508,8358.016014099121,8376.192092895508,20,100,2026-09-07T21:15:42.570609+00:00
kaggle-vllm-m3-allreduce-raw-v1,kaggle-vllm-m3-two-rank-nccl-allreduce-v1,33554432,float16,2,2,39,8383.071899414062,8384.703636169434,8384.703636169434,20,100,2026-09-07T21:15:42.570609+00:00
kaggle-vllm-m3-allreduce-raw-v1,kaggle-vllm-m3-two-rank-nccl-allreduce-v1,33554432,float16,2,2,40,8383.071899414062,8386.560440063477,8386.560440063477,20,100,2026-09-07T21:15:42.570609+00:00
kaggle-vllm-m3-allreduce-raw-v1,kaggle-vllm-m3-two-rank-nccl-allreduce-v1,33554432,float16,2,2,41,8359.135627746582,8360.639572143555,8360.639572143555,20,100,2026-09-07T21:15:42.570609+00:00
kaggle-vllm-m3-allreduce-raw-v1,kaggle-vllm-m3-two-rank-nccl-allreduce-v1,33554432,float16,2,2,42,8380.415916442871,8359.61627960205,8380.415916442871,20,100,2026-09-07T21:15:42.570609+00:00
kaggle-vllm-m3-allreduce-raw-v1,kaggle-vllm-m3-two-rank-nccl-allreduce-v1,33554432,float16,2,2,43,8337.408065795898,8313.376426696777,8337.408065795898,20,100,2026-09-07T21:15:42.570609+00:00
kaggle-vllm-m3-allreduce-raw-v1,kaggle-vllm-m3-two-rank-nccl-allreduce-v1,33554432,float16,2,2,44,8400.416374206543,8380.864143371582,8400.416374206543,20,100,2026-09-07T21:15:42.570609+00:00
kaggle-vllm-m3-allreduce-raw-v1,kaggle-vllm-m3-two-rank-nccl-allreduce-v1,33554432,float16,2,2,45,8353.952407836914,8359.999656677246,8359.999656677246,20,100,2026-09-07T21:15:42.570609+00:00
kaggle-vllm-m3-allreduce-raw-v1,kaggle-vllm-m3-two-rank-nccl-allreduce-v1,33554432,float16,2,2,46,8392.416000366211,8380.415916442871,8392.416000366211,20,100,2026-09-07T21:15:42.570609+00:00
kaggle-vllm-m3-allreduce-raw-v1,kaggle-vllm-m3-two-rank-nccl-allreduce-v1,33554432,float16,2,2,47,8356.032371520996,8340.895652770996,8356.032371520996,20,100,2026-09-07T21:15:42.570609+00:00
kaggle-vllm-m3-allreduce-raw-v1,kaggle-vllm-m3-two-rank-nccl-allreduce-v1,33554432,float16,2,2,48,8341.24755859375,8345.439910888672,8345.439910888672,20,100,2026-09-07T21:15:42.570609+00:00
kaggle-vllm-m3-allreduce-raw-v1,kaggle-vllm-m3-two-rank-nccl-allreduce-v1,33554432,float16,2,2,49,8327.263832092285,8299.23152923584,8327.263832092285,20,100,2026-09-07T21:15:42.570609+00:00
kaggle-vllm-m3-allreduce-raw-v1,kaggle-vllm-m3-two-rank-nccl-allreduce-v1,33554432,float16,2,2,50,8348.992347717285,8325.119972229004,8348.992347717285,20,100,2026-09-07T21:15:42.570609+00:00
kaggle-vllm-m3-allreduce-raw-v1,kaggle-vllm-m3-two-rank-nccl-allreduce-v1,33554432,float16,2,2,51,8404.928207397461,8406.52847290039,8406.52847290039,20,100,2026-09-07T21:15:42.570609+00:00
kaggle-vllm-m3-allreduce-raw-v1,kaggle-vllm-m3-two-rank-nccl-allreduce-v1,33554432,float16,2,2,52,8398.40030670166,8382.080078125,8398.40030670166,20,100,2026-09-07T21:15:42.570609+00:00
kaggle-vllm-m3-allreduce-raw-v1,kaggle-vllm-m3-two-rank-nccl-allreduce-v1,33554432,float16,2,2,53,8351.712226867676,8364.031791687012,8364.031791687012,20,100,2026-09-07T21:15:42.570609+00:00
kaggle-vllm-m3-allreduce-raw-v1,kaggle-vllm-m3-two-rank-nccl-allreduce-v1,33554432,float16,2,2,54,8107.999801635742,8188.096046447754,8188.096046447754,20,100,2026-09-07T21:15:42.570609+00:00
kaggle-vllm-m3-allreduce-raw-v1,kaggle-vllm-m3-two-rank-nccl-allreduce-v1,33554432,float16,2,2,55,8254.207611083984,8296.44775390625,8296.44775390625,20,100,2026-09-07T21:15:42.570609+00:00
kaggle-vllm-m3-allreduce-raw-v1,kaggle-vllm-m3-two-rank-nccl-allreduce-v1,33554432,float16,2,2,56,8407.039642333984,8428.92837524414,8428.92837524414,20,100,2026-09-07T21:15:42.570609+00:00
kaggle-vllm-m3-allreduce-raw-v1,kaggle-vllm-m3-two-rank-nccl-allreduce-v1,33554432,float16,2,2,57,8058.879852294922,8140.064239501953,8140.064239501953,20,100,2026-09-07T21:15:42.570609+00:00
kaggle-vllm-m3-allreduce-raw-v1,kaggle-vllm-m3-two-rank-nccl-allreduce-v1,33554432,float16,2,2,58,8176.2237548828125,8230.912208557129,8230.912208557129,20,100,2026-09-07T21:15:42.570609+00:00
kaggle-vllm-m3-allreduce-raw-v1,kaggle-vllm-m3-two-rank-nccl-allreduce-v1,33554432,float16,2,2,59,8247.296333312988,8294.303894042969,8294.303894042969,20,100,2026-09-07T21:15:42.570609+00:00
kaggle-vllm-m3-allreduce-raw-v1,kaggle-vllm-m3-two-rank-nccl-allreduce-v1,33554432,float16,2,2,60,8321.47216796875,8340.576171875,8340.576171875,20,100,2026-09-07T21:15:42.570609+00:00
kaggle-vllm-m3-allreduce-raw-v1,kaggle-vllm-m3-two-rank-nccl-allreduce-v1,33554432,float16,2,2,61,8337.3441696167,8341.504096984863,8341.504096984863,20,100,2026-09-07T21:15:42.570609+00:00
kaggle-vllm-m3-allreduce-raw-v1,kaggle-vllm-m3-two-rank-nccl-allreduce-v1,33554432,float16,2,2,62,8377.056121826172,8370.880126953125,8377.056121826172,20,100,2026-09-07T21:15:42.570609+00:00
kaggle-vllm-m3-allreduce-raw-v1,kaggle-vllm-m3-two-rank-nccl-allreduce-v1,33554432,float16,2,2,63,8374.272346496582,8366.144180297852,8374.272346496582,20,100,2026-09-07T21:15:42.570609+00:00
kaggle-vllm-m3-allreduce-raw-v1,kaggle-vllm-m3-two-rank-nccl-allreduce-v1,33554432,float16,2,2,64,8389.887809753418,8386.048316955566,8389.887809753418,20,100,2026-09-07T21:15:42.570609+00:00
kaggle-vllm-m3-allreduce-raw-v1,kaggle-vllm-m3-two-rank-nccl-allreduce-v1,33554432,float16,2,2,65,8345.63159942627,8334.912300109863,8345.63159942627,20,100,2026-09-07T21:15:42.570609+00:00
kaggle-vllm-m3-allreduce-raw-v1,kaggle-vllm-m3-two-rank-nccl-allreduce-v1,33554432,float16,2,2,66,8357.151985168457,8337.408065795898,8357.151985168457,20,100,2026-09-07T21:15:42.570609+00:00
kaggle-vllm-m3-allreduce-raw-v1,kaggle-vllm-m3-two-rank-nccl-allreduce-v1,33554432,float16,2,2,67,8333.312034606934,8306.68830871582,8333.312034606934,20,100,2026-09-07T21:15:42.570609+00:00
kaggle-vllm-m3-allreduce-raw-v1,kaggle-vllm-m3-two-rank-nccl-allreduce-v1,33554432,float16,2,2,68,8334.527969360352,8314.88037109375,8334.527969360352,20,100,2026-09-07T21:15:42.570609+00:00
kaggle-vllm-m3-allreduce-raw-v1,kaggle-vllm-m3-two-rank-nccl-allreduce-v1,33554432,float16,2,2,69,8252.063751220703,8212.92781829834,8252.063751220703,20,100,2026-09-07T21:15:42.570609+00:00
kaggle-vllm-m3-allreduce-raw-v1,kaggle-vllm-m3-two-rank-nccl-allreduce-v1,33554432,float16,2,2,70,8281.696319580078,8230.591773986816,8281.696319580078,20,100,2026-09-07T21:15:42.570609+00:00
kaggle-vllm-m3-allreduce-raw-v1,kaggle-vllm-m3-two-rank-nccl-allreduce-v1,33554432,float16,2,2,71,8316.255569458008,8304.832458496094,8316.255569458008,20,100,2026-09-07T21:15:42.570609+00:00
kaggle-vllm-m3-allreduce-raw-v1,kaggle-vllm-m3-two-rank-nccl-allreduce-v1,33554432,float16,2,2,72,8366.27197265625,8355.936050415039,8366.27197265625,20,100,2026-09-07T21:15:42.570609+00:00
kaggle-vllm-m3-allreduce-raw-v1,kaggle-vllm-m3-two-rank-nccl-allreduce-v1,33554432,float16,2,2,73,8379.520416259766,8413.18416595459,8413.18416595459,20,100,2026-09-07T21:15:42.570609+00:00
kaggle-vllm-m3-allreduce-raw-v1,kaggle-vllm-m3-two-rank-nccl-allreduce-v1,33554432,float16,2,2,74,8366.080284118652,8371.744155883789,8371.744155883789,20,100,2026-09-07T21:15:42.570609+00:00
kaggle-vllm-m3-allreduce-raw-v1,kaggle-vllm-m3-two-rank-nccl-allreduce-v1,33554432,float16,2,2,75,8347.295761108398,8340.127944946289,8347.295761108398,20,100,2026-09-07T21:15:42.570609+00:00
kaggle-vllm-m3-allreduce-raw-v1,kaggle-vllm-m3-two-rank-nccl-allreduce-v1,33554432,float16,2,2,76,8341.504096984863,8351.136207580566,8351.136207580566,20,100,2026-09-07T21:15:42.570609+00:00
kaggle-vllm-m3-allreduce-raw-v1,kaggle-vllm-m3-two-rank-nccl-allreduce-v1,33554432,float16,2,2,77,8322.591781616211,8306.719779968262,8322.591781616211,20,100,2026-09-07T21:15:42.570609+00:00
kaggle-vllm-m3-allreduce-raw-v1,kaggle-vllm-m3-two-rank-nccl-allreduce-v1,33554432,float16,2,2,78,8297.344207763672,8275.64811706543,8297.344207763672,20,100,2026-09-07T21:15:42.570609+00:00
kaggle-vllm-m3-allreduce-raw-v1,kaggle-vllm-m3-two-rank-nccl-allreduce-v1,33554432,float16,2,2,79,8364.67170715332,8343.744277954102,8364.67170715332,20,100,2026-09-07T21:15:42.570609+00:00
kaggle-vllm-m3-allreduce-raw-v1,kaggle-vllm-m3-two-rank-nccl-allreduce-v1,33554432,float16,2,2,80,8375.295639038086,8361.984252929688,8375.295639038086,20,100,2026-09-07T21:15:42.570609+00:00
kaggle-vllm-m3-allreduce-raw-v1,kaggle-vllm-m3-two-rank-nccl-allreduce-v1,33554432,float16,2,2,81,8366.751670837402,8368.127822875977,8368.127822875977,20,100,2026-09-07T21:15:42.570609+00:00
kaggle-vllm-m3-allreduce-raw-v1,kaggle-vllm-m3-two-rank-nccl-allreduce-v1,33554432,float16,2,2,82,8333.056449890137,8327.199935913086,8333.056449890137,20,100,2026-09-07T21:15:42.570609+00:00
kaggle-vllm-m3-allreduce-raw-v1,kaggle-vllm-m3-two-rank-nccl-allreduce-v1,33554432,float16,2,2,83,8370.752334594727,8354.080200195312,8370.752334594727,20,100,2026-09-07T21:15:42.570609+00:00
kaggle-vllm-m3-allreduce-raw-v1,kaggle-vllm-m3-two-rank-nccl-allreduce-v1,33554432,float16,2,2,84,8371.392250061035,8374.239921569824,8374.239921569824,20,100,2026-09-07T21:15:42.570609+00:00
kaggle-vllm-m3-allreduce-raw-v1,kaggle-vllm-m3-two-rank-nccl-allreduce-v1,33554432,float16,2,2,85,8364.06421661377,8356.512069702148,8364.06421661377,20,100,2026-09-07T21:15:42.570609+00:00
kaggle-vllm-m3-allreduce-raw-v1,kaggle-vllm-m3-two-rank-nccl-allreduce-v1,33554432,float16,2,2,86,8388.6079788208,8370.176315307617,8388.6079788208,20,100,2026-09-07T21:15:42.570609+00:00
kaggle-vllm-m3-allreduce-raw-v1,kaggle-vllm-m3-two-rank-nccl-allreduce-v1,33554432,float16,2,2,87,8329.055786132812,8331.968307495117,8331.968307495117,20,100,2026-09-07T21:15:42.570609+00:00
kaggle-vllm-m3-allreduce-raw-v1,kaggle-vllm-m3-two-rank-nccl-allreduce-v1,33554432,float16,2,2,88,8350.815773010254,8331.520080566406,8350.815773010254,20,100,2026-09-07T21:15:42.570609+00:00
kaggle-vllm-m3-allreduce-raw-v1,kaggle-vllm-m3-two-rank-nccl-allreduce-v1,33554432,float16,2,2,89,8134.75227355957,8050.527572631836,8134.75227355957,20,100,2026-09-07T21:15:42.570609+00:00
kaggle-vllm-m3-allreduce-raw-v1,kaggle-vllm-m3-two-rank-nccl-allreduce-v1,33554432,float16,2,2,90,8297.663688659668,8250.304222106934,8297.663688659668,20,100,2026-09-07T21:15:42.570609+00:00
kaggle-vllm-m3-allreduce-raw-v1,kaggle-vllm-m3-two-rank-nccl-allreduce-v1,33554432,float16,2,2,91,8405.119895935059,8401.408195495605,8405.119895935059,20,100,2026-09-07T21:15:42.570609+00:00
kaggle-vllm-m3-allreduce-raw-v1,kaggle-vllm-m3-two-rank-nccl-allreduce-v1,33554432,float16,2,2,92,8392.095565795898,8370.207786560059,8392.095565795898,20,100,2026-09-07T21:15:42.570609+00:00
kaggle-vllm-m3-allreduce-raw-v1,kaggle-vllm-m3-two-rank-nccl-allreduce-v1,33554432,float16,2,2,93,8331.263542175293,8278.016090393066,8331.263542175293,20,100,2026-09-07T21:15:42.570609+00:00
kaggle-vllm-m3-allreduce-raw-v1,kaggle-vllm-m3-two-rank-nccl-allreduce-v1,33554432,float16,2,2,94,8255.871772766113,8202.239990234375,8255.871772766113,20,100,2026-09-07T21:15:42.570609+00:00
kaggle-vllm-m3-allreduce-raw-v1,kaggle-vllm-m3-two-rank-nccl-allreduce-v1,33554432,float16,2,2,95,8315.45639038086,8328.831672668457,8328.831672668457,20,100,2026-09-07T21:15:42.570609+00:00
kaggle-vllm-m3-allreduce-raw-v1,kaggle-vllm-m3-two-rank-nccl-allreduce-v1,33554432,float16,2,2,96,8390.72036743164,8392.895698547363,8392.895698547363,20,100,2026-09-07T21:15:42.570609+00:00
kaggle-vllm-m3-allreduce-raw-v1,kaggle-vllm-m3-two-rank-nccl-allreduce-v1,33554432,float16,2,2,97,8335.359573364258,8353.280067443848,8353.280067443848,20,100,2026-09-07T21:15:42.570609+00:00
kaggle-vllm-m3-allreduce-raw-v1,kaggle-vllm-m3-two-rank-nccl-allreduce-v1,33554432,float16,2,2,98,8375.391960144043,8361.984252929688,8375.391960144043,20,100,2026-09-07T21:15:42.570609+00:00
kaggle-vllm-m3-allreduce-raw-v1,kaggle-vllm-m3-two-rank-nccl-allreduce-v1,33554432,float16,2,2,99,8359.840393066406,8367.615699768066,8367.615699768066,20,100,2026-09-07T21:15:42.570609+00:00
kaggle-vllm-m3-allreduce-raw-v1,kaggle-vllm-m3-two-rank-nccl-allreduce-v1,67108864,float16,2,2,0,16624.095916748047,16631.90460205078,16631.90460205078,20,100,2026-09-07T21:15:44.639427+00:00
kaggle-vllm-m3-allreduce-raw-v1,kaggle-vllm-m3-two-rank-nccl-allreduce-v1,67108864,float16,2,2,1,16555.456161499023,16591.6805267334,16591.6805267334,20,100,2026-09-07T21:15:44.639427+00:00
kaggle-vllm-m3-allreduce-raw-v1,kaggle-vllm-m3-two-rank-nccl-allreduce-v1,67108864,float16,2,2,2,16668.672561645508,16680.959701538086,16680.959701538086,20,100,2026-09-07T21:15:44.639427+00:00
kaggle-vllm-m3-allreduce-raw-v1,kaggle-vllm-m3-two-rank-nccl-allreduce-v1,67108864,float16,2,2,3,16701.440811157227,16701.440811157227,16701.440811157227,20,100,2026-09-07T21:15:44.639427+00:00
kaggle-vllm-m3-allreduce-raw-v1,kaggle-vllm-m3-two-rank-nccl-allreduce-v1,67108864,float16,2,2,4,16664.127349853516,16680.479049682617,16680.479049682617,20,100,2026-09-07T21:15:44.639427+00:00
kaggle-vllm-m3-allreduce-raw-v1,kaggle-vllm-m3-two-rank-nccl-allreduce-v1,67108864,float16,2,2,5,16677.631378173828,16657.82356262207,16677.631378173828,20,100,2026-09-07T21:15:44.639427+00:00
kaggle-vllm-m3-allreduce-raw-v1,kaggle-vllm-m3-two-rank-nccl-allreduce-v1,67108864,float16,2,2,6,16656.448364257812,16666.624069213867,16666.624069213867,20,100,2026-09-07T21:15:44.639427+00:00
kaggle-vllm-m3-allreduce-raw-v1,kaggle-vllm-m3-two-rank-nccl-allreduce-v1,67108864,float16,2,2,7,16637.50457763672,16624.256134033203,16637.50457763672,20,100,2026-09-07T21:15:44.639427+00:00
kaggle-vllm-m3-allreduce-raw-v1,kaggle-vllm-m3-two-rank-nccl-allreduce-v1,67108864,float16,2,2,8,16629.98390197754,16656.383514404297,16656.383514404297,20,100,2026-09-07T21:15:44.639427+00:00
kaggle-vllm-m3-allreduce-raw-v1,kaggle-vllm-m3-two-rank-nccl-allreduce-v1,67108864,float16,2,2,9,16685.92071533203,16726.17530822754,16726.17530822754,20,100,2026-09-07T21:15:44.639427+00:00
kaggle-vllm-m3-allreduce-raw-v1,kaggle-vllm-m3-two-rank-nccl-allreduce-v1,67108864,float16,2,2,10,16560.12725830078,16609.567642211914,16609.567642211914,20,100,2026-09-07T21:15:44.639427+00:00
kaggle-vllm-m3-allreduce-raw-v1,kaggle-vllm-m3-two-rank-nccl-allreduce-v1,67108864,float16,2,2,11,16580.608367919922,16629.7607421875,16629.7607421875,20,100,2026-09-07T21:15:44.639427+00:00
kaggle-vllm-m3-allreduce-raw-v1,kaggle-vllm-m3-two-rank-nccl-allreduce-v1,67108864,float16,2,2,12,16512.96043395996,16579.904556274414,16579.904556274414,20,100,2026-09-07T21:15:44.639427+00:00
kaggle-vllm-m3-allreduce-raw-v1,kaggle-vllm-m3-two-rank-nccl-allreduce-v1,67108864,float16,2,2,13,16719.520568847656,16713.632583618164,16719.520568847656,20,100,2026-09-07T21:15:44.639427+00:00
kaggle-vllm-m3-allreduce-raw-v1,kaggle-vllm-m3-two-rank-nccl-allreduce-v1,67108864,float16,2,2,14,16711.360931396484,16714.656829833984,16714.656829833984,20,100,2026-09-07T21:15:44.639427+00:00
kaggle-vllm-m3-allreduce-raw-v1,kaggle-vllm-m3-two-rank-nccl-allreduce-v1,67108864,float16,2,2,15,16690.24085998535,16677.40821838379,16690.24085998535,20,100,2026-09-07T21:15:44.639427+00:00
kaggle-vllm-m3-allreduce-raw-v1,kaggle-vllm-m3-two-rank-nccl-allreduce-v1,67108864,float16,2,2,16,16634.111404418945,16644.09637451172,16644.09637451172,20,100,2026-09-07T21:15:44.639427+00:00
kaggle-vllm-m3-allreduce-raw-v1,kaggle-vllm-m3-two-rank-nccl-allreduce-v1,67108864,float16,2,2,17,16640.607833862305,16598.94371032715,16640.607833862305,20,100,2026-09-07T21:15:44.639427+00:00
kaggle-vllm-m3-allreduce-raw-v1,kaggle-vllm-m3-two-rank-nccl-allreduce-v1,67108864,float16,2,2,18,16577.503204345703,16611.295700073242,16611.295700073242,20,100,2026-09-07T21:15:44.639427+00:00
kaggle-vllm-m3-allreduce-raw-v1,kaggle-vllm-m3-two-rank-nccl-allreduce-v1,67108864,float16,2,2,19,16450.239181518555,16516.511917114258,16516.511917114258,20,100,2026-09-07T21:15:44.639427+00:00
kaggle-vllm-m3-allreduce-raw-v1,kaggle-vllm-m3-two-rank-nccl-allreduce-v1,67108864,float16,2,2,20,16651.872634887695,16609.27963256836,16651.872634887695,20,100,2026-09-07T21:15:44.639427+00:00
kaggle-vllm-m3-allreduce-raw-v1,kaggle-vllm-m3-two-rank-nccl-allreduce-v1,67108864,float16,2,2,21,16567.55256652832,16660.480499267578,16660.480499267578,20,100,2026-09-07T21:15:44.639427+00:00
kaggle-vllm-m3-allreduce-raw-v1,kaggle-vllm-m3-two-rank-nccl-allreduce-v1,67108864,float16,2,2,22,16680.60874938965,16699.743270874023,16699.743270874023,20,100,2026-09-07T21:15:44.639427+00:00
kaggle-vllm-m3-allreduce-raw-v1,kaggle-vllm-m3-two-rank-nccl-allreduce-v1,67108864,float16,2,2,23,16708.44841003418,16719.999313354492,16719.999313354492,20,100,2026-09-07T21:15:44.639427+00:00
kaggle-vllm-m3-allreduce-raw-v1,kaggle-vllm-m3-two-rank-nccl-allreduce-v1,67108864,float16,2,2,24,16631.807327270508,16658.912658691406,16658.912658691406,20,100,2026-09-07T21:15:44.639427+00:00
kaggle-vllm-m3-allreduce-raw-v1,kaggle-vllm-m3-two-rank-nccl-allreduce-v1,67108864,float16,2,2,25,16643.74351501465,16646.14486694336,16646.14486694336,20,100,2026-09-07T21:15:44.639427+00:00
kaggle-vllm-m3-allreduce-raw-v1,kaggle-vllm-m3-two-rank-nccl-allreduce-v1,67108864,float16,2,2,26,16676.864624023438,16694.303512573242,16694.303512573242,20,100,2026-09-07T21:15:44.639427+00:00
kaggle-vllm-m3-allreduce-raw-v1,kaggle-vllm-m3-two-rank-nccl-allreduce-v1,67108864,float16,2,2,27,16514.720916748047,16602.848052978516,16602.848052978516,20,100,2026-09-07T21:15:44.639427+00:00
kaggle-vllm-m3-allreduce-raw-v1,kaggle-vllm-m3-two-rank-nccl-allreduce-v1,67108864,float16,2,2,28,16482.303619384766,16564.224243164062,16564.224243164062,20,100,2026-09-07T21:15:44.639427+00:00
kaggle-vllm-m3-allreduce-raw-v1,kaggle-vllm-m3-two-rank-nccl-allreduce-v1,67108864,float16,2,2,29,16451.200485229492,16520.959854125977,16520.959854125977,20,100,2026-09-07T21:15:44.639427+00:00
kaggle-vllm-m3-allreduce-raw-v1,kaggle-vllm-m3-two-rank-nccl-allreduce-v1,67108864,float16,2,2,30,16500.288009643555,16575.551986694336,16575.551986694336,20,100,2026-09-07T21:15:44.639427+00:00
kaggle-vllm-m3-allreduce-raw-v1,kaggle-vllm-m3-two-rank-nccl-allreduce-v1,67108864,float16,2,2,31,16552.095413208008,16599.03907775879,16599.03907775879,20,100,2026-09-07T21:15:44.639427+00:00
kaggle-vllm-m3-allreduce-raw-v1,kaggle-vllm-m3-two-rank-nccl-allreduce-v1,67108864,float16,2,2,32,16506.879806518555,16562.175750732422,16562.175750732422,20,100,2026-09-07T21:15:44.639427+00:00
kaggle-vllm-m3-allreduce-raw-v1,kaggle-vllm-m3-two-rank-nccl-allreduce-v1,67108864,float16,2,2,33,16724.031448364258,16729.856491088867,16729.856491088867,20,100,2026-09-07T21:15:44.639427+00:00
kaggle-vllm-m3-allreduce-raw-v1,kaggle-vllm-m3-two-rank-nccl-allreduce-v1,67108864,float16,2,2,34,16663.040161132812,16663.16795349121,16663.16795349121,20,100,2026-09-07T21:15:44.639427+00:00
kaggle-vllm-m3-allreduce-raw-v1,kaggle-vllm-m3-two-rank-nccl-allreduce-v1,67108864,float16,2,2,35,16576.51138305664,16545.791625976562,16576.51138305664,20,100,2026-09-07T21:15:44.639427+00:00
kaggle-vllm-m3-allreduce-raw-v1,kaggle-vllm-m3-two-rank-nccl-allreduce-v1,67108864,float16,2,2,36,16678.367614746094,16690.59181213379,16690.59181213379,20,100,2026-09-07T21:15:44.639427+00:00
kaggle-vllm-m3-allreduce-raw-v1,kaggle-vllm-m3-two-rank-nccl-allreduce-v1,67108864,float16,2,2,37,16649.215698242188,16665.8878326416,16665.8878326416,20,100,2026-09-07T21:15:44.639427+00:00
kaggle-vllm-m3-allreduce-raw-v1,kaggle-vllm-m3-two-rank-nccl-allreduce-v1,67108864,float16,2,2,38,16695.295333862305,16699.647903442383,16699.647903442383,20,100,2026-09-07T21:15:44.639427+00:00
kaggle-vllm-m3-allreduce-raw-v1,kaggle-vllm-m3-two-rank-nccl-allreduce-v1,67108864,float16,2,2,39,16633.85581970215,16653.024673461914,16653.024673461914,20,100,2026-09-07T21:15:44.639427+00:00
kaggle-vllm-m3-allreduce-raw-v1,kaggle-vllm-m3-two-rank-nccl-allreduce-v1,67108864,float16,2,2,40,16652.03285217285,16660.959243774414,16660.959243774414,20,100,2026-09-07T21:15:44.639427+00:00
kaggle-vllm-m3-allreduce-raw-v1,kaggle-vllm-m3-two-rank-nccl-allreduce-v1,67108864,float16,2,2,41,16667.583465576172,16678.688049316406,16678.688049316406,20,100,2026-09-07T21:15:44.639427+00:00
kaggle-vllm-m3-allreduce-raw-v1,kaggle-vllm-m3-two-rank-nccl-allreduce-v1,67108864,float16,2,2,42,16683.90464782715,16697.343826293945,16697.343826293945,20,100,2026-09-07T21:15:44.639427+00:00
kaggle-vllm-m3-allreduce-raw-v1,kaggle-vllm-m3-two-rank-nccl-allreduce-v1,67108864,float16,2,2,43,16629.7607421875,16548.128128051758,16629.7607421875,20,100,2026-09-07T21:15:44.639427+00:00
kaggle-vllm-m3-allreduce-raw-v1,kaggle-vllm-m3-two-rank-nccl-allreduce-v1,67108864,float16,2,2,44,16689.151763916016,16692.64030456543,16692.64030456543,20,100,2026-09-07T21:15:44.639427+00:00
kaggle-vllm-m3-allreduce-raw-v1,kaggle-vllm-m3-two-rank-nccl-allreduce-v1,67108864,float16,2,2,45,16604.000091552734,16572.736740112305,16604.000091552734,20,100,2026-09-07T21:15:44.639427+00:00
kaggle-vllm-m3-allreduce-raw-v1,kaggle-vllm-m3-two-rank-nccl-allreduce-v1,67108864,float16,2,2,46,16605.18455505371,16646.080017089844,16646.080017089844,20,100,2026-09-07T21:15:44.639427+00:00
kaggle-vllm-m3-allreduce-raw-v1,kaggle-vllm-m3-two-rank-nccl-allreduce-v1,67108864,float16,2,2,47,16265.632629394531,16326.719284057617,16326.719284057617,20,100,2026-09-07T21:15:44.639427+00:00
kaggle-vllm-m3-allreduce-raw-v1,kaggle-vllm-m3-two-rank-nccl-allreduce-v1,67108864,float16,2,2,48,16566.112518310547,16645.21598815918,16645.21598815918,20,100,2026-09-07T21:15:44.639427+00:00
kaggle-vllm-m3-allreduce-raw-v1,kaggle-vllm-m3-two-rank-nccl-allreduce-v1,67108864,float16,2,2,49,16445.4402923584,16334.815979003906,16445.4402923584,20,100,2026-09-07T21:15:44.639427+00:00
kaggle-vllm-m3-allreduce-raw-v1,kaggle-vllm-m3-two-rank-nccl-allreduce-v1,67108864,float16,2,2,50,16670.33576965332,16681.0245513916,16681.0245513916,20,100,2026-09-07T21:15:44.639427+00:00
kaggle-vllm-m3-allreduce-raw-v1,kaggle-vllm-m3-two-rank-nccl-allreduce-v1,67108864,float16,2,2,51,16701.440811157227,16690.81687927246,16701.440811157227,20,100,2026-09-07T21:15:44.639427+00:00
kaggle-vllm-m3-allreduce-raw-v1,kaggle-vllm-m3-two-rank-nccl-allreduce-v1,67108864,float16,2,2,52,16625.63133239746,16613.11912536621,16625.63133239746,20,100,2026-09-07T21:15:44.639427+00:00
kaggle-vllm-m3-allreduce-raw-v1,kaggle-vllm-m3-two-rank-nccl-allreduce-v1,67108864,float16,2,2,53,16700.639724731445,16712.86392211914,16712.86392211914,20,100,2026-09-07T21:15:44.639427+00:00
kaggle-vllm-m3-allreduce-raw-v1,kaggle-vllm-m3-two-rank-nccl-allreduce-v1,67108864,float16,2,2,54,16639.808654785156,16648.479461669922,16648.479461669922,20,100,2026-09-07T21:15:44.639427+00:00
kaggle-vllm-m3-allreduce-raw-v1,kaggle-vllm-m3-two-rank-nccl-allreduce-v1,67108864,float16,2,2,55,16690.879821777344,16676.864624023438,16690.879821777344,20,100,2026-09-07T21:15:44.639427+00:00
kaggle-vllm-m3-allreduce-raw-v1,kaggle-vllm-m3-two-rank-nccl-allreduce-v1,67108864,float16,2,2,56,16707.679748535156,16728.76739501953,16728.76739501953,20,100,2026-09-07T21:15:44.639427+00:00
kaggle-vllm-m3-allreduce-raw-v1,kaggle-vllm-m3-two-rank-nccl-allreduce-v1,67108864,float16,2,2,57,16526.079177856445,16464.895248413086,16526.079177856445,20,100,2026-09-07T21:15:44.639427+00:00
kaggle-vllm-m3-allreduce-raw-v1,kaggle-vllm-m3-two-rank-nccl-allreduce-v1,67108864,float16,2,2,58,16672.639846801758,16690.048217773438,16690.048217773438,20,100,2026-09-07T21:15:44.639427+00:00
kaggle-vllm-m3-allreduce-raw-v1,kaggle-vllm-m3-two-rank-nccl-allreduce-v1,67108864,float16,2,2,59,16621.536254882812,16590.463638305664,16621.536254882812,20,100,2026-09-07T21:15:44.639427+00:00
kaggle-vllm-m3-allreduce-raw-v1,kaggle-vllm-m3-two-rank-nccl-allreduce-v1,67108864,float16,2,2,60,16586.20834350586,16544.9275970459,16586.20834350586,20,100,2026-09-07T21:15:44.639427+00:00
kaggle-vllm-m3-allreduce-raw-v1,kaggle-vllm-m3-two-rank-nccl-allreduce-v1,67108864,float16,2,2,61,16695.327758789062,16697.216033935547,16697.216033935547,20,100,2026-09-07T21:15:44.639427+00:00
kaggle-vllm-m3-allreduce-raw-v1,kaggle-vllm-m3-two-rank-nccl-allreduce-v1,67108864,float16,2,2,62,16625.951766967773,16648.28872680664,16648.28872680664,20,100,2026-09-07T21:15:44.639427+00:00
kaggle-vllm-m3-allreduce-raw-v1,kaggle-vllm-m3-two-rank-nccl-allreduce-v1,67108864,float16,2,2,63,16682.336807250977,16658.432006835938,16682.336807250977,20,100,2026-09-07T21:15:44.639427+00:00
kaggle-vllm-m3-allreduce-raw-v1,kaggle-vllm-m3-two-rank-nccl-allreduce-v1,67108864,float16,2,2,64,16427.0076751709,16508.928298950195,16508.928298950195,20,100,2026-09-07T21:15:44.639427+00:00
kaggle-vllm-m3-allreduce-raw-v1,kaggle-vllm-m3-two-rank-nccl-allreduce-v1,67108864,float16,2,2,65,16654.33692932129,16676.992416381836,16676.992416381836,20,100,2026-09-07T21:15:44.639427+00:00
kaggle-vllm-m3-allreduce-raw-v1,kaggle-vllm-m3-two-rank-nccl-allreduce-v1,67108864,float16,2,2,66,16529.11949157715,16608.70361328125,16608.70361328125,20,100,2026-09-07T21:15:44.639427+00:00
kaggle-vllm-m3-allreduce-raw-v1,kaggle-vllm-m3-two-rank-nccl-allreduce-v1,67108864,float16,2,2,67,16435.199737548828,16342.880249023438,16435.199737548828,20,100,2026-09-07T21:15:44.639427+00:00
kaggle-vllm-m3-allreduce-raw-v1,kaggle-vllm-m3-two-rank-nccl-allreduce-v1,67108864,float16,2,2,68,16672.767639160156,16680.063247680664,16680.063247680664,20,100,2026-09-07T21:15:44.639427+00:00
kaggle-vllm-m3-allreduce-raw-v1,kaggle-vllm-m3-two-rank-nccl-allreduce-v1,67108864,float16,2,2,69,16690.46401977539,16681.0245513916,16690.46401977539,20,100,2026-09-07T21:15:44.639427+00:00
kaggle-vllm-m3-allreduce-raw-v1,kaggle-vllm-m3-two-rank-nccl-allreduce-v1,67108864,float16,2,2,70,16666.112899780273,16656.415939331055,16666.112899780273,20,100,2026-09-07T21:15:44.639427+00:00
kaggle-vllm-m3-allreduce-raw-v1,kaggle-vllm-m3-two-rank-nccl-allreduce-v1,67108864,float16,2,2,71,16586.1759185791,16639.999389648438,16639.999389648438,20,100,2026-09-07T21:15:44.639427+00:00
kaggle-vllm-m3-allreduce-raw-v1,kaggle-vllm-m3-two-rank-nccl-allreduce-v1,67108864,float16,2,2,72,16672.767639160156,16673.376083374023,16673.376083374023,20,100,2026-09-07T21:15:44.639427+00:00
kaggle-vllm-m3-allreduce-raw-v1,kaggle-vllm-m3-two-rank-nccl-allreduce-v1,67108864,float16,2,2,73,16640.9912109375,16620.223999023438,16640.9912109375,20,100,2026-09-07T21:15:44.639427+00:00
kaggle-vllm-m3-allreduce-raw-v1,kaggle-vllm-m3-two-rank-nccl-allreduce-v1,67108864,float16,2,2,74,16619.487762451172,16635.55145263672,16635.55145263672,20,100,2026-09-07T21:15:44.639427+00:00
kaggle-vllm-m3-allreduce-raw-v1,kaggle-vllm-m3-two-rank-nccl-allreduce-v1,67108864,float16,2,2,75,16599.008560180664,16568.31932067871,16599.008560180664,20,100,2026-09-07T21:15:44.639427+00:00
kaggle-vllm-m3-allreduce-raw-v1,kaggle-vllm-m3-two-rank-nccl-allreduce-v1,67108864,float16,2,2,76,16649.120330810547,16653.28025817871,16653.28025817871,20,100,2026-09-07T21:15:44.639427+00:00
kaggle-vllm-m3-allreduce-raw-v1,kaggle-vllm-m3-two-rank-nccl-allreduce-v1,67108864,float16,2,2,77,16644.287109375,16639.999389648438,16644.287109375,20,100,2026-09-07T21:15:44.639427+00:00
kaggle-vllm-m3-allreduce-raw-v1,kaggle-vllm-m3-two-rank-nccl-allreduce-v1,67108864,float16,2,2,78,16589.216232299805,16595.03936767578,16595.03936767578,20,100,2026-09-07T21:15:44.639427+00:00
kaggle-vllm-m3-allreduce-raw-v1,kaggle-vllm-m3-two-rank-nccl-allreduce-v1,67108864,float16,2,2,79,16660.480499267578,16678.911209106445,16678.911209106445,20,100,2026-09-07T21:15:44.639427+00:00
kaggle-vllm-m3-allreduce-raw-v1,kaggle-vllm-m3-two-rank-nccl-allreduce-v1,67108864,float16,2,2,80,16662.527084350586,16671.871185302734,16671.871185302734,20,100,2026-09-07T21:15:44.639427+00:00
kaggle-vllm-m3-allreduce-raw-v1,kaggle-vllm-m3-two-rank-nccl-allreduce-v1,67108864,float16,2,2,81,16652.60887145996,16674.400329589844,16674.400329589844,20,100,2026-09-07T21:15:44.639427+00:00
kaggle-vllm-m3-allreduce-raw-v1,kaggle-vllm-m3-two-rank-nccl-allreduce-v1,67108864,float16,2,2,82,16253.24821472168,16375.904083251953,16375.904083251953,20,100,2026-09-07T21:15:44.639427+00:00
kaggle-vllm-m3-allreduce-raw-v1,kaggle-vllm-m3-two-rank-nccl-allreduce-v1,67108864,float16,2,2,83,16639.232635498047,16649.08790588379,16649.08790588379,20,100,2026-09-07T21:15:44.639427+00:00
kaggle-vllm-m3-allreduce-raw-v1,kaggle-vllm-m3-two-rank-nccl-allreduce-v1,67108864,float16,2,2,84,16608.1600189209,16647.071838378906,16647.071838378906,20,100,2026-09-07T21:15:44.639427+00:00
kaggle-vllm-m3-allreduce-raw-v1,kaggle-vllm-m3-two-rank-nccl-allreduce-v1,67108864,float16,2,2,85,16252.639770507812,16373.151779174805,16373.151779174805,20,100,2026-09-07T21:15:44.639427+00:00
kaggle-vllm-m3-allreduce-raw-v1,kaggle-vllm-m3-two-rank-nccl-allreduce-v1,67108864,float16,2,2,86,16677.471160888672,16685.504913330078,16685.504913330078,20,100,2026-09-07T21:15:44.639427+00:00
kaggle-vllm-m3-allreduce-raw-v1,kaggle-vllm-m3-two-rank-nccl-allreduce-v1,67108864,float16,2,2,87,16621.56867980957,16642.047882080078,16642.047882080078,20,100,2026-09-07T21:15:44.639427+00:00
kaggle-vllm-m3-allreduce-raw-v1,kaggle-vllm-m3-two-rank-nccl-allreduce-v1,67108864,float16,2,2,88,16628.480911254883,16657.72819519043,16657.72819519043,20,100,2026-09-07T21:15:44.639427+00:00
kaggle-vllm-m3-allreduce-raw-v1,kaggle-vllm-m3-two-rank-nccl-allreduce-v1,67108864,float16,2,2,89,16596.99249267578,16617.855072021484,16617.855072021484,20,100,2026-09-07T21:15:44.639427+00:00
kaggle-vllm-m3-allreduce-raw-v1,kaggle-vllm-m3-two-rank-nccl-allreduce-v1,67108864,float16,2,2,90,16608.57582092285,16637.279510498047,16637.279510498047,20,100,2026-09-07T21:15:44.639427+00:00
kaggle-vllm-m3-allreduce-raw-v1,kaggle-vllm-m3-two-rank-nccl-allreduce-v1,67108864,float16,2,2,91,16669.343948364258,16681.503295898438,16681.503295898438,20,100,2026-09-07T21:15:44.639427+00:00
kaggle-vllm-m3-allreduce-raw-v1,kaggle-vllm-m3-two-rank-nccl-allreduce-v1,67108864,float16,2,2,92,16674.816131591797,16671.00715637207,16674.816131591797,20,100,2026-09-07T21:15:44.639427+00:00
kaggle-vllm-m3-allreduce-raw-v1,kaggle-vllm-m3-two-rank-nccl-allreduce-v1,67108864,float16,2,2,93,16621.12045288086,16599.872589111328,16621.12045288086,20,100,2026-09-07T21:15:44.639427+00:00
kaggle-vllm-m3-allreduce-raw-v1,kaggle-vllm-m3-two-rank-nccl-allreduce-v1,67108864,float16,2,2,94,16673.18344116211,16676.288604736328,16676.288604736328,20,100,2026-09-07T21:15:44.639427+00:00
kaggle-vllm-m3-allreduce-raw-v1,kaggle-vllm-m3-two-rank-nccl-allreduce-v1,67108864,float16,2,2,95,16660.959243774414,16660.064697265625,16660.959243774414,20,100,2026-09-07T21:15:44.639427+00:00
kaggle-vllm-m3-allreduce-raw-v1,kaggle-vllm-m3-two-rank-nccl-allreduce-v1,67108864,float16,2,2,96,16682.559967041016,16671.167373657227,16682.559967041016,20,100,2026-09-07T21:15:44.639427+00:00
kaggle-vllm-m3-allreduce-raw-v1,kaggle-vllm-m3-two-rank-nccl-allreduce-v1,67108864,float16,2,2,97,16731.96792602539,16740.800857543945,16740.800857543945,20,100,2026-09-07T21:15:44.639427+00:00
kaggle-vllm-m3-allreduce-raw-v1,kaggle-vllm-m3-two-rank-nccl-allreduce-v1,67108864,float16,2,2,98,16523.263931274414,16584.70344543457,16584.70344543457,20,100,2026-09-07T21:15:44.639427+00:00
kaggle-vllm-m3-allreduce-raw-v1,kaggle-vllm-m3-two-rank-nccl-allreduce-v1,67108864,float16,2,2,99,16670.719146728516,16674.20768737793,16674.20768737793,20,100,2026-09-07T21:15:44.639427+00:00
kaggle-vllm-m3-allreduce-raw-v1,kaggle-vllm-m3-two-rank-nccl-allreduce-v1,1024,float16,2,3,0,135.04000008106232,142.84799993038177,142.84799993038177,20,100,2026-09-07T21:15:51.064547+00:00
kaggle-vllm-m3-allreduce-raw-v1,kaggle-vllm-m3-two-rank-nccl-allreduce-v1,1024,float16,2,3,1,189.34400379657745,202.81599462032318,202.81599462032318,20,100,2026-09-07T21:15:51.064547+00:00
kaggle-vllm-m3-allreduce-raw-v1,kaggle-vllm-m3-two-rank-nccl-allreduce-v1,1024,float16,2,3,2,122.30399996042252,142.39999651908875,142.39999651908875,20,100,2026-09-07T21:15:51.064547+00:00
kaggle-vllm-m3-allreduce-raw-v1,kaggle-vllm-m3-two-rank-nccl-allreduce-v1,1024,float16,2,3,3,96.99200093746185,89.66399729251862,96.99200093746185,20,100,2026-09-07T21:15:51.064547+00:00
kaggle-vllm-m3-allreduce-raw-v1,kaggle-vllm-m3-two-rank-nccl-allreduce-v1,1024,float16,2,3,4,104.47999835014343,157.50400722026825,157.50400722026825,20,100,2026-09-07T21:15:51.064547+00:00
kaggle-vllm-m3-allreduce-raw-v1,kaggle-vllm-m3-two-rank-nccl-allreduce-v1,1024,float16,2,3,5,92.16000139713287,107.84000158309937,107.84000158309937,20,100,2026-09-07T21:15:51.064547+00:00
kaggle-vllm-m3-allreduce-raw-v1,kaggle-vllm-m3-two-rank-nccl-allreduce-v1,1024,float16,2,3,6,101.21600329875946,84.19200032949448,101.21600329875946,20,100,2026-09-07T21:15:51.064547+00:00
kaggle-vllm-m3-allreduce-raw-v1,kaggle-vllm-m3-two-rank-nccl-allreduce-v1,1024,float16,2,3,7,118.94399672746658,116.70400202274323,118.94399672746658,20,100,2026-09-07T21:15:51.064547+00:00
kaggle-vllm-m3-allreduce-raw-v1,kaggle-vllm-m3-two-rank-nccl-allreduce-v1,1024,float16,2,3,8,85.85599809885025,89.28000181913376,89.28000181913376,20,100,2026-09-07T21:15:51.064547+00:00
kaggle-vllm-m3-allreduce-raw-v1,kaggle-vllm-m3-two-rank-nccl-allreduce-v1,1024,float16,2,3,9,115.7120019197464,104.44799810647964,115.7120019197464,20,100,2026-09-07T21:15:51.064547+00:00
kaggle-vllm-m3-allreduce-raw-v1,kaggle-vllm-m3-two-rank-nccl-allreduce-v1,1024,float16,2,3,10,112.67200112342834,104.92800176143646,112.67200112342834,20,100,2026-09-07T21:15:51.064547+00:00
kaggle-vllm-m3-allreduce-raw-v1,kaggle-vllm-m3-two-rank-nccl-allreduce-v1,1024,float16,2,3,11,84.03199911117554,87.07199990749359,87.07199990749359,20,100,2026-09-07T21:15:51.064547+00:00
kaggle-vllm-m3-allreduce-raw-v1,kaggle-vllm-m3-two-rank-nccl-allreduce-v1,1024,float16,2,3,12,83.99999886751175,82.65600353479385,83.99999886751175,20,100,2026-09-07T21:15:51.064547+00:00
kaggle-vllm-m3-allreduce-raw-v1,kaggle-vllm-m3-two-rank-nccl-allreduce-v1,1024,float16,2,3,13,81.66400343179703,90.08000046014786,90.08000046014786,20,100,2026-09-07T21:15:51.064547+00:00
kaggle-vllm-m3-allreduce-raw-v1,kaggle-vllm-m3-two-rank-nccl-allreduce-v1,1024,float16,2,3,14,88.06400001049042,83.96799862384796,88.06400001049042,20,100,2026-09-07T21:15:51.064547+00:00
kaggle-vllm-m3-allreduce-raw-v1,kaggle-vllm-m3-two-rank-nccl-allreduce-v1,1024,float16,2,3,15,77.82399654388428,92.16000139713287,92.16000139713287,20,100,2026-09-07T21:15:51.064547+00:00
kaggle-vllm-m3-allreduce-raw-v1,kaggle-vllm-m3-two-rank-nccl-allreduce-v1,1024,float16,2,3,16,84.22400057315826,85.37600189447403,85.37600189447403,20,100,2026-09-07T21:15:51.064547+00:00
kaggle-vllm-m3-allreduce-raw-v1,kaggle-vllm-m3-two-rank-nccl-allreduce-v1,1024,float16,2,3,17,95.83999961614609,106.52799904346466,106.52799904346466,20,100,2026-09-07T21:15:51.064547+00:00
kaggle-vllm-m3-allreduce-raw-v1,kaggle-vllm-m3-two-rank-nccl-allreduce-v1,1024,float16,2,3,18,87.61599659919739,81.82399719953537,87.61599659919739,20,100,2026-09-07T21:15:51.064547+00:00
kaggle-vllm-m3-allreduce-raw-v1,kaggle-vllm-m3-two-rank-nccl-allreduce-v1,1024,float16,2,3,19,94.17600184679031,89.79199826717377,94.17600184679031,20,100,2026-09-07T21:15:51.064547+00:00
kaggle-vllm-m3-allreduce-raw-v1,kaggle-vllm-m3-two-rank-nccl-allreduce-v1,1024,float16,2,3,20,140.47999680042267,113.08799684047699,140.47999680042267,20,100,2026-09-07T21:15:51.064547+00:00
kaggle-vllm-m3-allreduce-raw-v1,kaggle-vllm-m3-two-rank-nccl-allreduce-v1,1024,float16,2,3,21,92.19200164079666,114.43199962377548,114.43199962377548,20,100,2026-09-07T21:15:51.064547+00:00
kaggle-vllm-m3-allreduce-raw-v1,kaggle-vllm-m3-two-rank-nccl-allreduce-v1,1024,float16,2,3,22,114.656001329422,104.41599786281586,114.656001329422,20,100,2026-09-07T21:15:51.064547+00:00
kaggle-vllm-m3-allreduce-raw-v1,kaggle-vllm-m3-two-rank-nccl-allreduce-v1,1024,float16,2,3,23,93.72799843549728,96.22400254011154,96.22400254011154,20,100,2026-09-07T21:15:51.064547+00:00
kaggle-vllm-m3-allreduce-raw-v1,kaggle-vllm-m3-two-rank-nccl-allreduce-v1,1024,float16,2,3,24,92.12800115346909,92.51199662685394,92.51199662685394,20,100,2026-09-07T21:15:51.064547+00:00
kaggle-vllm-m3-allreduce-raw-v1,kaggle-vllm-m3-two-rank-nccl-allreduce-v1,1024,float16,2,3,25,114.9120032787323,107.35999792814255,114.9120032787323,20,100,2026-09-07T21:15:51.064547+00:00
kaggle-vllm-m3-allreduce-raw-v1,kaggle-vllm-m3-two-rank-nccl-allreduce-v1,1024,float16,2,3,26,115.167997777462,121.2799996137619,121.2799996137619,20,100,2026-09-07T21:15:51.064547+00:00
kaggle-vllm-m3-allreduce-raw-v1,kaggle-vllm-m3-two-rank-nccl-allreduce-v1,1024,float16,2,3,27,112.12799698114395,96.41599655151367,112.12799698114395,20,100,2026-09-07T21:15:51.064547+00:00
kaggle-vllm-m3-allreduce-raw-v1,kaggle-vllm-m3-two-rank-nccl-allreduce-v1,1024,float16,2,3,28,98.4639972448349,93.47199648618698,98.4639972448349,20,100,2026-09-07T21:15:51.064547+00:00
kaggle-vllm-m3-allreduce-raw-v1,kaggle-vllm-m3-two-rank-nccl-allreduce-v1,1024,float16,2,3,29,107.19999670982361,110.17599701881409,110.17599701881409,20,100,2026-09-07T21:15:51.064547+00:00
kaggle-vllm-m3-allreduce-raw-v1,kaggle-vllm-m3-two-rank-nccl-allreduce-v1,1024,float16,2,3,30,101.3759970664978,103.04000228643417,103.04000228643417,20,100,2026-09-07T21:15:51.064547+00:00
kaggle-vllm-m3-allreduce-raw-v1,kaggle-vllm-m3-two-rank-nccl-allreduce-v1,1024,float16,2,3,31,102.62399911880493,94.2080020904541,102.62399911880493,20,100,2026-09-07T21:15:51.064547+00:00
kaggle-vllm-m3-allreduce-raw-v1,kaggle-vllm-m3-two-rank-nccl-allreduce-v1,1024,float16,2,3,32,96.57599776983261,98.62399846315384,98.62399846315384,20,100,2026-09-07T21:15:51.064547+00:00
kaggle-vllm-m3-allreduce-raw-v1,kaggle-vllm-m3-two-rank-nccl-allreduce-v1,1024,float16,2,3,33,92.25600212812424,93.91999989748001,93.91999989748001,20,100,2026-09-07T21:15:51.064547+00:00
kaggle-vllm-m3-allreduce-raw-v1,kaggle-vllm-m3-two-rank-nccl-allreduce-v1,1024,float16,2,3,34,100.96000134944916,100.35199671983719,100.96000134944916,20,100,2026-09-07T21:15:51.064547+00:00
kaggle-vllm-m3-allreduce-raw-v1,kaggle-vllm-m3-two-rank-nccl-allreduce-v1,1024,float16,2,3,35,98.30400347709656,96.22400254011154,98.30400347709656,20,100,2026-09-07T21:15:51.064547+00:00
kaggle-vllm-m3-allreduce-raw-v1,kaggle-vllm-m3-two-rank-nccl-allreduce-v1,1024,float16,2,3,36,79.99999821186066,81.63200318813324,81.63200318813324,20,100,2026-09-07T21:15:51.064547+00:00
kaggle-vllm-m3-allreduce-raw-v1,kaggle-vllm-m3-two-rank-nccl-allreduce-v1,1024,float16,2,3,37,81.85599744319916,94.33600306510925,94.33600306510925,20,100,2026-09-07T21:15:51.064547+00:00
kaggle-vllm-m3-allreduce-raw-v1,kaggle-vllm-m3-two-rank-nccl-allreduce-v1,1024,float16,2,3,38,105.15200346708298,95.77599912881851,105.15200346708298,20,100,2026-09-07T21:15:51.064547+00:00
kaggle-vllm-m3-allreduce-raw-v1,kaggle-vllm-m3-two-rank-nccl-allreduce-v1,1024,float16,2,3,39,82.0159986615181,84.927998483181,84.927998483181,20,100,2026-09-07T21:15:51.064547+00:00
kaggle-vllm-m3-allreduce-raw-v1,kaggle-vllm-m3-two-rank-nccl-allreduce-v1,1024,float16,2,3,40,79.83999699354172,80.4160013794899,80.4160013794899,20,100,2026-09-07T21:15:51.064547+00:00
kaggle-vllm-m3-allreduce-raw-v1,kaggle-vllm-m3-two-rank-nccl-allreduce-v1,1024,float16,2,3,41,80.4160013794899,80.12799918651581,80.4160013794899,20,100,2026-09-07T21:15:51.064547+00:00
kaggle-vllm-m3-allreduce-raw-v1,kaggle-vllm-m3-two-rank-nccl-allreduce-v1,1024,float16,2,3,42,88.0960002541542,87.61599659919739,88.0960002541542,20,100,2026-09-07T21:15:51.064547+00:00
kaggle-vllm-m3-allreduce-raw-v1,kaggle-vllm-m3-two-rank-nccl-allreduce-v1,1024,float16,2,3,43,78.43200117349625,83.55200290679932,83.55200290679932,20,100,2026-09-07T21:15:51.064547+00:00
kaggle-vllm-m3-allreduce-raw-v1,kaggle-vllm-m3-two-rank-nccl-allreduce-v1,1024,float16,2,3,44,79.8719972372055,93.02400052547455,93.02400052547455,20,100,2026-09-07T21:15:51.064547+00:00
kaggle-vllm-m3-allreduce-raw-v1,kaggle-vllm-m3-two-rank-nccl-allreduce-v1,1024,float16,2,3,45,93.53599697351456,81.95199817419052,93.53599697351456,20,100,2026-09-07T21:15:51.064547+00:00
kaggle-vllm-m3-allreduce-raw-v1,kaggle-vllm-m3-two-rank-nccl-allreduce-v1,1024,float16,2,3,46,92.19200164079666,92.12800115346909,92.19200164079666,20,100,2026-09-07T21:15:51.064547+00:00
kaggle-vllm-m3-allreduce-raw-v1,kaggle-vllm-m3-two-rank-nccl-allreduce-v1,1024,float16,2,3,47,76.38400048017502,79.80799674987793,79.80799674987793,20,100,2026-09-07T21:15:51.064547+00:00
kaggle-vllm-m3-allreduce-raw-v1,kaggle-vllm-m3-two-rank-nccl-allreduce-v1,1024,float16,2,3,48,81.15199953317642,83.80799740552902,83.80799740552902,20,100,2026-09-07T21:15:51.064547+00:00
kaggle-vllm-m3-allreduce-raw-v1,kaggle-vllm-m3-two-rank-nccl-allreduce-v1,1024,float16,2,3,49,81.88799768686295,80.73599636554718,81.88799768686295,20,100,2026-09-07T21:15:51.064547+00:00
kaggle-vllm-m3-allreduce-raw-v1,kaggle-vllm-m3-two-rank-nccl-allreduce-v1,1024,float16,2,3,50,82.0159986615181,89.47200328111649,89.47200328111649,20,100,2026-09-07T21:15:51.064547+00:00
kaggle-vllm-m3-allreduce-raw-v1,kaggle-vllm-m3-two-rank-nccl-allreduce-v1,1024,float16,2,3,51,104.032002389431,98.27200323343277,104.032002389431,20,100,2026-09-07T21:15:51.064547+00:00
kaggle-vllm-m3-allreduce-raw-v1,kaggle-vllm-m3-two-rank-nccl-allreduce-v1,1024,float16,2,3,52,81.91999793052673,85.34400165081024,85.34400165081024,20,100,2026-09-07T21:15:51.064547+00:00
kaggle-vllm-m3-allreduce-raw-v1,kaggle-vllm-m3-two-rank-nccl-allreduce-v1,1024,float16,2,3,53,105.24799674749374,103.13600301742554,105.24799674749374,20,100,2026-09-07T21:15:51.064547+00:00
kaggle-vllm-m3-allreduce-raw-v1,kaggle-vllm-m3-two-rank-nccl-allreduce-v1,1024,float16,2,3,54,92.38400310277939,103.4879982471466,103.4879982471466,20,100,2026-09-07T21:15:51.064547+00:00
kaggle-vllm-m3-allreduce-raw-v1,kaggle-vllm-m3-two-rank-nccl-allreduce-v1,1024,float16,2,3,55,85.08799970149994,90.33600240945816,90.33600240945816,20,100,2026-09-07T21:15:51.064547+00:00
kaggle-vllm-m3-allreduce-raw-v1,kaggle-vllm-m3-two-rank-nccl-allreduce-v1,1024,float16,2,3,56,80.57600259780884,79.77599650621414,80.57600259780884,20,100,2026-09-07T21:15:51.064547+00:00
kaggle-vllm-m3-allreduce-raw-v1,kaggle-vllm-m3-two-rank-nccl-allreduce-v1,1024,float16,2,3,57,108.5439994931221,96.25600278377533,108.5439994931221,20,100,2026-09-07T21:15:51.064547+00:00
kaggle-vllm-m3-allreduce-raw-v1,kaggle-vllm-m3-two-rank-nccl-allreduce-v1,1024,float16,2,3,58,81.37600123882294,89.91999924182892,89.91999924182892,20,100,2026-09-07T21:15:51.064547+00:00
kaggle-vllm-m3-allreduce-raw-v1,kaggle-vllm-m3-two-rank-nccl-allreduce-v1,1024,float16,2,3,59,86.04799956083298,81.02399855852127,86.04799956083298,20,100,2026-09-07T21:15:51.064547+00:00
kaggle-vllm-m3-allreduce-raw-v1,kaggle-vllm-m3-two-rank-nccl-allreduce-v1,1024,float16,2,3,60,100.3199964761734,101.56799852848053,101.56799852848053,20,100,2026-09-07T21:15:51.064547+00:00
kaggle-vllm-m3-allreduce-raw-v1,kaggle-vllm-m3-two-rank-nccl-allreduce-v1,1024,float16,2,3,61,77.85599678754807,81.95199817419052,81.95199817419052,20,100,2026-09-07T21:15:51.064547+00:00
kaggle-vllm-m3-allreduce-raw-v1,kaggle-vllm-m3-two-rank-nccl-allreduce-v1,1024,float16,2,3,62,77.79199630022049,108.41599851846695,108.41599851846695,20,100,2026-09-07T21:15:51.064547+00:00
kaggle-vllm-m3-allreduce-raw-v1,kaggle-vllm-m3-two-rank-nccl-allreduce-v1,1024,float16,2,3,63,90.14400094747543,86.14400029182434,90.14400094747543,20,100,2026-09-07T21:15:51.064547+00:00
kaggle-vllm-m3-allreduce-raw-v1,kaggle-vllm-m3-two-rank-nccl-allreduce-v1,1024,float16,2,3,64,81.50400221347809,83.96799862384796,83.96799862384796,20,100,2026-09-07T21:15:51.064547+00:00
kaggle-vllm-m3-allreduce-raw-v1,kaggle-vllm-m3-two-rank-nccl-allreduce-v1,1024,float16,2,3,65,107.04000294208527,108.25599730014801,108.25599730014801,20,100,2026-09-07T21:15:51.064547+00:00
kaggle-vllm-m3-allreduce-raw-v1,kaggle-vllm-m3-two-rank-nccl-allreduce-v1,1024,float16,2,3,66,91.2960022687912,95.8079993724823,95.8079993724823,20,100,2026-09-07T21:15:51.064547+00:00
kaggle-vllm-m3-allreduce-raw-v1,kaggle-vllm-m3-two-rank-nccl-allreduce-v1,1024,float16,2,3,67,121.11999839544296,124.09599870443344,124.09599870443344,20,100,2026-09-07T21:15:51.064547+00:00
kaggle-vllm-m3-allreduce-raw-v1,kaggle-vllm-m3-two-rank-nccl-allreduce-v1,1024,float16,2,3,68,88.60799670219421,93.79199892282486,93.79199892282486,20,100,2026-09-07T21:15:51.064547+00:00
kaggle-vllm-m3-allreduce-raw-v1,kaggle-vllm-m3-two-rank-nccl-allreduce-v1,1024,float16,2,3,69,77.82399654388428,82.04799890518188,82.04799890518188,20,100,2026-09-07T21:15:51.064547+00:00
kaggle-vllm-m3-allreduce-raw-v1,kaggle-vllm-m3-two-rank-nccl-allreduce-v1,1024,float16,2,3,70,78.36800068616867,80.28800040483475,80.28800040483475,20,100,2026-09-07T21:15:51.064547+00:00
kaggle-vllm-m3-allreduce-raw-v1,kaggle-vllm-m3-two-rank-nccl-allreduce-v1,1024,float16,2,3,71,87.90399879217148,94.7519987821579,94.7519987821579,20,100,2026-09-07T21:15:51.064547+00:00
kaggle-vllm-m3-allreduce-raw-v1,kaggle-vllm-m3-two-rank-nccl-allreduce-v1,1024,float16,2,3,72,77.85599678754807,90.08000046014786,90.08000046014786,20,100,2026-09-07T21:15:51.064547+00:00
kaggle-vllm-m3-allreduce-raw-v1,kaggle-vllm-m3-two-rank-nccl-allreduce-v1,1024,float16,2,3,73,90.43200314044952,80.92799782752991,90.43200314044952,20,100,2026-09-07T21:15:51.064547+00:00
kaggle-vllm-m3-allreduce-raw-v1,kaggle-vllm-m3-two-rank-nccl-allreduce-v1,1024,float16,2,3,74,87.13600039482117,102.39999741315842,102.39999741315842,20,100,2026-09-07T21:15:51.064547+00:00
kaggle-vllm-m3-allreduce-raw-v1,kaggle-vllm-m3-two-rank-nccl-allreduce-v1,1024,float16,2,3,75,90.08000046014786,88.19200098514557,90.08000046014786,20,100,2026-09-07T21:15:51.064547+00:00
kaggle-vllm-m3-allreduce-raw-v1,kaggle-vllm-m3-two-rank-nccl-allreduce-v1,1024,float16,2,3,76,77.85599678754807,82.84799754619598,82.84799754619598,20,100,2026-09-07T21:15:51.064547+00:00
kaggle-vllm-m3-allreduce-raw-v1,kaggle-vllm-m3-two-rank-nccl-allreduce-v1,1024,float16,2,3,77,81.95199817419052,79.8719972372055,81.95199817419052,20,100,2026-09-07T21:15:51.064547+00:00
kaggle-vllm-m3-allreduce-raw-v1,kaggle-vllm-m3-two-rank-nccl-allreduce-v1,1024,float16,2,3,78,83.77599716186523,85.28000116348267,85.28000116348267,20,100,2026-09-07T21:15:51.064547+00:00
kaggle-vllm-m3-allreduce-raw-v1,kaggle-vllm-m3-two-rank-nccl-allreduce-v1,1024,float16,2,3,79,78.27199995517731,80.4160013794899,80.4160013794899,20,100,2026-09-07T21:15:51.064547+00:00
kaggle-vllm-m3-allreduce-raw-v1,kaggle-vllm-m3-two-rank-nccl-allreduce-v1,1024,float16,2,3,80,88.44800293445587,81.24800026416779,88.44800293445587,20,100,2026-09-07T21:15:51.064547+00:00
kaggle-vllm-m3-allreduce-raw-v1,kaggle-vllm-m3-two-rank-nccl-allreduce-v1,1024,float16,2,3,81,98.30400347709656,99.04000163078308,99.04000163078308,20,100,2026-09-07T21:15:51.064547+00:00
kaggle-vllm-m3-allreduce-raw-v1,kaggle-vllm-m3-two-rank-nccl-allreduce-v1,1024,float16,2,3,82,80.1599994301796,81.88799768686295,81.88799768686295,20,100,2026-09-07T21:15:51.064547+00:00
kaggle-vllm-m3-allreduce-raw-v1,kaggle-vllm-m3-two-rank-nccl-allreduce-v1,1024,float16,2,3,83,79.8719972372055,99.7759997844696,99.7759997844696,20,100,2026-09-07T21:15:51.064547+00:00
kaggle-vllm-m3-allreduce-raw-v1,kaggle-vllm-m3-two-rank-nccl-allreduce-v1,1024,float16,2,3,84,91.07200056314468,80.64000308513641,91.07200056314468,20,100,2026-09-07T21:15:51.064547+00:00
kaggle-vllm-m3-allreduce-raw-v1,kaggle-vllm-m3-two-rank-nccl-allreduce-v1,1024,float16,2,3,85,128.51199507713318,112.28799819946289,128.51199507713318,20,100,2026-09-07T21:15:51.064547+00:00
kaggle-vllm-m3-allreduce-raw-v1,kaggle-vllm-m3-two-rank-nccl-allreduce-v1,1024,float16,2,3,86,108.41599851846695,122.20799922943115,122.20799922943115,20,100,2026-09-07T21:15:51.064547+00:00
kaggle-vllm-m3-allreduce-raw-v1,kaggle-vllm-m3-two-rank-nccl-allreduce-v1,1024,float16,2,3,87,96.22400254011154,102.78400033712387,102.78400033712387,20,100,2026-09-07T21:15:51.064547+00:00
kaggle-vllm-m3-allreduce-raw-v1,kaggle-vllm-m3-two-rank-nccl-allreduce-v1,1024,float16,2,3,88,102.39999741315842,96.25600278377533,102.39999741315842,20,100,2026-09-07T21:15:51.064547+00:00
kaggle-vllm-m3-allreduce-raw-v1,kaggle-vllm-m3-two-rank-nccl-allreduce-v1,1024,float16,2,3,89,86.5280032157898,90.11200070381165,90.11200070381165,20,100,2026-09-07T21:15:51.064547+00:00
kaggle-vllm-m3-allreduce-raw-v1,kaggle-vllm-m3-two-rank-nccl-allreduce-v1,1024,float16,2,3,90,104.44799810647964,96.25600278377533,104.44799810647964,20,100,2026-09-07T21:15:51.064547+00:00
kaggle-vllm-m3-allreduce-raw-v1,kaggle-vllm-m3-two-rank-nccl-allreduce-v1,1024,float16,2,3,91,96.25600278377533,104.54399883747101,104.54399883747101,20,100,2026-09-07T21:15:51.064547+00:00
kaggle-vllm-m3-allreduce-raw-v1,kaggle-vllm-m3-two-rank-nccl-allreduce-v1,1024,float16,2,3,92,100.0640019774437,92.70399808883667,100.0640019774437,20,100,2026-09-07T21:15:51.064547+00:00
kaggle-vllm-m3-allreduce-raw-v1,kaggle-vllm-m3-two-rank-nccl-allreduce-v1,1024,float16,2,3,93,110.59200018644333,92.16000139713287,110.59200018644333,20,100,2026-09-07T21:15:51.064547+00:00
kaggle-vllm-m3-allreduce-raw-v1,kaggle-vllm-m3-two-rank-nccl-allreduce-v1,1024,float16,2,3,94,102.49599814414978,100.80000013113022,102.49599814414978,20,100,2026-09-07T21:15:51.064547+00:00
kaggle-vllm-m3-allreduce-raw-v1,kaggle-vllm-m3-two-rank-nccl-allreduce-v1,1024,float16,2,3,95,79.42400127649307,79.99999821186066,79.99999821186066,20,100,2026-09-07T21:15:51.064547+00:00
kaggle-vllm-m3-allreduce-raw-v1,kaggle-vllm-m3-two-rank-nccl-allreduce-v1,1024,float16,2,3,96,78.43200117349625,92.19200164079666,92.19200164079666,20,100,2026-09-07T21:15:51.064547+00:00
kaggle-vllm-m3-allreduce-raw-v1,kaggle-vllm-m3-two-rank-nccl-allreduce-v1,1024,float16,2,3,97,89.15200084447861,78.07999849319458,89.15200084447861,20,100,2026-09-07T21:15:51.064547+00:00
kaggle-vllm-m3-allreduce-raw-v1,kaggle-vllm-m3-two-rank-nccl-allreduce-v1,1024,float16,2,3,98,93.72799843549728,96.28800302743912,96.28800302743912,20,100,2026-09-07T21:15:51.064547+00:00
kaggle-vllm-m3-allreduce-raw-v1,kaggle-vllm-m3-two-rank-nccl-allreduce-v1,1024,float16,2,3,99,94.87999975681305,99.07200187444687,99.07200187444687,20,100,2026-09-07T21:15:51.064547+00:00
kaggle-vllm-m3-allreduce-raw-v1,kaggle-vllm-m3-two-rank-nccl-allreduce-v1,4096,float16,2,3,0,196.6399997472763,268.73600482940674,268.73600482940674,20,100,2026-09-07T21:15:51.153502+00:00
kaggle-vllm-m3-allreduce-raw-v1,kaggle-vllm-m3-two-rank-nccl-allreduce-v1,4096,float16,2,3,1,255.74401021003723,274.52799677848816,274.52799677848816,20,100,2026-09-07T21:15:51.153502+00:00
kaggle-vllm-m3-allreduce-raw-v1,kaggle-vllm-m3-two-rank-nccl-allreduce-v1,4096,float16,2,3,2,197.66399264335632,114.07999694347382,197.66399264335632,20,100,2026-09-07T21:15:51.153502+00:00
kaggle-vllm-m3-allreduce-raw-v1,kaggle-vllm-m3-two-rank-nccl-allreduce-v1,4096,float16,2,3,3,149.50400590896606,127.23200023174286,149.50400590896606,20,100,2026-09-07T21:15:51.153502+00:00
kaggle-vllm-m3-allreduce-raw-v1,kaggle-vllm-m3-two-rank-nccl-allreduce-v1,4096,float16,2,3,4,161.43999993801117,135.19999384880066,161.43999993801117,20,100,2026-09-07T21:15:51.153502+00:00
kaggle-vllm-m3-allreduce-raw-v1,kaggle-vllm-m3-two-rank-nccl-allreduce-v1,4096,float16,2,3,5,128.03199887275696,149.53599870204926,149.53599870204926,20,100,2026-09-07T21:15:51.153502+00:00
kaggle-vllm-m3-allreduce-raw-v1,kaggle-vllm-m3-two-rank-nccl-allreduce-v1,4096,float16,2,3,6,88.06400001049042,93.37600320577621,93.37600320577621,20,100,2026-09-07T21:15:51.153502+00:00
kaggle-vllm-m3-allreduce-raw-v1,kaggle-vllm-m3-two-rank-nccl-allreduce-v1,4096,float16,2,3,7,85.40800213813782,85.91999858617783,85.91999858617783,20,100,2026-09-07T21:15:51.153502+00:00
kaggle-vllm-m3-allreduce-raw-v1,kaggle-vllm-m3-two-rank-nccl-allreduce-v1,4096,float16,2,3,8,90.52799642086029,90.01599997282028,90.52799642086029,20,100,2026-09-07T21:15:51.153502+00:00
kaggle-vllm-m3-allreduce-raw-v1,kaggle-vllm-m3-two-rank-nccl-allreduce-v1,4096,float16,2,3,9,82.36800134181976,81.91999793052673,82.36800134181976,20,100,2026-09-07T21:15:51.153502+00:00
kaggle-vllm-m3-allreduce-raw-v1,kaggle-vllm-m3-two-rank-nccl-allreduce-v1,4096,float16,2,3,10,96.25600278377533,88.22400122880936,96.25600278377533,20,100,2026-09-07T21:15:51.153502+00:00
kaggle-vllm-m3-allreduce-raw-v1,kaggle-vllm-m3-two-rank-nccl-allreduce-v1,4096,float16,2,3,11,116.95999652147293,155.07200360298157,155.07200360298157,20,100,2026-09-07T21:15:51.153502+00:00
kaggle-vllm-m3-allreduce-raw-v1,kaggle-vllm-m3-two-rank-nccl-allreduce-v1,4096,float16,2,3,12,81.40800148248672,81.34400099515915,81.40800148248672,20,100,2026-09-07T21:15:51.153502+00:00
kaggle-vllm-m3-allreduce-raw-v1,kaggle-vllm-m3-two-rank-nccl-allreduce-v1,4096,float16,2,3,13,79.83999699354172,82.40000158548355,82.40000158548355,20,100,2026-09-07T21:15:51.153502+00:00
kaggle-vllm-m3-allreduce-raw-v1,kaggle-vllm-m3-two-rank-nccl-allreduce-v1,4096,float16,2,3,14,101.6639992594719,100.35199671983719,101.6639992594719,20,100,2026-09-07T21:15:51.153502+00:00
kaggle-vllm-m3-allreduce-raw-v1,kaggle-vllm-m3-two-rank-nccl-allreduce-v1,4096,float16,2,3,15,110.20799726247787,109.8880022764206,110.20799726247787,20,100,2026-09-07T21:15:51.153502+00:00
kaggle-vllm-m3-allreduce-raw-v1,kaggle-vllm-m3-two-rank-nccl-allreduce-v1,4096,float16,2,3,16,92.19200164079666,93.08800101280212,93.08800101280212,20,100,2026-09-07T21:15:51.153502+00:00
kaggle-vllm-m3-allreduce-raw-v1,kaggle-vllm-m3-two-rank-nccl-allreduce-v1,4096,float16,2,3,17,88.06400001049042,90.11200070381165,90.11200070381165,20,100,2026-09-07T21:15:51.153502+00:00
kaggle-vllm-m3-allreduce-raw-v1,kaggle-vllm-m3-two-rank-nccl-allreduce-v1,4096,float16,2,3,18,88.03199976682663,88.03199976682663,88.03199976682663,20,100,2026-09-07T21:15:51.153502+00:00
kaggle-vllm-m3-allreduce-raw-v1,kaggle-vllm-m3-two-rank-nccl-allreduce-v1,4096,float16,2,3,19,96.89600020647049,100.60799866914749,100.60799866914749,20,100,2026-09-07T21:15:51.153502+00:00
kaggle-vllm-m3-allreduce-raw-v1,kaggle-vllm-m3-two-rank-nccl-allreduce-v1,4096,float16,2,3,20,80.83199709653854,81.95199817419052,81.95199817419052,20,100,2026-09-07T21:15:51.153502+00:00
kaggle-vllm-m3-allreduce-raw-v1,kaggle-vllm-m3-two-rank-nccl-allreduce-v1,4096,float16,2,3,21,104.44799810647964,100.89600086212158,104.44799810647964,20,100,2026-09-07T21:15:51.153502+00:00
kaggle-vllm-m3-allreduce-raw-v1,kaggle-vllm-m3-two-rank-nccl-allreduce-v1,4096,float16,2,3,22,88.0960002541542,98.24000298976898,98.24000298976898,20,100,2026-09-07T21:15:51.153502+00:00
kaggle-vllm-m3-allreduce-raw-v1,kaggle-vllm-m3-two-rank-nccl-allreduce-v1,4096,float16,2,3,23,96.28800302743912,96.03200107812881,96.28800302743912,20,100,2026-09-07T21:15:51.153502+00:00
kaggle-vllm-m3-allreduce-raw-v1,kaggle-vllm-m3-two-rank-nccl-allreduce-v1,4096,float16,2,3,24,90.7519981265068,107.61599987745285,107.61599987745285,20,100,2026-09-07T21:15:51.153502+00:00
kaggle-vllm-m3-allreduce-raw-v1,kaggle-vllm-m3-two-rank-nccl-allreduce-v1,4096,float16,2,3,25,79.6160027384758,79.8719972372055,79.8719972372055,20,100,2026-09-07T21:15:51.153502+00:00
kaggle-vllm-m3-allreduce-raw-v1,kaggle-vllm-m3-two-rank-nccl-allreduce-v1,4096,float16,2,3,26,78.43200117349625,80.48000186681747,80.48000186681747,20,100,2026-09-07T21:15:51.153502+00:00
kaggle-vllm-m3-allreduce-raw-v1,kaggle-vllm-m3-two-rank-nccl-allreduce-v1,4096,float16,2,3,27,130.5920034646988,134.62400436401367,134.62400436401367,20,100,2026-09-07T21:15:51.153502+00:00
kaggle-vllm-m3-allreduce-raw-v1,kaggle-vllm-m3-two-rank-nccl-allreduce-v1,4096,float16,2,3,28,147.48799800872803,130.5920034646988,147.48799800872803,20,100,2026-09-07T21:15:51.153502+00:00
kaggle-vllm-m3-allreduce-raw-v1,kaggle-vllm-m3-two-rank-nccl-allreduce-v1,4096,float16,2,3,29,103.61599922180176,97.21600264310837,103.61599922180176,20,100,2026-09-07T21:15:51.153502+00:00
kaggle-vllm-m3-allreduce-raw-v1,kaggle-vllm-m3-two-rank-nccl-allreduce-v1,4096,float16,2,3,30,120.92799693346024,127.00800597667694,127.00800597667694,20,100,2026-09-07T21:15:51.153502+00:00
kaggle-vllm-m3-allreduce-raw-v1,kaggle-vllm-m3-two-rank-nccl-allreduce-v1,4096,float16,2,3,31,93.98400038480759,93.9520001411438,93.98400038480759,20,100,2026-09-07T21:15:51.153502+00:00
kaggle-vllm-m3-allreduce-raw-v1,kaggle-vllm-m3-two-rank-nccl-allreduce-v1,4096,float16,2,3,32,88.06400001049042,81.85599744319916,88.06400001049042,20,100,2026-09-07T21:15:51.153502+00:00
kaggle-vllm-m3-allreduce-raw-v1,kaggle-vllm-m3-two-rank-nccl-allreduce-v1,4096,float16,2,3,33,94.2080020904541,108.38399827480316,108.38399827480316,20,100,2026-09-07T21:15:51.153502+00:00
kaggle-vllm-m3-allreduce-raw-v1,kaggle-vllm-m3-two-rank-nccl-allreduce-v1,4096,float16,2,3,34,95.10400146245956,97.56799787282944,97.56799787282944,20,100,2026-09-07T21:15:51.153502+00:00
kaggle-vllm-m3-allreduce-raw-v1,kaggle-vllm-m3-two-rank-nccl-allreduce-v1,4096,float16,2,3,35,84.41600203514099,86.04799956083298,86.04799956083298,20,100,2026-09-07T21:15:51.153502+00:00
kaggle-vllm-m3-allreduce-raw-v1,kaggle-vllm-m3-two-rank-nccl-allreduce-v1,4096,float16,2,3,36,157.60000050067902,104.41599786281586,157.60000050067902,20,100,2026-09-07T21:15:51.153502+00:00
kaggle-vllm-m3-allreduce-raw-v1,kaggle-vllm-m3-two-rank-nccl-allreduce-v1,4096,float16,2,3,37,81.82399719953537,79.9039974808693,81.82399719953537,20,100,2026-09-07T21:15:51.153502+00:00
kaggle-vllm-m3-allreduce-raw-v1,kaggle-vllm-m3-two-rank-nccl-allreduce-v1,4096,float16,2,3,38,80.1599994301796,79.8719972372055,80.1599994301796,20,100,2026-09-07T21:15:51.153502+00:00
kaggle-vllm-m3-allreduce-raw-v1,kaggle-vllm-m3-two-rank-nccl-allreduce-v1,4096,float16,2,3,39,81.50400221347809,78.46400141716003,81.50400221347809,20,100,2026-09-07T21:15:51.153502+00:00
kaggle-vllm-m3-allreduce-raw-v1,kaggle-vllm-m3-two-rank-nccl-allreduce-v1,4096,float16,2,3,40,86.01599931716919,86.27200126647949,86.27200126647949,20,100,2026-09-07T21:15:51.153502+00:00
kaggle-vllm-m3-allreduce-raw-v1,kaggle-vllm-m3-two-rank-nccl-allreduce-v1,4096,float16,2,3,41,79.52000200748444,90.01599997282028,90.01599997282028,20,100,2026-09-07T21:15:51.153502+00:00
kaggle-vllm-m3-allreduce-raw-v1,kaggle-vllm-m3-two-rank-nccl-allreduce-v1,4096,float16,2,3,42,130.2720010280609,153.60000729560852,153.60000729560852,20,100,2026-09-07T21:15:51.153502+00:00
kaggle-vllm-m3-allreduce-raw-v1,kaggle-vllm-m3-two-rank-nccl-allreduce-v1,4096,float16,2,3,43,119.19999867677689,99.32799637317657,119.19999867677689,20,100,2026-09-07T21:15:51.153502+00:00
kaggle-vllm-m3-allreduce-raw-v1,kaggle-vllm-m3-two-rank-nccl-allreduce-v1,4096,float16,2,3,44,110.59200018644333,87.5839963555336,110.59200018644333,20,100,2026-09-07T21:15:51.153502+00:00
kaggle-vllm-m3-allreduce-raw-v1,kaggle-vllm-m3-two-rank-nccl-allreduce-v1,4096,float16,2,3,45,136.60800457000732,114.27199840545654,136.60800457000732,20,100,2026-09-07T21:15:51.153502+00:00
kaggle-vllm-m3-allreduce-raw-v1,kaggle-vllm-m3-two-rank-nccl-allreduce-v1,4096,float16,2,3,46,109.8880022764206,91.80799871683121,109.8880022764206,20,100,2026-09-07T21:15:51.153502+00:00
kaggle-vllm-m3-allreduce-raw-v1,kaggle-vllm-m3-two-rank-nccl-allreduce-v1,4096,float16,2,3,47,118.8800036907196,93.98400038480759,118.8800036907196,20,100,2026-09-07T21:15:51.153502+00:00
kaggle-vllm-m3-allreduce-raw-v1,kaggle-vllm-m3-two-rank-nccl-allreduce-v1,4096,float16,2,3,48,119.00799721479416,118.52800101041794,119.00799721479416,20,100,2026-09-07T21:15:51.153502+00:00
kaggle-vllm-m3-allreduce-raw-v1,kaggle-vllm-m3-two-rank-nccl-allreduce-v1,4096,float16,2,3,49,106.49599879980087,92.22400188446045,106.49599879980087,20,100,2026-09-07T21:15:51.153502+00:00
kaggle-vllm-m3-allreduce-raw-v1,kaggle-vllm-m3-two-rank-nccl-allreduce-v1,4096,float16,2,3,50,185.88800728321075,186.81600689888,186.81600689888,20,100,2026-09-07T21:15:51.153502+00:00
kaggle-vllm-m3-allreduce-raw-v1,kaggle-vllm-m3-two-rank-nccl-allreduce-v1,4096,float16,2,3,51,92.47999638319016,92.16000139713287,92.47999638319016,20,100,2026-09-07T21:15:51.153502+00:00
kaggle-vllm-m3-allreduce-raw-v1,kaggle-vllm-m3-two-rank-nccl-allreduce-v1,4096,float16,2,3,52,87.74399757385254,93.31200271844864,93.31200271844864,20,100,2026-09-07T21:15:51.153502+00:00
kaggle-vllm-m3-allreduce-raw-v1,kaggle-vllm-m3-two-rank-nccl-allreduce-v1,4096,float16,2,3,53,94.40000355243683,85.53600311279297,94.40000355243683,20,100,2026-09-07T21:15:51.153502+00:00
kaggle-vllm-m3-allreduce-raw-v1,kaggle-vllm-m3-two-rank-nccl-allreduce-v1,4096,float16,2,3,54,100.00000149011612,114.84800279140472,114.84800279140472,20,100,2026-09-07T21:15:51.153502+00:00
kaggle-vllm-m3-allreduce-raw-v1,kaggle-vllm-m3-two-rank-nccl-allreduce-v1,4096,float16,2,3,55,79.93599772453308,81.15199953317642,81.15199953317642,20,100,2026-09-07T21:15:51.153502+00:00
kaggle-vllm-m3-allreduce-raw-v1,kaggle-vllm-m3-two-rank-nccl-allreduce-v1,4096,float16,2,3,56,81.91999793052673,80.4160013794899,81.91999793052673,20,100,2026-09-07T21:15:51.153502+00:00
kaggle-vllm-m3-allreduce-raw-v1,kaggle-vllm-m3-two-rank-nccl-allreduce-v1,4096,float16,2,3,57,103.45599800348282,79.80799674987793,103.45599800348282,20,100,2026-09-07T21:15:51.153502+00:00
kaggle-vllm-m3-allreduce-raw-v1,kaggle-vllm-m3-two-rank-nccl-allreduce-v1,4096,float16,2,3,58,191.103994846344,175.26400089263916,191.103994846344,20,100,2026-09-07T21:15:51.153502+00:00
kaggle-vllm-m3-allreduce-raw-v1,kaggle-vllm-m3-two-rank-nccl-allreduce-v1,4096,float16,2,3,59,104.44799810647964,103.58399897813797,104.44799810647964,20,100,2026-09-07T21:15:51.153502+00:00
kaggle-vllm-m3-allreduce-raw-v1,kaggle-vllm-m3-two-rank-nccl-allreduce-v1,4096,float16,2,3,60,102.24000364542007,108.06400328874588,108.06400328874588,20,100,2026-09-07T21:15:51.153502+00:00
kaggle-vllm-m3-allreduce-raw-v1,kaggle-vllm-m3-two-rank-nccl-allreduce-v1,4096,float16,2,3,61,96.00000083446503,108.2879975438118,108.2879975438118,20,100,2026-09-07T21:15:51.153502+00:00
kaggle-vllm-m3-allreduce-raw-v1,kaggle-vllm-m3-two-rank-nccl-allreduce-v1,4096,float16,2,3,62,83.55200290679932,79.8719972372055,83.55200290679932,20,100,2026-09-07T21:15:51.153502+00:00
kaggle-vllm-m3-allreduce-raw-v1,kaggle-vllm-m3-two-rank-nccl-allreduce-v1,4096,float16,2,3,63,108.89600217342377,95.551997423172,108.89600217342377,20,100,2026-09-07T21:15:51.153502+00:00
kaggle-vllm-m3-allreduce-raw-v1,kaggle-vllm-m3-two-rank-nccl-allreduce-v1,4096,float16,2,3,64,79.83999699354172,80.12799918651581,80.12799918651581,20,100,2026-09-07T21:15:51.153502+00:00
kaggle-vllm-m3-allreduce-raw-v1,kaggle-vllm-m3-two-rank-nccl-allreduce-v1,4096,float16,2,3,65,79.03999835252762,81.63200318813324,81.63200318813324,20,100,2026-09-07T21:15:51.153502+00:00
kaggle-vllm-m3-allreduce-raw-v1,kaggle-vllm-m3-two-rank-nccl-allreduce-v1,4096,float16,2,3,66,98.81599992513657,143.36000382900238,143.36000382900238,20,100,2026-09-07T21:15:51.153502+00:00
kaggle-vllm-m3-allreduce-raw-v1,kaggle-vllm-m3-two-rank-nccl-allreduce-v1,4096,float16,2,3,67,77.79199630022049,83.99999886751175,83.99999886751175,20,100,2026-09-07T21:15:51.153502+00:00
kaggle-vllm-m3-allreduce-raw-v1,kaggle-vllm-m3-two-rank-nccl-allreduce-v1,4096,float16,2,3,68,78.3040001988411,86.01599931716919,86.01599931716919,20,100,2026-09-07T21:15:51.153502+00:00
kaggle-vllm-m3-allreduce-raw-v1,kaggle-vllm-m3-two-rank-nccl-allreduce-v1,4096,float16,2,3,69,81.82399719953537,81.91999793052673,81.91999793052673,20,100,2026-09-07T21:15:51.153502+00:00
kaggle-vllm-m3-allreduce-raw-v1,kaggle-vllm-m3-two-rank-nccl-allreduce-v1,4096,float16,2,3,70,83.03999900817871,83.99999886751175,83.99999886751175,20,100,2026-09-07T21:15:51.153502+00:00
kaggle-vllm-m3-allreduce-raw-v1,kaggle-vllm-m3-two-rank-nccl-allreduce-v1,4096,float16,2,3,71,79.45600152015686,80.06399869918823,80.06399869918823,20,100,2026-09-07T21:15:51.153502+00:00
kaggle-vllm-m3-allreduce-raw-v1,kaggle-vllm-m3-two-rank-nccl-allreduce-v1,4096,float16,2,3,72,77.47200131416321,81.08799904584885,81.08799904584885,20,100,2026-09-07T21:15:51.153502+00:00
kaggle-vllm-m3-allreduce-raw-v1,kaggle-vllm-m3-two-rank-nccl-allreduce-v1,4096,float16,2,3,73,99.67999905347824,137.2160017490387,137.2160017490387,20,100,2026-09-07T21:15:51.153502+00:00
kaggle-vllm-m3-allreduce-raw-v1,kaggle-vllm-m3-two-rank-nccl-allreduce-v1,4096,float16,2,3,74,78.59200239181519,82.30400085449219,82.30400085449219,20,100,2026-09-07T21:15:51.153502+00:00
kaggle-vllm-m3-allreduce-raw-v1,kaggle-vllm-m3-two-rank-nccl-allreduce-v1,4096,float16,2,3,75,76.12799853086472,84.03199911117554,84.03199911117554,20,100,2026-09-07T21:15:51.153502+00:00
kaggle-vllm-m3-allreduce-raw-v1,kaggle-vllm-m3-two-rank-nccl-allreduce-v1,4096,float16,2,3,76,113.8560026884079,114.78400230407715,114.78400230407715,20,100,2026-09-07T21:15:51.153502+00:00
kaggle-vllm-m3-allreduce-raw-v1,kaggle-vllm-m3-two-rank-nccl-allreduce-v1,4096,float16,2,3,77,94.24000233411789,140.22399485111237,140.22399485111237,20,100,2026-09-07T21:15:51.153502+00:00
kaggle-vllm-m3-allreduce-raw-v1,kaggle-vllm-m3-two-rank-nccl-allreduce-v1,4096,float16,2,3,78,98.27200323343277,102.04800218343735,102.04800218343735,20,100,2026-09-07T21:15:51.153502+00:00
kaggle-vllm-m3-allreduce-raw-v1,kaggle-vllm-m3-two-rank-nccl-allreduce-v1,4096,float16,2,3,79,92.6079973578453,92.28800237178802,92.6079973578453,20,100,2026-09-07T21:15:51.153502+00:00
kaggle-vllm-m3-allreduce-raw-v1,kaggle-vllm-m3-two-rank-nccl-allreduce-v1,4096,float16,2,3,80,79.6160027384758,85.02399921417236,85.02399921417236,20,100,2026-09-07T21:15:51.153502+00:00
kaggle-vllm-m3-allreduce-raw-v1,kaggle-vllm-m3-two-rank-nccl-allreduce-v1,4096,float16,2,3,81,77.98399776220322,91.10400080680847,91.10400080680847,20,100,2026-09-07T21:15:51.153502+00:00
kaggle-vllm-m3-allreduce-raw-v1,kaggle-vllm-m3-two-rank-nccl-allreduce-v1,4096,float16,2,3,82,90.2400016784668,79.8719972372055,90.2400016784668,20,100,2026-09-07T21:15:51.153502+00:00
kaggle-vllm-m3-allreduce-raw-v1,kaggle-vllm-m3-two-rank-nccl-allreduce-v1,4096,float16,2,3,83,85.37600189447403,86.01599931716919,86.01599931716919,20,100,2026-09-07T21:15:51.153502+00:00
kaggle-vllm-m3-allreduce-raw-v1,kaggle-vllm-m3-two-rank-nccl-allreduce-v1,4096,float16,2,3,84,78.40000092983246,79.48800176382065,79.48800176382065,20,100,2026-09-07T21:15:51.153502+00:00
kaggle-vllm-m3-allreduce-raw-v1,kaggle-vllm-m3-two-rank-nccl-allreduce-v1,4096,float16,2,3,85,85.79199761152267,86.01599931716919,86.01599931716919,20,100,2026-09-07T21:15:51.153502+00:00
kaggle-vllm-m3-allreduce-raw-v1,kaggle-vllm-m3-two-rank-nccl-allreduce-v1,4096,float16,2,3,86,81.66400343179703,81.216000020504,81.66400343179703,20,100,2026-09-07T21:15:51.153502+00:00
kaggle-vllm-m3-allreduce-raw-v1,kaggle-vllm-m3-two-rank-nccl-allreduce-v1,4096,float16,2,3,87,79.8719972372055,81.69600367546082,81.69600367546082,20,100,2026-09-07T21:15:51.153502+00:00
kaggle-vllm-m3-allreduce-raw-v1,kaggle-vllm-m3-two-rank-nccl-allreduce-v1,4096,float16,2,3,88,77.85599678754807,78.04799824953079,78.04799824953079,20,100,2026-09-07T21:15:51.153502+00:00
kaggle-vllm-m3-allreduce-raw-v1,kaggle-vllm-m3-two-rank-nccl-allreduce-v1,4096,float16,2,3,89,77.85599678754807,80.12799918651581,80.12799918651581,20,100,2026-09-07T21:15:51.153502+00:00
kaggle-vllm-m3-allreduce-raw-v1,kaggle-vllm-m3-two-rank-nccl-allreduce-v1,4096,float16,2,3,90,79.8719972372055,79.23199981451035,79.8719972372055,20,100,2026-09-07T21:15:51.153502+00:00
kaggle-vllm-m3-allreduce-raw-v1,kaggle-vllm-m3-two-rank-nccl-allreduce-v1,4096,float16,2,3,91,85.24800091981888,87.36000210046768,87.36000210046768,20,100,2026-09-07T21:15:51.153502+00:00
kaggle-vllm-m3-allreduce-raw-v1,kaggle-vllm-m3-two-rank-nccl-allreduce-v1,4096,float16,2,3,92,92.12800115346909,99.13600236177444,99.13600236177444,20,100,2026-09-07T21:15:51.153502+00:00
kaggle-vllm-m3-allreduce-raw-v1,kaggle-vllm-m3-two-rank-nccl-allreduce-v1,4096,float16,2,3,93,91.71199798583984,91.93599969148636,91.93599969148636,20,100,2026-09-07T21:15:51.153502+00:00
kaggle-vllm-m3-allreduce-raw-v1,kaggle-vllm-m3-two-rank-nccl-allreduce-v1,4096,float16,2,3,94,92.96000003814697,108.67200046777725,108.67200046777725,20,100,2026-09-07T21:15:51.153502+00:00
kaggle-vllm-m3-allreduce-raw-v1,kaggle-vllm-m3-two-rank-nccl-allreduce-v1,4096,float16,2,3,95,79.74400371313095,81.91999793052673,81.91999793052673,20,100,2026-09-07T21:15:51.153502+00:00
kaggle-vllm-m3-allreduce-raw-v1,kaggle-vllm-m3-two-rank-nccl-allreduce-v1,4096,float16,2,3,96,82.68799632787704,77.85599678754807,82.68799632787704,20,100,2026-09-07T21:15:51.153502+00:00
kaggle-vllm-m3-allreduce-raw-v1,kaggle-vllm-m3-two-rank-nccl-allreduce-v1,4096,float16,2,3,97,81.95199817419052,86.56000345945358,86.56000345945358,20,100,2026-09-07T21:15:51.153502+00:00
kaggle-vllm-m3-allreduce-raw-v1,kaggle-vllm-m3-two-rank-nccl-allreduce-v1,4096,float16,2,3,98,77.95199751853943,79.64800298213959,79.64800298213959,20,100,2026-09-07T21:15:51.153502+00:00
kaggle-vllm-m3-allreduce-raw-v1,kaggle-vllm-m3-two-rank-nccl-allreduce-v1,4096,float16,2,3,99,79.68000322580338,88.41600269079208,88.41600269079208,20,100,2026-09-07T21:15:51.153502+00:00
kaggle-vllm-m3-allreduce-raw-v1,kaggle-vllm-m3-two-rank-nccl-allreduce-v1,16384,float16,2,3,0,98.30400347709656,97.82399982213974,98.30400347709656,20,100,2026-09-07T21:15:51.190740+00:00
kaggle-vllm-m3-allreduce-raw-v1,kaggle-vllm-m3-two-rank-nccl-allreduce-v1,16384,float16,2,3,1,90.59199690818787,90.08000046014786,90.59199690818787,20,100,2026-09-07T21:15:51.190740+00:00
kaggle-vllm-m3-allreduce-raw-v1,kaggle-vllm-m3-two-rank-nccl-allreduce-v1,16384,float16,2,3,2,86.17600053548813,86.01599931716919,86.17600053548813,20,100,2026-09-07T21:15:51.190740+00:00
kaggle-vllm-m3-allreduce-raw-v1,kaggle-vllm-m3-two-rank-nccl-allreduce-v1,16384,float16,2,3,3,92.70399808883667,92.12800115346909,92.70399808883667,20,100,2026-09-07T21:15:51.190740+00:00
kaggle-vllm-m3-allreduce-raw-v1,kaggle-vllm-m3-two-rank-nccl-allreduce-v1,16384,float16,2,3,4,125.66399574279785,153.98399531841278,153.98399531841278,20,100,2026-09-07T21:15:51.190740+00:00
kaggle-vllm-m3-allreduce-raw-v1,kaggle-vllm-m3-two-rank-nccl-allreduce-v1,16384,float16,2,3,5,81.95199817419052,85.53600311279297,85.53600311279297,20,100,2026-09-07T21:15:51.190740+00:00
kaggle-vllm-m3-allreduce-raw-v1,kaggle-vllm-m3-two-rank-nccl-allreduce-v1,16384,float16,2,3,6,88.0960002541542,89.50400352478027,89.50400352478027,20,100,2026-09-07T21:15:51.190740+00:00
kaggle-vllm-m3-allreduce-raw-v1,kaggle-vllm-m3-two-rank-nccl-allreduce-v1,16384,float16,2,3,7,110.75200140476227,95.10400146245956,110.75200140476227,20,100,2026-09-07T21:15:51.190740+00:00
kaggle-vllm-m3-allreduce-raw-v1,kaggle-vllm-m3-two-rank-nccl-allreduce-v1,16384,float16,2,3,8,87.48800307512283,90.11200070381165,90.11200070381165,20,100,2026-09-07T21:15:51.190740+00:00
kaggle-vllm-m3-allreduce-raw-v1,kaggle-vllm-m3-two-rank-nccl-allreduce-v1,16384,float16,2,3,9,88.16000074148178,89.6959975361824,89.6959975361824,20,100,2026-09-07T21:15:51.190740+00:00
kaggle-vllm-m3-allreduce-raw-v1,kaggle-vllm-m3-two-rank-nccl-allreduce-v1,16384,float16,2,3,10,82.07999914884567,81.88799768686295,82.07999914884567,20,100,2026-09-07T21:15:51.190740+00:00
kaggle-vllm-m3-allreduce-raw-v1,kaggle-vllm-m3-two-rank-nccl-allreduce-v1,16384,float16,2,3,11,95.93600034713745,84.83199775218964,95.93600034713745,20,100,2026-09-07T21:15:51.190740+00:00
kaggle-vllm-m3-allreduce-raw-v1,kaggle-vllm-m3-two-rank-nccl-allreduce-v1,16384,float16,2,3,12,94.14400160312653,99.29600358009338,99.29600358009338,20,100,2026-09-07T21:15:51.190740+00:00
kaggle-vllm-m3-allreduce-raw-v1,kaggle-vllm-m3-two-rank-nccl-allreduce-v1,16384,float16,2,3,13,92.19200164079666,102.4319976568222,102.4319976568222,20,100,2026-09-07T21:15:51.190740+00:00
kaggle-vllm-m3-allreduce-raw-v1,kaggle-vllm-m3-two-rank-nccl-allreduce-v1,16384,float16,2,3,14,98.27200323343277,97.95200079679489,98.27200323343277,20,100,2026-09-07T21:15:51.190740+00:00
kaggle-vllm-m3-allreduce-raw-v1,kaggle-vllm-m3-two-rank-nccl-allreduce-v1,16384,float16,2,3,15,108.57599973678589,100.89600086212158,108.57599973678589,20,100,2026-09-07T21:15:51.190740+00:00
kaggle-vllm-m3-allreduce-raw-v1,kaggle-vllm-m3-two-rank-nccl-allreduce-v1,16384,float16,2,3,16,81.82399719953537,88.57599645853043,88.57599645853043,20,100,2026-09-07T21:15:51.190740+00:00
kaggle-vllm-m3-allreduce-raw-v1,kaggle-vllm-m3-two-rank-nccl-allreduce-v1,16384,float16,2,3,17,81.88799768686295,88.0960002541542,88.0960002541542,20,100,2026-09-07T21:15:51.190740+00:00
kaggle-vllm-m3-allreduce-raw-v1,kaggle-vllm-m3-two-rank-nccl-allreduce-v1,16384,float16,2,3,18,81.37600123882294,92.03200042247772,92.03200042247772,20,100,2026-09-07T21:15:51.190740+00:00
kaggle-vllm-m3-allreduce-raw-v1,kaggle-vllm-m3-two-rank-nccl-allreduce-v1,16384,float16,2,3,19,101.72799974679947,81.98399841785431,101.72799974679947,20,100,2026-09-07T21:15:51.190740+00:00
kaggle-vllm-m3-allreduce-raw-v1,kaggle-vllm-m3-two-rank-nccl-allreduce-v1,16384,float16,2,3,20,119.07199770212173,106.75200074911118,119.07199770212173,20,100,2026-09-07T21:15:51.190740+00:00
kaggle-vllm-m3-allreduce-raw-v1,kaggle-vllm-m3-two-rank-nccl-allreduce-v1,16384,float16,2,3,21,80.4160013794899,80.86399734020233,80.86399734020233,20,100,2026-09-07T21:15:51.190740+00:00
kaggle-vllm-m3-allreduce-raw-v1,kaggle-vllm-m3-two-rank-nccl-allreduce-v1,16384,float16,2,3,22,81.727996468544,82.36800134181976,82.36800134181976,20,100,2026-09-07T21:15:51.190740+00:00
kaggle-vllm-m3-allreduce-raw-v1,kaggle-vllm-m3-two-rank-nccl-allreduce-v1,16384,float16,2,3,23,79.71200346946716,81.91999793052673,81.91999793052673,20,100,2026-09-07T21:15:51.190740+00:00
kaggle-vllm-m3-allreduce-raw-v1,kaggle-vllm-m3-two-rank-nccl-allreduce-v1,16384,float16,2,3,24,92.12800115346909,91.51999652385712,92.12800115346909,20,100,2026-09-07T21:15:51.190740+00:00
kaggle-vllm-m3-allreduce-raw-v1,kaggle-vllm-m3-two-rank-nccl-allreduce-v1,16384,float16,2,3,25,81.53600245714188,83.83999764919281,83.83999764919281,20,100,2026-09-07T21:15:51.190740+00:00
kaggle-vllm-m3-allreduce-raw-v1,kaggle-vllm-m3-two-rank-nccl-allreduce-v1,16384,float16,2,3,26,90.11200070381165,82.56000280380249,90.11200070381165,20,100,2026-09-07T21:15:51.190740+00:00
kaggle-vllm-m3-allreduce-raw-v1,kaggle-vllm-m3-two-rank-nccl-allreduce-v1,16384,float16,2,3,27,89.15200084447861,100.03200173377991,100.03200173377991,20,100,2026-09-07T21:15:51.190740+00:00
kaggle-vllm-m3-allreduce-raw-v1,kaggle-vllm-m3-two-rank-nccl-allreduce-v1,16384,float16,2,3,28,83.8719978928566,103.26399654150009,103.26399654150009,20,100,2026-09-07T21:15:51.190740+00:00
kaggle-vllm-m3-allreduce-raw-v1,kaggle-vllm-m3-two-rank-nccl-allreduce-v1,16384,float16,2,3,29,92.19200164079666,79.83999699354172,92.19200164079666,20,100,2026-09-07T21:15:51.190740+00:00
kaggle-vllm-m3-allreduce-raw-v1,kaggle-vllm-m3-two-rank-nccl-allreduce-v1,16384,float16,2,3,30,108.22399705648422,102.27199643850327,108.22399705648422,20,100,2026-09-07T21:15:51.190740+00:00
kaggle-vllm-m3-allreduce-raw-v1,kaggle-vllm-m3-two-rank-nccl-allreduce-v1,16384,float16,2,3,31,88.51200342178345,82.33600109815598,88.51200342178345,20,100,2026-09-07T21:15:51.190740+00:00
kaggle-vllm-m3-allreduce-raw-v1,kaggle-vllm-m3-two-rank-nccl-allreduce-v1,16384,float16,2,3,32,102.36799716949463,103.87200117111206,103.87200117111206,20,100,2026-09-07T21:15:51.190740+00:00
kaggle-vllm-m3-allreduce-raw-v1,kaggle-vllm-m3-two-rank-nccl-allreduce-v1,16384,float16,2,3,33,108.57599973678589,151.16800367832184,151.16800367832184,20,100,2026-09-07T21:15:51.190740+00:00
kaggle-vllm-m3-allreduce-raw-v1,kaggle-vllm-m3-two-rank-nccl-allreduce-v1,16384,float16,2,3,34,86.20800077915192,90.20800143480301,90.20800143480301,20,100,2026-09-07T21:15:51.190740+00:00
kaggle-vllm-m3-allreduce-raw-v1,kaggle-vllm-m3-two-rank-nccl-allreduce-v1,16384,float16,2,3,35,96.6079980134964,96.25600278377533,96.6079980134964,20,100,2026-09-07T21:15:51.190740+00:00
kaggle-vllm-m3-allreduce-raw-v1,kaggle-vllm-m3-two-rank-nccl-allreduce-v1,16384,float16,2,3,36,79.9039974808693,87.00799942016602,87.00799942016602,20,100,2026-09-07T21:15:51.190740+00:00
kaggle-vllm-m3-allreduce-raw-v1,kaggle-vllm-m3-two-rank-nccl-allreduce-v1,16384,float16,2,3,37,79.55200225114822,83.96799862384796,83.96799862384796,20,100,2026-09-07T21:15:51.190740+00:00
kaggle-vllm-m3-allreduce-raw-v1,kaggle-vllm-m3-two-rank-nccl-allreduce-v1,16384,float16,2,3,38,79.83999699354172,94.87999975681305,94.87999975681305,20,100,2026-09-07T21:15:51.190740+00:00
kaggle-vllm-m3-allreduce-raw-v1,kaggle-vllm-m3-two-rank-nccl-allreduce-v1,16384,float16,2,3,39,98.30400347709656,89.6959975361824,98.30400347709656,20,100,2026-09-07T21:15:51.190740+00:00
kaggle-vllm-m3-allreduce-raw-v1,kaggle-vllm-m3-two-rank-nccl-allreduce-v1,16384,float16,2,3,40,110.17599701881409,105.66399991512299,110.17599701881409,20,100,2026-09-07T21:15:51.190740+00:00
kaggle-vllm-m3-allreduce-raw-v1,kaggle-vllm-m3-two-rank-nccl-allreduce-v1,16384,float16,2,3,41,79.9039974808693,81.53600245714188,81.53600245714188,20,100,2026-09-07T21:15:51.190740+00:00
kaggle-vllm-m3-allreduce-raw-v1,kaggle-vllm-m3-two-rank-nccl-allreduce-v1,16384,float16,2,3,42,174.94399845600128,143.39199662208557,174.94399845600128,20,100,2026-09-07T21:15:51.190740+00:00
kaggle-vllm-m3-allreduce-raw-v1,kaggle-vllm-m3-two-rank-nccl-allreduce-v1,16384,float16,2,3,43,183.80799889564514,141.31200313568115,183.80799889564514,20,100,2026-09-07T21:15:51.190740+00:00
kaggle-vllm-m3-allreduce-raw-v1,kaggle-vllm-m3-two-rank-nccl-allreduce-v1,16384,float16,2,3,44,215.03999829292297,229.66399788856506,229.66399788856506,20,100,2026-09-07T21:15:51.190740+00:00
kaggle-vllm-m3-allreduce-raw-v1,kaggle-vllm-m3-two-rank-nccl-allreduce-v1,16384,float16,2,3,45,213.98399770259857,190.0160014629364,213.98399770259857,20,100,2026-09-07T21:15:51.190740+00:00
kaggle-vllm-m3-allreduce-raw-v1,kaggle-vllm-m3-two-rank-nccl-allreduce-v1,16384,float16,2,3,46,198.65599274635315,210.94399690628052,210.94399690628052,20,100,2026-09-07T21:15:51.190740+00:00
kaggle-vllm-m3-allreduce-raw-v1,kaggle-vllm-m3-two-rank-nccl-allreduce-v1,16384,float16,2,3,47,186.0159933567047,190.46400487422943,190.46400487422943,20,100,2026-09-07T21:15:51.190740+00:00
kaggle-vllm-m3-allreduce-raw-v1,kaggle-vllm-m3-two-rank-nccl-allreduce-v1,16384,float16,2,3,48,182.23999440670013,159.7760021686554,182.23999440670013,20,100,2026-09-07T21:15:51.190740+00:00
kaggle-vllm-m3-allreduce-raw-v1,kaggle-vllm-m3-two-rank-nccl-allreduce-v1,16384,float16,2,3,49,190.68799912929535,182.27200210094452,190.68799912929535,20,100,2026-09-07T21:15:51.190740+00:00
kaggle-vllm-m3-allreduce-raw-v1,kaggle-vllm-m3-two-rank-nccl-allreduce-v1,16384,float16,2,3,50,155.74400126934052,160.863995552063,160.863995552063,20,100,2026-09-07T21:15:51.190740+00:00
kaggle-vllm-m3-allreduce-raw-v1,kaggle-vllm-m3-two-rank-nccl-allreduce-v1,16384,float16,2,3,51,179.80800569057465,145.56799829006195,179.80800569057465,20,100,2026-09-07T21:15:51.190740+00:00
kaggle-vllm-m3-allreduce-raw-v1,kaggle-vllm-m3-two-rank-nccl-allreduce-v1,16384,float16,2,3,52,153.60000729560852,133.08799266815186,153.60000729560852,20,100,2026-09-07T21:15:51.190740+00:00
kaggle-vllm-m3-allreduce-raw-v1,kaggle-vllm-m3-two-rank-nccl-allreduce-v1,16384,float16,2,3,53,174.112007021904,182.3039948940277,182.3039948940277,20,100,2026-09-07T21:15:51.190740+00:00
kaggle-vllm-m3-allreduce-raw-v1,kaggle-vllm-m3-two-rank-nccl-allreduce-v1,16384,float16,2,3,54,105.53599894046783,129.05600666999817,129.05600666999817,20,100,2026-09-07T21:15:51.190740+00:00
kaggle-vllm-m3-allreduce-raw-v1,kaggle-vllm-m3-two-rank-nccl-allreduce-v1,16384,float16,2,3,55,87.87199854850769,86.68799698352814,87.87199854850769,20,100,2026-09-07T21:15:51.190740+00:00
kaggle-vllm-m3-allreduce-raw-v1,kaggle-vllm-m3-two-rank-nccl-allreduce-v1,16384,float16,2,3,56,101.1200025677681,90.40000289678574,101.1200025677681,20,100,2026-09-07T21:15:51.190740+00:00
kaggle-vllm-m3-allreduce-raw-v1,kaggle-vllm-m3-two-rank-nccl-allreduce-v1,16384,float16,2,3,57,159.7760021686554,107.68000036478043,159.7760021686554,20,100,2026-09-07T21:15:51.190740+00:00
kaggle-vllm-m3-allreduce-raw-v1,kaggle-vllm-m3-two-rank-nccl-allreduce-v1,16384,float16,2,3,58,98.30400347709656,112.60800063610077,112.60800063610077,20,100,2026-09-07T21:15:51.190740+00:00
kaggle-vllm-m3-allreduce-raw-v1,kaggle-vllm-m3-two-rank-nccl-allreduce-v1,16384,float16,2,3,59,83.23200047016144,83.00799876451492,83.23200047016144,20,100,2026-09-07T21:15:51.190740+00:00
kaggle-vllm-m3-allreduce-raw-v1,kaggle-vllm-m3-two-rank-nccl-allreduce-v1,16384,float16,2,3,60,231.3919961452484,312.063992023468,312.063992023468,20,100,2026-09-07T21:15:51.190740+00:00
kaggle-vllm-m3-allreduce-raw-v1,kaggle-vllm-m3-two-rank-nccl-allreduce-v1,16384,float16,2,3,61,88.06400001049042,94.2080020904541,94.2080020904541,20,100,2026-09-07T21:15:51.190740+00:00
kaggle-vllm-m3-allreduce-raw-v1,kaggle-vllm-m3-two-rank-nccl-allreduce-v1,16384,float16,2,3,62,198.62399995326996,103.74400019645691,198.62399995326996,20,100,2026-09-07T21:15:51.190740+00:00
kaggle-vllm-m3-allreduce-raw-v1,kaggle-vllm-m3-two-rank-nccl-allreduce-v1,16384,float16,2,3,63,130.68799674510956,106.01600259542465,130.68799674510956,20,100,2026-09-07T21:15:51.190740+00:00
kaggle-vllm-m3-allreduce-raw-v1,kaggle-vllm-m3-two-rank-nccl-allreduce-v1,16384,float16,2,3,64,149.50400590896606,98.81599992513657,149.50400590896606,20,100,2026-09-07T21:15:51.190740+00:00
kaggle-vllm-m3-allreduce-raw-v1,kaggle-vllm-m3-two-rank-nccl-allreduce-v1,16384,float16,2,3,65,152.22400426864624,153.43999862670898,153.43999862670898,20,100,2026-09-07T21:15:51.190740+00:00
kaggle-vllm-m3-allreduce-raw-v1,kaggle-vllm-m3-two-rank-nccl-allreduce-v1,16384,float16,2,3,66,96.73599898815155,94.43199634552002,96.73599898815155,20,100,2026-09-07T21:15:51.190740+00:00
kaggle-vllm-m3-allreduce-raw-v1,kaggle-vllm-m3-two-rank-nccl-allreduce-v1,16384,float16,2,3,67,104.00000214576721,95.36000341176987,104.00000214576721,20,100,2026-09-07T21:15:51.190740+00:00
kaggle-vllm-m3-allreduce-raw-v1,kaggle-vllm-m3-two-rank-nccl-allreduce-v1,16384,float16,2,3,68,100.35199671983719,129.50399518013,129.50399518013,20,100,2026-09-07T21:15:51.190740+00:00
kaggle-vllm-m3-allreduce-raw-v1,kaggle-vllm-m3-two-rank-nccl-allreduce-v1,16384,float16,2,3,69,100.73599964380264,93.6959981918335,100.73599964380264,20,100,2026-09-07T21:15:51.190740+00:00
kaggle-vllm-m3-allreduce-raw-v1,kaggle-vllm-m3-two-rank-nccl-allreduce-v1,16384,float16,2,3,70,80.32000064849854,83.64800363779068,83.64800363779068,20,100,2026-09-07T21:15:51.190740+00:00
kaggle-vllm-m3-allreduce-raw-v1,kaggle-vllm-m3-two-rank-nccl-allreduce-v1,16384,float16,2,3,71,100.80000013113022,93.47199648618698,100.80000013113022,20,100,2026-09-07T21:15:51.190740+00:00
kaggle-vllm-m3-allreduce-raw-v1,kaggle-vllm-m3-two-rank-nccl-allreduce-v1,16384,float16,2,3,72,90.11200070381165,85.34400165081024,90.11200070381165,20,100,2026-09-07T21:15:51.190740+00:00
kaggle-vllm-m3-allreduce-raw-v1,kaggle-vllm-m3-two-rank-nccl-allreduce-v1,16384,float16,2,3,73,80.6720033288002,108.5439994931221,108.5439994931221,20,100,2026-09-07T21:15:51.190740+00:00
kaggle-vllm-m3-allreduce-raw-v1,kaggle-vllm-m3-two-rank-nccl-allreduce-v1,16384,float16,2,3,74,84.83199775218964,83.26400071382523,84.83199775218964,20,100,2026-09-07T21:15:51.190740+00:00
kaggle-vllm-m3-allreduce-raw-v1,kaggle-vllm-m3-two-rank-nccl-allreduce-v1,16384,float16,2,3,75,91.00800007581711,90.08000046014786,91.00800007581711,20,100,2026-09-07T21:15:51.190740+00:00
kaggle-vllm-m3-allreduce-raw-v1,kaggle-vllm-m3-two-rank-nccl-allreduce-v1,16384,float16,2,3,76,88.128000497818,89.91999924182892,89.91999924182892,20,100,2026-09-07T21:15:51.190740+00:00
kaggle-vllm-m3-allreduce-raw-v1,kaggle-vllm-m3-two-rank-nccl-allreduce-v1,16384,float16,2,3,77,88.83199840784073,81.34400099515915,88.83199840784073,20,100,2026-09-07T21:15:51.190740+00:00
kaggle-vllm-m3-allreduce-raw-v1,kaggle-vllm-m3-two-rank-nccl-allreduce-v1,16384,float16,2,3,78,104.80000078678131,106.08000308275223,106.08000308275223,20,100,2026-09-07T21:15:51.190740+00:00
kaggle-vllm-m3-allreduce-raw-v1,kaggle-vllm-m3-two-rank-nccl-allreduce-v1,16384,float16,2,3,79,79.8719972372055,81.95199817419052,81.95199817419052,20,100,2026-09-07T21:15:51.190740+00:00
kaggle-vllm-m3-allreduce-raw-v1,kaggle-vllm-m3-two-rank-nccl-allreduce-v1,16384,float16,2,3,80,88.0960002541542,93.05600076913834,93.05600076913834,20,100,2026-09-07T21:15:51.190740+00:00
kaggle-vllm-m3-allreduce-raw-v1,kaggle-vllm-m3-two-rank-nccl-allreduce-v1,16384,float16,2,3,81,81.85599744319916,79.83999699354172,81.85599744319916,20,100,2026-09-07T21:15:51.190740+00:00
kaggle-vllm-m3-allreduce-raw-v1,kaggle-vllm-m3-two-rank-nccl-allreduce-v1,16384,float16,2,3,82,83.0719992518425,87.5839963555336,87.5839963555336,20,100,2026-09-07T21:15:51.190740+00:00
kaggle-vllm-m3-allreduce-raw-v1,kaggle-vllm-m3-two-rank-nccl-allreduce-v1,16384,float16,2,3,83,77.85599678754807,79.8719972372055,79.8719972372055,20,100,2026-09-07T21:15:51.190740+00:00
kaggle-vllm-m3-allreduce-raw-v1,kaggle-vllm-m3-two-rank-nccl-allreduce-v1,16384,float16,2,3,84,87.96799927949905,88.70399743318558,88.70399743318558,20,100,2026-09-07T21:15:51.190740+00:00
kaggle-vllm-m3-allreduce-raw-v1,kaggle-vllm-m3-two-rank-nccl-allreduce-v1,16384,float16,2,3,85,79.80799674987793,81.34400099515915,81.34400099515915,20,100,2026-09-07T21:15:51.190740+00:00
kaggle-vllm-m3-allreduce-raw-v1,kaggle-vllm-m3-two-rank-nccl-allreduce-v1,16384,float16,2,3,86,82.62400329113007,92.12800115346909,92.12800115346909,20,100,2026-09-07T21:15:51.190740+00:00
kaggle-vllm-m3-allreduce-raw-v1,kaggle-vllm-m3-two-rank-nccl-allreduce-v1,16384,float16,2,3,87,87.90399879217148,89.08800035715103,89.08800035715103,20,100,2026-09-07T21:15:51.190740+00:00
kaggle-vllm-m3-allreduce-raw-v1,kaggle-vllm-m3-two-rank-nccl-allreduce-v1,16384,float16,2,3,88,83.80799740552902,88.67199718952179,88.67199718952179,20,100,2026-09-07T21:15:51.190740+00:00
kaggle-vllm-m3-allreduce-raw-v1,kaggle-vllm-m3-two-rank-nccl-allreduce-v1,16384,float16,2,3,89,106.72000050544739,108.51199924945831,108.51199924945831,20,100,2026-09-07T21:15:51.190740+00:00
kaggle-vllm-m3-allreduce-raw-v1,kaggle-vllm-m3-two-rank-nccl-allreduce-v1,16384,float16,2,3,90,83.83999764919281,96.25600278377533,96.25600278377533,20,100,2026-09-07T21:15:51.190740+00:00
kaggle-vllm-m3-allreduce-raw-v1,kaggle-vllm-m3-two-rank-nccl-allreduce-v1,16384,float16,2,3,91,94.7519987821579,81.91999793052673,94.7519987821579,20,100,2026-09-07T21:15:51.190740+00:00
kaggle-vllm-m3-allreduce-raw-v1,kaggle-vllm-m3-two-rank-nccl-allreduce-v1,16384,float16,2,3,92,85.9839990735054,110.6560006737709,110.6560006737709,20,100,2026-09-07T21:15:51.190740+00:00
kaggle-vllm-m3-allreduce-raw-v1,kaggle-vllm-m3-two-rank-nccl-allreduce-v1,16384,float16,2,3,93,79.83999699354172,88.95999938249588,88.95999938249588,20,100,2026-09-07T21:15:51.190740+00:00
kaggle-vllm-m3-allreduce-raw-v1,kaggle-vllm-m3-two-rank-nccl-allreduce-v1,16384,float16,2,3,94,86.04799956083298,83.96799862384796,86.04799956083298,20,100,2026-09-07T21:15:51.190740+00:00
kaggle-vllm-m3-allreduce-raw-v1,kaggle-vllm-m3-two-rank-nccl-allreduce-v1,16384,float16,2,3,95,81.95199817419052,80.83199709653854,81.95199817419052,20,100,2026-09-07T21:15:51.190740+00:00
kaggle-vllm-m3-allreduce-raw-v1,kaggle-vllm-m3-two-rank-nccl-allreduce-v1,16384,float16,2,3,96,81.4720019698143,85.05599945783615,85.05599945783615,20,100,2026-09-07T21:15:51.190740+00:00
kaggle-vllm-m3-allreduce-raw-v1,kaggle-vllm-m3-two-rank-nccl-allreduce-v1,16384,float16,2,3,97,79.58400249481201,87.93599903583527,87.93599903583527,20,100,2026-09-07T21:15:51.190740+00:00
kaggle-vllm-m3-allreduce-raw-v1,kaggle-vllm-m3-two-rank-nccl-allreduce-v1,16384,float16,2,3,98,87.0399996638298,79.13599908351898,87.0399996638298,20,100,2026-09-07T21:15:51.190740+00:00
kaggle-vllm-m3-allreduce-raw-v1,kaggle-vllm-m3-two-rank-nccl-allreduce-v1,16384,float16,2,3,99,98.59199821949005,130.17599284648895,130.17599284648895,20,100,2026-09-07T21:15:51.190740+00:00
kaggle-vllm-m3-allreduce-raw-v1,kaggle-vllm-m3-two-rank-nccl-allreduce-v1,65536,float16,2,3,0,108.2879975438118,116.60800129175186,116.60800129175186,20,100,2026-09-07T21:15:51.231944+00:00
kaggle-vllm-m3-allreduce-raw-v1,kaggle-vllm-m3-two-rank-nccl-allreduce-v1,65536,float16,2,3,1,98.04800152778625,102.52799838781357,102.52799838781357,20,100,2026-09-07T21:15:51.231944+00:00
kaggle-vllm-m3-allreduce-raw-v1,kaggle-vllm-m3-two-rank-nccl-allreduce-v1,65536,float16,2,3,2,104.70400005578995,95.83999961614609,104.70400005578995,20,100,2026-09-07T21:15:51.231944+00:00
kaggle-vllm-m3-allreduce-raw-v1,kaggle-vllm-m3-two-rank-nccl-allreduce-v1,65536,float16,2,3,3,112.44799941778183,96.63999825716019,112.44799941778183,20,100,2026-09-07T21:15:51.231944+00:00
kaggle-vllm-m3-allreduce-raw-v1,kaggle-vllm-m3-two-rank-nccl-allreduce-v1,65536,float16,2,3,4,93.88799965381622,96.03200107812881,96.03200107812881,20,100,2026-09-07T21:15:51.231944+00:00
kaggle-vllm-m3-allreduce-raw-v1,kaggle-vllm-m3-two-rank-nccl-allreduce-v1,65536,float16,2,3,5,96.25600278377533,96.25600278377533,96.25600278377533,20,100,2026-09-07T21:15:51.231944+00:00
kaggle-vllm-m3-allreduce-raw-v1,kaggle-vllm-m3-two-rank-nccl-allreduce-v1,65536,float16,2,3,6,165.95199704170227,118.78400295972824,165.95199704170227,20,100,2026-09-07T21:15:51.231944+00:00
kaggle-vllm-m3-allreduce-raw-v1,kaggle-vllm-m3-two-rank-nccl-allreduce-v1,65536,float16,2,3,7,95.0080007314682,100.51199793815613,100.51199793815613,20,100,2026-09-07T21:15:51.231944+00:00
kaggle-vllm-m3-allreduce-raw-v1,kaggle-vllm-m3-two-rank-nccl-allreduce-v1,65536,float16,2,3,8,108.35199803113937,112.96000331640244,112.96000331640244,20,100,2026-09-07T21:15:51.231944+00:00
kaggle-vllm-m3-allreduce-raw-v1,kaggle-vllm-m3-two-rank-nccl-allreduce-v1,65536,float16,2,3,9,110.55999994277954,162.23999857902527,162.23999857902527,20,100,2026-09-07T21:15:51.231944+00:00
kaggle-vllm-m3-allreduce-raw-v1,kaggle-vllm-m3-two-rank-nccl-allreduce-v1,65536,float16,2,3,10,127.00800597667694,129.12000715732574,129.12000715732574,20,100,2026-09-07T21:15:51.231944+00:00
kaggle-vllm-m3-allreduce-raw-v1,kaggle-vllm-m3-two-rank-nccl-allreduce-v1,65536,float16,2,3,11,104.09600287675858,99.39199686050415,104.09600287675858,20,100,2026-09-07T21:15:51.231944+00:00
kaggle-vllm-m3-allreduce-raw-v1,kaggle-vllm-m3-two-rank-nccl-allreduce-v1,65536,float16,2,3,12,133.56800377368927,105.92000186443329,133.56800377368927,20,100,2026-09-07T21:15:51.231944+00:00
kaggle-vllm-m3-allreduce-raw-v1,kaggle-vllm-m3-two-rank-nccl-allreduce-v1,65536,float16,2,3,13,94.17600184679031,90.36800265312195,94.17600184679031,20,100,2026-09-07T21:15:51.231944+00:00
kaggle-vllm-m3-allreduce-raw-v1,kaggle-vllm-m3-two-rank-nccl-allreduce-v1,65536,float16,2,3,14,98.30400347709656,92.03200042247772,98.30400347709656,20,100,2026-09-07T21:15:51.231944+00:00
kaggle-vllm-m3-allreduce-raw-v1,kaggle-vllm-m3-two-rank-nccl-allreduce-v1,65536,float16,2,3,15,102.36799716949463,158.4639996290207,158.4639996290207,20,100,2026-09-07T21:15:51.231944+00:00
kaggle-vllm-m3-allreduce-raw-v1,kaggle-vllm-m3-two-rank-nccl-allreduce-v1,65536,float16,2,3,16,92.19200164079666,93.85599941015244,93.85599941015244,20,100,2026-09-07T21:15:51.231944+00:00
kaggle-vllm-m3-allreduce-raw-v1,kaggle-vllm-m3-two-rank-nccl-allreduce-v1,65536,float16,2,3,17,100.38399696350098,93.37600320577621,100.38399696350098,20,100,2026-09-07T21:15:51.231944+00:00
kaggle-vllm-m3-allreduce-raw-v1,kaggle-vllm-m3-two-rank-nccl-allreduce-v1,65536,float16,2,3,18,95.58399766683578,96.51199728250504,96.51199728250504,20,100,2026-09-07T21:15:51.231944+00:00
kaggle-vllm-m3-allreduce-raw-v1,kaggle-vllm-m3-two-rank-nccl-allreduce-v1,65536,float16,2,3,19,92.12800115346909,94.68799829483032,94.68799829483032,20,100,2026-09-07T21:15:51.231944+00:00
kaggle-vllm-m3-allreduce-raw-v1,kaggle-vllm-m3-two-rank-nccl-allreduce-v1,65536,float16,2,3,20,102.4319976568222,104.44799810647964,104.44799810647964,20,100,2026-09-07T21:15:51.231944+00:00
kaggle-vllm-m3-allreduce-raw-v1,kaggle-vllm-m3-two-rank-nccl-allreduce-v1,65536,float16,2,3,21,141.34399592876434,104.44799810647964,141.34399592876434,20,100,2026-09-07T21:15:51.231944+00:00
kaggle-vllm-m3-allreduce-raw-v1,kaggle-vllm-m3-two-rank-nccl-allreduce-v1,65536,float16,2,3,22,104.2879968881607,98.81599992513657,104.2879968881607,20,100,2026-09-07T21:15:51.231944+00:00
kaggle-vllm-m3-allreduce-raw-v1,kaggle-vllm-m3-two-rank-nccl-allreduce-v1,65536,float16,2,3,23,91.5519967675209,93.18400174379349,93.18400174379349,20,100,2026-09-07T21:15:51.231944+00:00
kaggle-vllm-m3-allreduce-raw-v1,kaggle-vllm-m3-two-rank-nccl-allreduce-v1,65536,float16,2,3,24,89.47200328111649,94.30400282144547,94.30400282144547,20,100,2026-09-07T21:15:51.231944+00:00
kaggle-vllm-m3-allreduce-raw-v1,kaggle-vllm-m3-two-rank-nccl-allreduce-v1,65536,float16,2,3,25,96.28800302743912,98.30400347709656,98.30400347709656,20,100,2026-09-07T21:15:51.231944+00:00
kaggle-vllm-m3-allreduce-raw-v1,kaggle-vllm-m3-two-rank-nccl-allreduce-v1,65536,float16,2,3,26,101.69599950313568,93.1520015001297,101.69599950313568,20,100,2026-09-07T21:15:51.231944+00:00
kaggle-vllm-m3-allreduce-raw-v1,kaggle-vllm-m3-two-rank-nccl-allreduce-v1,65536,float16,2,3,27,90.14400094747543,96.25600278377533,96.25600278377533,20,100,2026-09-07T21:15:51.231944+00:00
kaggle-vllm-m3-allreduce-raw-v1,kaggle-vllm-m3-two-rank-nccl-allreduce-v1,65536,float16,2,3,28,96.38399630784988,97.120001912117,97.120001912117,20,100,2026-09-07T21:15:51.231944+00:00
kaggle-vllm-m3-allreduce-raw-v1,kaggle-vllm-m3-two-rank-nccl-allreduce-v1,65536,float16,2,3,29,89.82399851083755,92.51199662685394,92.51199662685394,20,100,2026-09-07T21:15:51.231944+00:00
kaggle-vllm-m3-allreduce-raw-v1,kaggle-vllm-m3-two-rank-nccl-allreduce-v1,65536,float16,2,3,30,100.28800368309021,99.39199686050415,100.28800368309021,20,100,2026-09-07T21:15:51.231944+00:00
kaggle-vllm-m3-allreduce-raw-v1,kaggle-vllm-m3-two-rank-nccl-allreduce-v1,65536,float16,2,3,31,94.24000233411789,92.19200164079666,94.24000233411789,20,100,2026-09-07T21:15:51.231944+00:00
kaggle-vllm-m3-allreduce-raw-v1,kaggle-vllm-m3-two-rank-nccl-allreduce-v1,65536,float16,2,3,32,92.19200164079666,92.22400188446045,92.22400188446045,20,100,2026-09-07T21:15:51.231944+00:00
kaggle-vllm-m3-allreduce-raw-v1,kaggle-vllm-m3-two-rank-nccl-allreduce-v1,65536,float16,2,3,33,91.2960022687912,92.12800115346909,92.12800115346909,20,100,2026-09-07T21:15:51.231944+00:00
kaggle-vllm-m3-allreduce-raw-v1,kaggle-vllm-m3-two-rank-nccl-allreduce-v1,65536,float16,2,3,34,91.61599725484848,96.16000205278397,96.16000205278397,20,100,2026-09-07T21:15:51.231944+00:00
kaggle-vllm-m3-allreduce-raw-v1,kaggle-vllm-m3-two-rank-nccl-allreduce-v1,65536,float16,2,3,35,89.63199704885483,90.14400094747543,90.14400094747543,20,100,2026-09-07T21:15:51.231944+00:00
kaggle-vllm-m3-allreduce-raw-v1,kaggle-vllm-m3-two-rank-nccl-allreduce-v1,65536,float16,2,3,36,89.79199826717377,98.55999797582626,98.55999797582626,20,100,2026-09-07T21:15:51.231944+00:00
kaggle-vllm-m3-allreduce-raw-v1,kaggle-vllm-m3-two-rank-nccl-allreduce-v1,65536,float16,2,3,37,98.30400347709656,93.82399916648865,98.30400347709656,20,100,2026-09-07T21:15:51.231944+00:00
kaggle-vllm-m3-allreduce-raw-v1,kaggle-vllm-m3-two-rank-nccl-allreduce-v1,65536,float16,2,3,38,122.40000069141388,118.59200149774551,122.40000069141388,20,100,2026-09-07T21:15:51.231944+00:00
kaggle-vllm-m3-allreduce-raw-v1,kaggle-vllm-m3-two-rank-nccl-allreduce-v1,65536,float16,2,3,39,97.02400118112564,92.12800115346909,97.02400118112564,20,100,2026-09-07T21:15:51.231944+00:00
kaggle-vllm-m3-allreduce-raw-v1,kaggle-vllm-m3-two-rank-nccl-allreduce-v1,65536,float16,2,3,40,98.24000298976898,102.46399790048599,102.46399790048599,20,100,2026-09-07T21:15:51.231944+00:00
kaggle-vllm-m3-allreduce-raw-v1,kaggle-vllm-m3-two-rank-nccl-allreduce-v1,65536,float16,2,3,41,132.6719969511032,167.52000153064728,167.52000153064728,20,100,2026-09-07T21:15:51.231944+00:00
kaggle-vllm-m3-allreduce-raw-v1,kaggle-vllm-m3-two-rank-nccl-allreduce-v1,65536,float16,2,3,42,105.18400371074677,97.72799909114838,105.18400371074677,20,100,2026-09-07T21:15:51.231944+00:00
kaggle-vllm-m3-allreduce-raw-v1,kaggle-vllm-m3-two-rank-nccl-allreduce-v1,65536,float16,2,3,43,127.32799351215363,111.58400028944016,127.32799351215363,20,100,2026-09-07T21:15:51.231944+00:00
kaggle-vllm-m3-allreduce-raw-v1,kaggle-vllm-m3-two-rank-nccl-allreduce-v1,65536,float16,2,3,44,162.36799955368042,2476.032018661499,2476.032018661499,20,100,2026-09-07T21:15:51.231944+00:00
kaggle-vllm-m3-allreduce-raw-v1,kaggle-vllm-m3-two-rank-nccl-allreduce-v1,65536,float16,2,3,45,110.59200018644333,104.22399640083313,110.59200018644333,20,100,2026-09-07T21:15:51.231944+00:00
kaggle-vllm-m3-allreduce-raw-v1,kaggle-vllm-m3-two-rank-nccl-allreduce-v1,65536,float16,2,3,46,113.34399878978729,145.34400403499603,145.34400403499603,20,100,2026-09-07T21:15:51.231944+00:00
kaggle-vllm-m3-allreduce-raw-v1,kaggle-vllm-m3-two-rank-nccl-allreduce-v1,65536,float16,2,3,47,118.68800222873688,118.78400295972824,118.78400295972824,20,100,2026-09-07T21:15:51.231944+00:00
kaggle-vllm-m3-allreduce-raw-v1,kaggle-vllm-m3-two-rank-nccl-allreduce-v1,65536,float16,2,3,48,99.20000284910202,94.46399658918381,99.20000284910202,20,100,2026-09-07T21:15:51.231944+00:00
kaggle-vllm-m3-allreduce-raw-v1,kaggle-vllm-m3-two-rank-nccl-allreduce-v1,65536,float16,2,3,49,132.25600123405457,104.47999835014343,132.25600123405457,20,100,2026-09-07T21:15:51.231944+00:00
kaggle-vllm-m3-allreduce-raw-v1,kaggle-vllm-m3-two-rank-nccl-allreduce-v1,65536,float16,2,3,50,94.62399780750275,94.2080020904541,94.62399780750275,20,100,2026-09-07T21:15:51.231944+00:00
kaggle-vllm-m3-allreduce-raw-v1,kaggle-vllm-m3-two-rank-nccl-allreduce-v1,65536,float16,2,3,51,98.33600372076035,90.97599983215332,98.33600372076035,20,100,2026-09-07T21:15:51.231944+00:00
kaggle-vllm-m3-allreduce-raw-v1,kaggle-vllm-m3-two-rank-nccl-allreduce-v1,65536,float16,2,3,52,102.24000364542007,102.11200267076492,102.24000364542007,20,100,2026-09-07T21:15:51.231944+00:00
kaggle-vllm-m3-allreduce-raw-v1,kaggle-vllm-m3-two-rank-nccl-allreduce-v1,65536,float16,2,3,53,91.32800251245499,91.32800251245499,91.32800251245499,20,100,2026-09-07T21:15:51.231944+00:00
kaggle-vllm-m3-allreduce-raw-v1,kaggle-vllm-m3-two-rank-nccl-allreduce-v1,65536,float16,2,3,54,105.98400235176086,102.27199643850327,105.98400235176086,20,100,2026-09-07T21:15:51.231944+00:00
kaggle-vllm-m3-allreduce-raw-v1,kaggle-vllm-m3-two-rank-nccl-allreduce-v1,65536,float16,2,3,55,90.84799885749817,98.30400347709656,98.30400347709656,20,100,2026-09-07T21:15:51.231944+00:00
kaggle-vllm-m3-allreduce-raw-v1,kaggle-vllm-m3-two-rank-nccl-allreduce-v1,65536,float16,2,3,56,133.4719955921173,101.69599950313568,133.4719955921173,20,100,2026-09-07T21:15:51.231944+00:00
kaggle-vllm-m3-allreduce-raw-v1,kaggle-vllm-m3-two-rank-nccl-allreduce-v1,65536,float16,2,3,57,98.08000177145004,93.31200271844864,98.08000177145004,20,100,2026-09-07T21:15:51.231944+00:00
kaggle-vllm-m3-allreduce-raw-v1,kaggle-vllm-m3-two-rank-nccl-allreduce-v1,65536,float16,2,3,58,92.16000139713287,93.88799965381622,93.88799965381622,20,100,2026-09-07T21:15:51.231944+00:00
kaggle-vllm-m3-allreduce-raw-v1,kaggle-vllm-m3-two-rank-nccl-allreduce-v1,65536,float16,2,3,59,146.59200608730316,167.10400581359863,167.10400581359863,20,100,2026-09-07T21:15:51.231944+00:00
kaggle-vllm-m3-allreduce-raw-v1,kaggle-vllm-m3-two-rank-nccl-allreduce-v1,65536,float16,2,3,60,94.17600184679031,94.2080020904541,94.2080020904541,20,100,2026-09-07T21:15:51.231944+00:00
kaggle-vllm-m3-allreduce-raw-v1,kaggle-vllm-m3-two-rank-nccl-allreduce-v1,65536,float16,2,3,61,100.41599720716476,92.16000139713287,100.41599720716476,20,100,2026-09-07T21:15:51.231944+00:00
kaggle-vllm-m3-allreduce-raw-v1,kaggle-vllm-m3-two-rank-nccl-allreduce-v1,65536,float16,2,3,62,90.55999666452408,92.16000139713287,92.16000139713287,20,100,2026-09-07T21:15:51.231944+00:00
kaggle-vllm-m3-allreduce-raw-v1,kaggle-vllm-m3-two-rank-nccl-allreduce-v1,65536,float16,2,3,63,91.36000275611877,93.02400052547455,93.02400052547455,20,100,2026-09-07T21:15:51.231944+00:00
kaggle-vllm-m3-allreduce-raw-v1,kaggle-vllm-m3-two-rank-nccl-allreduce-v1,65536,float16,2,3,64,90.01599997282028,92.19200164079666,92.19200164079666,20,100,2026-09-07T21:15:51.231944+00:00
kaggle-vllm-m3-allreduce-raw-v1,kaggle-vllm-m3-two-rank-nccl-allreduce-v1,65536,float16,2,3,65,95.23200243711472,89.79199826717377,95.23200243711472,20,100,2026-09-07T21:15:51.231944+00:00
kaggle-vllm-m3-allreduce-raw-v1,kaggle-vllm-m3-two-rank-nccl-allreduce-v1,65536,float16,2,3,66,114.20799791812897,112.67200112342834,114.20799791812897,20,100,2026-09-07T21:15:51.231944+00:00
kaggle-vllm-m3-allreduce-raw-v1,kaggle-vllm-m3-two-rank-nccl-allreduce-v1,65536,float16,2,3,67,121.18399888277054,91.36000275611877,121.18399888277054,20,100,2026-09-07T21:15:51.231944+00:00
kaggle-vllm-m3-allreduce-raw-v1,kaggle-vllm-m3-two-rank-nccl-allreduce-v1,65536,float16,2,3,68,3829.792022705078,214.33599293231964,3829.792022705078,20,100,2026-09-07T21:15:51.231944+00:00
kaggle-vllm-m3-allreduce-raw-v1,kaggle-vllm-m3-two-rank-nccl-allreduce-v1,65536,float16,2,3,69,96.22400254011154,102.27199643850327,102.27199643850327,20,100,2026-09-07T21:15:51.231944+00:00
kaggle-vllm-m3-allreduce-raw-v1,kaggle-vllm-m3-two-rank-nccl-allreduce-v1,65536,float16,2,3,70,104.44799810647964,107.68000036478043,107.68000036478043,20,100,2026-09-07T21:15:51.231944+00:00
kaggle-vllm-m3-allreduce-raw-v1,kaggle-vllm-m3-two-rank-nccl-allreduce-v1,65536,float16,2,3,71,91.39200299978256,93.53599697351456,93.53599697351456,20,100,2026-09-07T21:15:51.231944+00:00
kaggle-vllm-m3-allreduce-raw-v1,kaggle-vllm-m3-two-rank-nccl-allreduce-v1,65536,float16,2,3,72,93.79199892282486,92.22400188446045,93.79199892282486,20,100,2026-09-07T21:15:51.231944+00:00
kaggle-vllm-m3-allreduce-raw-v1,kaggle-vllm-m3-two-rank-nccl-allreduce-v1,65536,float16,2,3,73,147.71200716495514,157.69599378108978,157.69599378108978,20,100,2026-09-07T21:15:51.231944+00:00
kaggle-vllm-m3-allreduce-raw-v1,kaggle-vllm-m3-two-rank-nccl-allreduce-v1,65536,float16,2,3,74,88.95999938249588,91.07200056314468,91.07200056314468,20,100,2026-09-07T21:15:51.231944+00:00
kaggle-vllm-m3-allreduce-raw-v1,kaggle-vllm-m3-two-rank-nccl-allreduce-v1,65536,float16,2,3,75,94.17600184679031,92.25600212812424,94.17600184679031,20,100,2026-09-07T21:15:51.231944+00:00
kaggle-vllm-m3-allreduce-raw-v1,kaggle-vllm-m3-two-rank-nccl-allreduce-v1,65536,float16,2,3,76,96.44799679517746,97.79199957847595,97.79199957847595,20,100,2026-09-07T21:15:51.231944+00:00
kaggle-vllm-m3-allreduce-raw-v1,kaggle-vllm-m3-two-rank-nccl-allreduce-v1,65536,float16,2,3,77,88.06400001049042,90.7839983701706,90.7839983701706,20,100,2026-09-07T21:15:51.231944+00:00
kaggle-vllm-m3-allreduce-raw-v1,kaggle-vllm-m3-two-rank-nccl-allreduce-v1,65536,float16,2,3,78,99.45599734783173,102.24000364542007,102.24000364542007,20,100,2026-09-07T21:15:51.231944+00:00
kaggle-vllm-m3-allreduce-raw-v1,kaggle-vllm-m3-two-rank-nccl-allreduce-v1,65536,float16,2,3,79,90.36800265312195,95.16800194978714,95.16800194978714,20,100,2026-09-07T21:15:51.231944+00:00
kaggle-vllm-m3-allreduce-raw-v1,kaggle-vllm-m3-two-rank-nccl-allreduce-v1,65536,float16,2,3,80,96.28800302743912,98.27200323343277,98.27200323343277,20,100,2026-09-07T21:15:51.231944+00:00
kaggle-vllm-m3-allreduce-raw-v1,kaggle-vllm-m3-two-rank-nccl-allreduce-v1,65536,float16,2,3,81,88.0960002541542,90.40000289678574,90.40000289678574,20,100,2026-09-07T21:15:51.231944+00:00
kaggle-vllm-m3-allreduce-raw-v1,kaggle-vllm-m3-two-rank-nccl-allreduce-v1,65536,float16,2,3,82,92.12800115346909,92.47999638319016,92.47999638319016,20,100,2026-09-07T21:15:51.231944+00:00
kaggle-vllm-m3-allreduce-raw-v1,kaggle-vllm-m3-two-rank-nccl-allreduce-v1,65536,float16,2,3,83,90.08000046014786,92.16000139713287,92.16000139713287,20,100,2026-09-07T21:15:51.231944+00:00
kaggle-vllm-m3-allreduce-raw-v1,kaggle-vllm-m3-two-rank-nccl-allreduce-v1,65536,float16,2,3,84,98.33600372076035,94.43199634552002,98.33600372076035,20,100,2026-09-07T21:15:51.231944+00:00
kaggle-vllm-m3-allreduce-raw-v1,kaggle-vllm-m3-two-rank-nccl-allreduce-v1,65536,float16,2,3,85,129.02399897575378,111.04000359773636,129.02399897575378,20,100,2026-09-07T21:15:51.231944+00:00
kaggle-vllm-m3-allreduce-raw-v1,kaggle-vllm-m3-two-rank-nccl-allreduce-v1,65536,float16,2,3,86,95.51999717950821,95.0080007314682,95.51999717950821,20,100,2026-09-07T21:15:51.231944+00:00
kaggle-vllm-m3-allreduce-raw-v1,kaggle-vllm-m3-two-rank-nccl-allreduce-v1,65536,float16,2,3,87,101.21600329875946,96.76799923181534,101.21600329875946,20,100,2026-09-07T21:15:51.231944+00:00
kaggle-vllm-m3-allreduce-raw-v1,kaggle-vllm-m3-two-rank-nccl-allreduce-v1,65536,float16,2,3,88,92.73599833250046,104.80000078678131,104.80000078678131,20,100,2026-09-07T21:15:51.231944+00:00
kaggle-vllm-m3-allreduce-raw-v1,kaggle-vllm-m3-two-rank-nccl-allreduce-v1,65536,float16,2,3,89,98.27200323343277,92.22400188446045,98.27200323343277,20,100,2026-09-07T21:15:51.231944+00:00
kaggle-vllm-m3-allreduce-raw-v1,kaggle-vllm-m3-two-rank-nccl-allreduce-v1,65536,float16,2,3,90,94.33600306510925,97.08800166845322,97.08800166845322,20,100,2026-09-07T21:15:51.231944+00:00
kaggle-vllm-m3-allreduce-raw-v1,kaggle-vllm-m3-two-rank-nccl-allreduce-v1,65536,float16,2,3,91,90.11200070381165,91.77599847316742,91.77599847316742,20,100,2026-09-07T21:15:51.231944+00:00
kaggle-vllm-m3-allreduce-raw-v1,kaggle-vllm-m3-two-rank-nccl-allreduce-v1,65536,float16,2,3,92,103.7760004401207,94.2080020904541,103.7760004401207,20,100,2026-09-07T21:15:51.231944+00:00
kaggle-vllm-m3-allreduce-raw-v1,kaggle-vllm-m3-two-rank-nccl-allreduce-v1,65536,float16,2,3,93,94.24000233411789,94.94400024414062,94.94400024414062,20,100,2026-09-07T21:15:51.231944+00:00
kaggle-vllm-m3-allreduce-raw-v1,kaggle-vllm-m3-two-rank-nccl-allreduce-v1,65536,float16,2,3,94,90.81599861383438,90.14400094747543,90.81599861383438,20,100,2026-09-07T21:15:51.231944+00:00
kaggle-vllm-m3-allreduce-raw-v1,kaggle-vllm-m3-two-rank-nccl-allreduce-v1,65536,float16,2,3,95,90.08000046014786,92.19200164079666,92.19200164079666,20,100,2026-09-07T21:15:51.231944+00:00
kaggle-vllm-m3-allreduce-raw-v1,kaggle-vllm-m3-two-rank-nccl-allreduce-v1,65536,float16,2,3,96,100.03200173377991,94.14400160312653,100.03200173377991,20,100,2026-09-07T21:15:51.231944+00:00
kaggle-vllm-m3-allreduce-raw-v1,kaggle-vllm-m3-two-rank-nccl-allreduce-v1,65536,float16,2,3,97,137.2479945421219,104.47999835014343,137.2479945421219,20,100,2026-09-07T21:15:51.231944+00:00
kaggle-vllm-m3-allreduce-raw-v1,kaggle-vllm-m3-two-rank-nccl-allreduce-v1,65536,float16,2,3,98,163.87200355529785,178.14399302005768,178.14399302005768,20,100,2026-09-07T21:15:51.231944+00:00
kaggle-vllm-m3-allreduce-raw-v1,kaggle-vllm-m3-two-rank-nccl-allreduce-v1,65536,float16,2,3,99,189.02400135993958,190.46400487422943,190.46400487422943,20,100,2026-09-07T21:15:51.231944+00:00
kaggle-vllm-m3-allreduce-raw-v1,kaggle-vllm-m3-two-rank-nccl-allreduce-v1,262144,float16,2,3,0,166.20799899101257,164.92800414562225,166.20799899101257,20,100,2026-09-07T21:15:51.274203+00:00
kaggle-vllm-m3-allreduce-raw-v1,kaggle-vllm-m3-two-rank-nccl-allreduce-v1,262144,float16,2,3,1,161.8880033493042,162.4000072479248,162.4000072479248,20,100,2026-09-07T21:15:51.274203+00:00
kaggle-vllm-m3-allreduce-raw-v1,kaggle-vllm-m3-two-rank-nccl-allreduce-v1,262144,float16,2,3,2,159.13599729537964,163.4880006313324,163.4880006313324,20,100,2026-09-07T21:15:51.274203+00:00
kaggle-vllm-m3-allreduce-raw-v1,kaggle-vllm-m3-two-rank-nccl-allreduce-v1,262144,float16,2,3,3,163.96799683570862,167.23200678825378,167.23200678825378,20,100,2026-09-07T21:15:51.274203+00:00
kaggle-vllm-m3-allreduce-raw-v1,kaggle-vllm-m3-two-rank-nccl-allreduce-v1,262144,float16,2,3,4,181.98400735855103,186.36800348758698,186.36800348758698,20,100,2026-09-07T21:15:51.274203+00:00
kaggle-vllm-m3-allreduce-raw-v1,kaggle-vllm-m3-two-rank-nccl-allreduce-v1,262144,float16,2,3,5,165.21599888801575,165.92000424861908,165.92000424861908,20,100,2026-09-07T21:15:51.274203+00:00
kaggle-vllm-m3-allreduce-raw-v1,kaggle-vllm-m3-two-rank-nccl-allreduce-v1,262144,float16,2,3,6,153.6320000886917,166.72000288963318,166.72000288963318,20,100,2026-09-07T21:15:51.274203+00:00
kaggle-vllm-m3-allreduce-raw-v1,kaggle-vllm-m3-two-rank-nccl-allreduce-v1,262144,float16,2,3,7,167.93599724769592,170.6559956073761,170.6559956073761,20,100,2026-09-07T21:15:51.274203+00:00
kaggle-vllm-m3-allreduce-raw-v1,kaggle-vllm-m3-two-rank-nccl-allreduce-v1,262144,float16,2,3,8,161.76000237464905,153.53600680828094,161.76000237464905,20,100,2026-09-07T21:15:51.274203+00:00
kaggle-vllm-m3-allreduce-raw-v1,kaggle-vllm-m3-two-rank-nccl-allreduce-v1,262144,float16,2,3,9,164.92800414562225,165.3759926557541,165.3759926557541,20,100,2026-09-07T21:15:51.274203+00:00
kaggle-vllm-m3-allreduce-raw-v1,kaggle-vllm-m3-two-rank-nccl-allreduce-v1,262144,float16,2,3,10,161.79199516773224,163.03999722003937,163.03999722003937,20,100,2026-09-07T21:15:51.274203+00:00
kaggle-vllm-m3-allreduce-raw-v1,kaggle-vllm-m3-two-rank-nccl-allreduce-v1,262144,float16,2,3,11,188.12799453735352,192.99200177192688,192.99200177192688,20,100,2026-09-07T21:15:51.274203+00:00
kaggle-vllm-m3-allreduce-raw-v1,kaggle-vllm-m3-two-rank-nccl-allreduce-v1,262144,float16,2,3,12,162.56000101566315,207.519993185997,207.519993185997,20,100,2026-09-07T21:15:51.274203+00:00
kaggle-vllm-m3-allreduce-raw-v1,kaggle-vllm-m3-two-rank-nccl-allreduce-v1,262144,float16,2,3,13,162.49600052833557,161.56800091266632,162.49600052833557,20,100,2026-09-07T21:15:51.274203+00:00
kaggle-vllm-m3-allreduce-raw-v1,kaggle-vllm-m3-two-rank-nccl-allreduce-v1,262144,float16,2,3,14,220.92799842357635,221.18400037288666,221.18400037288666,20,100,2026-09-07T21:15:51.274203+00:00
kaggle-vllm-m3-allreduce-raw-v1,kaggle-vllm-m3-two-rank-nccl-allreduce-v1,262144,float16,2,3,15,163.83999586105347,165.75999557971954,165.75999557971954,20,100,2026-09-07T21:15:51.274203+00:00
kaggle-vllm-m3-allreduce-raw-v1,kaggle-vllm-m3-two-rank-nccl-allreduce-v1,262144,float16,2,3,16,159.2639982700348,159.7760021686554,159.7760021686554,20,100,2026-09-07T21:15:51.274203+00:00
kaggle-vllm-m3-allreduce-raw-v1,kaggle-vllm-m3-two-rank-nccl-allreduce-v1,262144,float16,2,3,17,159.10400450229645,165.75999557971954,165.75999557971954,20,100,2026-09-07T21:15:51.274203+00:00
kaggle-vllm-m3-allreduce-raw-v1,kaggle-vllm-m3-two-rank-nccl-allreduce-v1,262144,float16,2,3,18,159.743994474411,161.1199975013733,161.1199975013733,20,100,2026-09-07T21:15:51.274203+00:00
kaggle-vllm-m3-allreduce-raw-v1,kaggle-vllm-m3-two-rank-nccl-allreduce-v1,262144,float16,2,3,19,157.72800147533417,164.15999829769135,164.15999829769135,20,100,2026-09-07T21:15:51.274203+00:00
kaggle-vllm-m3-allreduce-raw-v1,kaggle-vllm-m3-two-rank-nccl-allreduce-v1,262144,float16,2,3,20,156.44800662994385,154.55999970436096,156.44800662994385,20,100,2026-09-07T21:15:51.274203+00:00
kaggle-vllm-m3-allreduce-raw-v1,kaggle-vllm-m3-two-rank-nccl-allreduce-v1,262144,float16,2,3,21,161.24799847602844,155.64799308776855,161.24799847602844,20,100,2026-09-07T21:15:51.274203+00:00
kaggle-vllm-m3-allreduce-raw-v1,kaggle-vllm-m3-two-rank-nccl-allreduce-v1,262144,float16,2,3,22,167.9999977350235,167.71200299263,167.9999977350235,20,100,2026-09-07T21:15:51.274203+00:00
kaggle-vllm-m3-allreduce-raw-v1,kaggle-vllm-m3-two-rank-nccl-allreduce-v1,262144,float16,2,3,23,167.4560010433197,166.81599617004395,167.4560010433197,20,100,2026-09-07T21:15:51.274203+00:00
kaggle-vllm-m3-allreduce-raw-v1,kaggle-vllm-m3-two-rank-nccl-allreduce-v1,262144,float16,2,3,24,224.57599639892578,173.08799922466278,224.57599639892578,20,100,2026-09-07T21:15:51.274203+00:00
kaggle-vllm-m3-allreduce-raw-v1,kaggle-vllm-m3-two-rank-nccl-allreduce-v1,262144,float16,2,3,25,221.21599316596985,168.67199540138245,221.21599316596985,20,100,2026-09-07T21:15:51.274203+00:00
kaggle-vllm-m3-allreduce-raw-v1,kaggle-vllm-m3-two-rank-nccl-allreduce-v1,262144,float16,2,3,26,175.9680062532425,167.07199811935425,175.9680062532425,20,100,2026-09-07T21:15:51.274203+00:00
kaggle-vllm-m3-allreduce-raw-v1,kaggle-vllm-m3-two-rank-nccl-allreduce-v1,262144,float16,2,3,27,173.8239973783493,160.8320027589798,173.8239973783493,20,100,2026-09-07T21:15:51.274203+00:00
kaggle-vllm-m3-allreduce-raw-v1,kaggle-vllm-m3-two-rank-nccl-allreduce-v1,262144,float16,2,3,28,173.567995429039,155.16799688339233,173.567995429039,20,100,2026-09-07T21:15:51.274203+00:00
kaggle-vllm-m3-allreduce-raw-v1,kaggle-vllm-m3-two-rank-nccl-allreduce-v1,262144,float16,2,3,29,160.16000509262085,158.24000537395477,160.16000509262085,20,100,2026-09-07T21:15:51.274203+00:00
kaggle-vllm-m3-allreduce-raw-v1,kaggle-vllm-m3-two-rank-nccl-allreduce-v1,262144,float16,2,3,30,159.2639982700348,157.6640009880066,159.2639982700348,20,100,2026-09-07T21:15:51.274203+00:00
kaggle-vllm-m3-allreduce-raw-v1,kaggle-vllm-m3-two-rank-nccl-allreduce-v1,262144,float16,2,3,31,155.68000078201294,151.74399316310883,155.68000078201294,20,100,2026-09-07T21:15:51.274203+00:00
kaggle-vllm-m3-allreduce-raw-v1,kaggle-vllm-m3-two-rank-nccl-allreduce-v1,262144,float16,2,3,32,188.54400515556335,190.17599523067474,190.17599523067474,20,100,2026-09-07T21:15:51.274203+00:00
kaggle-vllm-m3-allreduce-raw-v1,kaggle-vllm-m3-two-rank-nccl-allreduce-v1,262144,float16,2,3,33,154.23999726772308,153.6639928817749,154.23999726772308,20,100,2026-09-07T21:15:51.274203+00:00
kaggle-vllm-m3-allreduce-raw-v1,kaggle-vllm-m3-two-rank-nccl-allreduce-v1,262144,float16,2,3,34,158.720001578331,157.21599757671356,158.720001578331,20,100,2026-09-07T21:15:51.274203+00:00
kaggle-vllm-m3-allreduce-raw-v1,kaggle-vllm-m3-two-rank-nccl-allreduce-v1,262144,float16,2,3,35,219.13599967956543,166.78400337696075,219.13599967956543,20,100,2026-09-07T21:15:51.274203+00:00
kaggle-vllm-m3-allreduce-raw-v1,kaggle-vllm-m3-two-rank-nccl-allreduce-v1,262144,float16,2,3,36,175.00799894332886,171.87200486660004,175.00799894332886,20,100,2026-09-07T21:15:51.274203+00:00
kaggle-vllm-m3-allreduce-raw-v1,kaggle-vllm-m3-two-rank-nccl-allreduce-v1,262144,float16,2,3,37,170.75200378894806,177.50400304794312,177.50400304794312,20,100,2026-09-07T21:15:51.274203+00:00
kaggle-vllm-m3-allreduce-raw-v1,kaggle-vllm-m3-two-rank-nccl-allreduce-v1,262144,float16,2,3,38,171.61600291728973,167.80799627304077,171.61600291728973,20,100,2026-09-07T21:15:51.274203+00:00
kaggle-vllm-m3-allreduce-raw-v1,kaggle-vllm-m3-two-rank-nccl-allreduce-v1,262144,float16,2,3,39,155.68000078201294,154.4959992170334,155.68000078201294,20,100,2026-09-07T21:15:51.274203+00:00
kaggle-vllm-m3-allreduce-raw-v1,kaggle-vllm-m3-two-rank-nccl-allreduce-v1,262144,float16,2,3,40,160.12799739837646,164.000004529953,164.000004529953,20,100,2026-09-07T21:15:51.274203+00:00
kaggle-vllm-m3-allreduce-raw-v1,kaggle-vllm-m3-two-rank-nccl-allreduce-v1,262144,float16,2,3,41,163.87200355529785,160.22400557994843,163.87200355529785,20,100,2026-09-07T21:15:51.274203+00:00
kaggle-vllm-m3-allreduce-raw-v1,kaggle-vllm-m3-two-rank-nccl-allreduce-v1,262144,float16,2,3,42,162.78399527072906,166.52800142765045,166.52800142765045,20,100,2026-09-07T21:15:51.274203+00:00
kaggle-vllm-m3-allreduce-raw-v1,kaggle-vllm-m3-two-rank-nccl-allreduce-v1,262144,float16,2,3,43,163.83999586105347,160.22400557994843,163.83999586105347,20,100,2026-09-07T21:15:51.274203+00:00
kaggle-vllm-m3-allreduce-raw-v1,kaggle-vllm-m3-two-rank-nccl-allreduce-v1,262144,float16,2,3,44,159.55199301242828,157.72800147533417,159.55199301242828,20,100,2026-09-07T21:15:51.274203+00:00
kaggle-vllm-m3-allreduce-raw-v1,kaggle-vllm-m3-two-rank-nccl-allreduce-v1,262144,float16,2,3,45,159.39199924468994,167.90400445461273,167.90400445461273,20,100,2026-09-07T21:15:51.274203+00:00
kaggle-vllm-m3-allreduce-raw-v1,kaggle-vllm-m3-two-rank-nccl-allreduce-v1,262144,float16,2,3,46,167.9999977350235,160.3199988603592,167.9999977350235,20,100,2026-09-07T21:15:51.274203+00:00
kaggle-vllm-m3-allreduce-raw-v1,kaggle-vllm-m3-two-rank-nccl-allreduce-v1,262144,float16,2,3,47,173.5360026359558,160.0639969110489,173.5360026359558,20,100,2026-09-07T21:15:51.274203+00:00
kaggle-vllm-m3-allreduce-raw-v1,kaggle-vllm-m3-two-rank-nccl-allreduce-v1,262144,float16,2,3,48,149.56800639629364,151.5520066022873,151.5520066022873,20,100,2026-09-07T21:15:51.274203+00:00
kaggle-vllm-m3-allreduce-raw-v1,kaggle-vllm-m3-two-rank-nccl-allreduce-v1,262144,float16,2,3,49,163.87200355529785,163.00800442695618,163.87200355529785,20,100,2026-09-07T21:15:51.274203+00:00
kaggle-vllm-m3-allreduce-raw-v1,kaggle-vllm-m3-two-rank-nccl-allreduce-v1,262144,float16,2,3,50,157.24800527095795,154.36799824237823,157.24800527095795,20,100,2026-09-07T21:15:51.274203+00:00
kaggle-vllm-m3-allreduce-raw-v1,kaggle-vllm-m3-two-rank-nccl-allreduce-v1,262144,float16,2,3,51,181.21600151062012,179.74400520324707,181.21600151062012,20,100,2026-09-07T21:15:51.274203+00:00
kaggle-vllm-m3-allreduce-raw-v1,kaggle-vllm-m3-two-rank-nccl-allreduce-v1,262144,float16,2,3,52,160.89600324630737,156.76799416542053,160.89600324630737,20,100,2026-09-07T21:15:51.274203+00:00
kaggle-vllm-m3-allreduce-raw-v1,kaggle-vllm-m3-two-rank-nccl-allreduce-v1,262144,float16,2,3,53,164.67200219631195,161.79199516773224,164.67200219631195,20,100,2026-09-07T21:15:51.274203+00:00
kaggle-vllm-m3-allreduce-raw-v1,kaggle-vllm-m3-two-rank-nccl-allreduce-v1,262144,float16,2,3,54,163.93600404262543,162.91199624538422,163.93600404262543,20,100,2026-09-07T21:15:51.274203+00:00
kaggle-vllm-m3-allreduce-raw-v1,kaggle-vllm-m3-two-rank-nccl-allreduce-v1,262144,float16,2,3,55,166.49599373340607,164.48000073432922,166.49599373340607,20,100,2026-09-07T21:15:51.274203+00:00
kaggle-vllm-m3-allreduce-raw-v1,kaggle-vllm-m3-two-rank-nccl-allreduce-v1,262144,float16,2,3,56,153.60000729560852,162.432000041008,162.432000041008,20,100,2026-09-07T21:15:51.274203+00:00
kaggle-vllm-m3-allreduce-raw-v1,kaggle-vllm-m3-two-rank-nccl-allreduce-v1,262144,float16,2,3,57,170.17599940299988,159.7760021686554,170.17599940299988,20,100,2026-09-07T21:15:51.274203+00:00
kaggle-vllm-m3-allreduce-raw-v1,kaggle-vllm-m3-two-rank-nccl-allreduce-v1,262144,float16,2,3,58,171.23199999332428,158.24000537395477,171.23199999332428,20,100,2026-09-07T21:15:51.274203+00:00
kaggle-vllm-m3-allreduce-raw-v1,kaggle-vllm-m3-two-rank-nccl-allreduce-v1,262144,float16,2,3,59,166.04800522327423,167.23200678825378,167.23200678825378,20,100,2026-09-07T21:15:51.274203+00:00
kaggle-vllm-m3-allreduce-raw-v1,kaggle-vllm-m3-two-rank-nccl-allreduce-v1,262144,float16,2,3,60,153.6320000886917,157.24800527095795,157.24800527095795,20,100,2026-09-07T21:15:51.274203+00:00
kaggle-vllm-m3-allreduce-raw-v1,kaggle-vllm-m3-two-rank-nccl-allreduce-v1,262144,float16,2,3,61,157.69599378108978,155.16799688339233,157.69599378108978,20,100,2026-09-07T21:15:51.274203+00:00
kaggle-vllm-m3-allreduce-raw-v1,kaggle-vllm-m3-two-rank-nccl-allreduce-v1,262144,float16,2,3,62,163.90399634838104,165.79200327396393,165.79200327396393,20,100,2026-09-07T21:15:51.274203+00:00
kaggle-vllm-m3-allreduce-raw-v1,kaggle-vllm-m3-two-rank-nccl-allreduce-v1,262144,float16,2,3,63,159.67999398708344,159.2320054769516,159.67999398708344,20,100,2026-09-07T21:15:51.274203+00:00
kaggle-vllm-m3-allreduce-raw-v1,kaggle-vllm-m3-two-rank-nccl-allreduce-v1,262144,float16,2,3,64,166.4000004529953,163.83999586105347,166.4000004529953,20,100,2026-09-07T21:15:51.274203+00:00
kaggle-vllm-m3-allreduce-raw-v1,kaggle-vllm-m3-two-rank-nccl-allreduce-v1,262144,float16,2,3,65,174.3360012769699,174.0799993276596,174.3360012769699,20,100,2026-09-07T21:15:51.274203+00:00
kaggle-vllm-m3-allreduce-raw-v1,kaggle-vllm-m3-two-rank-nccl-allreduce-v1,262144,float16,2,3,66,179.03999984264374,181.72800540924072,181.72800540924072,20,100,2026-09-07T21:15:51.274203+00:00
kaggle-vllm-m3-allreduce-raw-v1,kaggle-vllm-m3-two-rank-nccl-allreduce-v1,262144,float16,2,3,67,155.64799308776855,167.58400201797485,167.58400201797485,20,100,2026-09-07T21:15:51.274203+00:00
kaggle-vllm-m3-allreduce-raw-v1,kaggle-vllm-m3-two-rank-nccl-allreduce-v1,262144,float16,2,3,68,159.7760021686554,154.4319987297058,159.7760021686554,20,100,2026-09-07T21:15:51.274203+00:00
kaggle-vllm-m3-allreduce-raw-v1,kaggle-vllm-m3-two-rank-nccl-allreduce-v1,262144,float16,2,3,69,168.64000260829926,156.80000185966492,168.64000260829926,20,100,2026-09-07T21:15:51.274203+00:00
kaggle-vllm-m3-allreduce-raw-v1,kaggle-vllm-m3-two-rank-nccl-allreduce-v1,262144,float16,2,3,70,159.96800363063812,160.92799603939056,160.92799603939056,20,100,2026-09-07T21:15:51.274203+00:00
kaggle-vllm-m3-allreduce-raw-v1,kaggle-vllm-m3-two-rank-nccl-allreduce-v1,262144,float16,2,3,71,160.41600704193115,157.27999806404114,160.41600704193115,20,100,2026-09-07T21:15:51.274203+00:00
kaggle-vllm-m3-allreduce-raw-v1,kaggle-vllm-m3-two-rank-nccl-allreduce-v1,262144,float16,2,3,72,163.83999586105347,161.24799847602844,163.83999586105347,20,100,2026-09-07T21:15:51.274203+00:00
kaggle-vllm-m3-allreduce-raw-v1,kaggle-vllm-m3-two-rank-nccl-allreduce-v1,262144,float16,2,3,73,172.95999825000763,174.112007021904,174.112007021904,20,100,2026-09-07T21:15:51.274203+00:00
kaggle-vllm-m3-allreduce-raw-v1,kaggle-vllm-m3-two-rank-nccl-allreduce-v1,262144,float16,2,3,74,157.72800147533417,155.64799308776855,157.72800147533417,20,100,2026-09-07T21:15:51.274203+00:00
kaggle-vllm-m3-allreduce-raw-v1,kaggle-vllm-m3-two-rank-nccl-allreduce-v1,262144,float16,2,3,75,160.35200655460358,156.41599893569946,160.35200655460358,20,100,2026-09-07T21:15:51.274203+00:00
kaggle-vllm-m3-allreduce-raw-v1,kaggle-vllm-m3-two-rank-nccl-allreduce-v1,262144,float16,2,3,76,161.82400286197662,161.21600568294525,161.82400286197662,20,100,2026-09-07T21:15:51.274203+00:00
kaggle-vllm-m3-allreduce-raw-v1,kaggle-vllm-m3-two-rank-nccl-allreduce-v1,262144,float16,2,3,77,155.64799308776855,153.21600437164307,155.64799308776855,20,100,2026-09-07T21:15:51.274203+00:00
kaggle-vllm-m3-allreduce-raw-v1,kaggle-vllm-m3-two-rank-nccl-allreduce-v1,262144,float16,2,3,78,158.36800634860992,154.59200739860535,158.36800634860992,20,100,2026-09-07T21:15:51.274203+00:00
kaggle-vllm-m3-allreduce-raw-v1,kaggle-vllm-m3-two-rank-nccl-allreduce-v1,262144,float16,2,3,79,201.50400698184967,155.68000078201294,201.50400698184967,20,100,2026-09-07T21:15:51.274203+00:00
kaggle-vllm-m3-allreduce-raw-v1,kaggle-vllm-m3-two-rank-nccl-allreduce-v1,262144,float16,2,3,80,160.60799360275269,159.71200168132782,160.60799360275269,20,100,2026-09-07T21:15:51.274203+00:00
kaggle-vllm-m3-allreduce-raw-v1,kaggle-vllm-m3-two-rank-nccl-allreduce-v1,262144,float16,2,3,81,155.42399883270264,165.66400229930878,165.66400229930878,20,100,2026-09-07T21:15:51.274203+00:00
kaggle-vllm-m3-allreduce-raw-v1,kaggle-vllm-m3-two-rank-nccl-allreduce-v1,262144,float16,2,3,82,158.91200304031372,153.6320000886917,158.91200304031372,20,100,2026-09-07T21:15:51.274203+00:00
kaggle-vllm-m3-allreduce-raw-v1,kaggle-vllm-m3-two-rank-nccl-allreduce-v1,262144,float16,2,3,83,163.71199488639832,152.28800475597382,163.71199488639832,20,100,2026-09-07T21:15:51.274203+00:00
kaggle-vllm-m3-allreduce-raw-v1,kaggle-vllm-m3-two-rank-nccl-allreduce-v1,262144,float16,2,3,84,155.42399883270264,156.70399367809296,156.70399367809296,20,100,2026-09-07T21:15:51.274203+00:00
kaggle-vllm-m3-allreduce-raw-v1,kaggle-vllm-m3-two-rank-nccl-allreduce-v1,262144,float16,2,3,85,165.6000018119812,159.19999778270721,165.6000018119812,20,100,2026-09-07T21:15:51.274203+00:00
kaggle-vllm-m3-allreduce-raw-v1,kaggle-vllm-m3-two-rank-nccl-allreduce-v1,262144,float16,2,3,86,153.50399911403656,149.6960073709488,153.50399911403656,20,100,2026-09-07T21:15:51.274203+00:00
kaggle-vllm-m3-allreduce-raw-v1,kaggle-vllm-m3-two-rank-nccl-allreduce-v1,262144,float16,2,3,87,161.31199896335602,161.79199516773224,161.79199516773224,20,100,2026-09-07T21:15:51.274203+00:00
kaggle-vllm-m3-allreduce-raw-v1,kaggle-vllm-m3-two-rank-nccl-allreduce-v1,262144,float16,2,3,88,163.32800686359406,160.76800227165222,163.32800686359406,20,100,2026-09-07T21:15:51.274203+00:00
kaggle-vllm-m3-allreduce-raw-v1,kaggle-vllm-m3-two-rank-nccl-allreduce-v1,262144,float16,2,3,89,162.4000072479248,157.72800147533417,162.4000072479248,20,100,2026-09-07T21:15:51.274203+00:00
kaggle-vllm-m3-allreduce-raw-v1,kaggle-vllm-m3-two-rank-nccl-allreduce-v1,262144,float16,2,3,90,223.51999580860138,166.75199568271637,223.51999580860138,20,100,2026-09-07T21:15:51.274203+00:00
kaggle-vllm-m3-allreduce-raw-v1,kaggle-vllm-m3-two-rank-nccl-allreduce-v1,262144,float16,2,3,91,172.83199727535248,169.95200514793396,172.83199727535248,20,100,2026-09-07T21:15:51.274203+00:00
kaggle-vllm-m3-allreduce-raw-v1,kaggle-vllm-m3-two-rank-nccl-allreduce-v1,262144,float16,2,3,92,165.15199840068817,163.80800306797028,165.15199840068817,20,100,2026-09-07T21:15:51.274203+00:00
kaggle-vllm-m3-allreduce-raw-v1,kaggle-vllm-m3-two-rank-nccl-allreduce-v1,262144,float16,2,3,93,166.1120057106018,163.90399634838104,166.1120057106018,20,100,2026-09-07T21:15:51.274203+00:00
kaggle-vllm-m3-allreduce-raw-v1,kaggle-vllm-m3-two-rank-nccl-allreduce-v1,262144,float16,2,3,94,155.68000078201294,153.6320000886917,155.68000078201294,20,100,2026-09-07T21:15:51.274203+00:00
kaggle-vllm-m3-allreduce-raw-v1,kaggle-vllm-m3-two-rank-nccl-allreduce-v1,262144,float16,2,3,95,163.10399770736694,159.96800363063812,163.10399770736694,20,100,2026-09-07T21:15:51.274203+00:00
kaggle-vllm-m3-allreduce-raw-v1,kaggle-vllm-m3-two-rank-nccl-allreduce-v1,262144,float16,2,3,96,154.81600165367126,154.65599298477173,154.81600165367126,20,100,2026-09-07T21:15:51.274203+00:00
kaggle-vllm-m3-allreduce-raw-v1,kaggle-vllm-m3-two-rank-nccl-allreduce-v1,262144,float16,2,3,97,165.95199704170227,162.6880019903183,165.95199704170227,20,100,2026-09-07T21:15:51.274203+00:00
kaggle-vllm-m3-allreduce-raw-v1,kaggle-vllm-m3-two-rank-nccl-allreduce-v1,262144,float16,2,3,98,163.71199488639832,165.15199840068817,165.15199840068817,20,100,2026-09-07T21:15:51.274203+00:00
kaggle-vllm-m3-allreduce-raw-v1,kaggle-vllm-m3-two-rank-nccl-allreduce-v1,262144,float16,2,3,99,159.7760021686554,159.71200168132782,159.7760021686554,20,100,2026-09-07T21:15:51.274203+00:00
kaggle-vllm-m3-allreduce-raw-v1,kaggle-vllm-m3-two-rank-nccl-allreduce-v1,1048576,float16,2,3,0,354.20799255371094,356.86400532722473,356.86400532722473,20,100,2026-09-07T21:15:51.345580+00:00
kaggle-vllm-m3-allreduce-raw-v1,kaggle-vllm-m3-two-rank-nccl-allreduce-v1,1048576,float16,2,3,1,356.3520014286041,359.77599024772644,359.77599024772644,20,100,2026-09-07T21:15:51.345580+00:00
kaggle-vllm-m3-allreduce-raw-v1,kaggle-vllm-m3-two-rank-nccl-allreduce-v1,1048576,float16,2,3,2,363.0400002002716,364.54400420188904,364.54400420188904,20,100,2026-09-07T21:15:51.345580+00:00
kaggle-vllm-m3-allreduce-raw-v1,kaggle-vllm-m3-two-rank-nccl-allreduce-v1,1048576,float16,2,3,3,366.62399768829346,371.96800112724304,371.96800112724304,20,100,2026-09-07T21:15:51.345580+00:00
kaggle-vllm-m3-allreduce-raw-v1,kaggle-vllm-m3-two-rank-nccl-allreduce-v1,1048576,float16,2,3,4,358.7839901447296,363.1359934806824,363.1359934806824,20,100,2026-09-07T21:15:51.345580+00:00
kaggle-vllm-m3-allreduce-raw-v1,kaggle-vllm-m3-two-rank-nccl-allreduce-v1,1048576,float16,2,3,5,360.6080114841461,359.8079979419708,360.6080114841461,20,100,2026-09-07T21:15:51.345580+00:00
kaggle-vllm-m3-allreduce-raw-v1,kaggle-vllm-m3-two-rank-nccl-allreduce-v1,1048576,float16,2,3,6,337.0879888534546,341.69599413871765,341.69599413871765,20,100,2026-09-07T21:15:51.345580+00:00
kaggle-vllm-m3-allreduce-raw-v1,kaggle-vllm-m3-two-rank-nccl-allreduce-v1,1048576,float16,2,3,7,350.23999214172363,349.11999106407166,350.23999214172363,20,100,2026-09-07T21:15:51.345580+00:00
kaggle-vllm-m3-allreduce-raw-v1,kaggle-vllm-m3-two-rank-nccl-allreduce-v1,1048576,float16,2,3,8,353.7920117378235,354.3039858341217,354.3039858341217,20,100,2026-09-07T21:15:51.345580+00:00
kaggle-vllm-m3-allreduce-raw-v1,kaggle-vllm-m3-two-rank-nccl-allreduce-v1,1048576,float16,2,3,9,347.9039967060089,350.23999214172363,350.23999214172363,20,100,2026-09-07T21:15:51.345580+00:00
kaggle-vllm-m3-allreduce-raw-v1,kaggle-vllm-m3-two-rank-nccl-allreduce-v1,1048576,float16,2,3,10,362.5600039958954,364.5760118961334,364.5760118961334,20,100,2026-09-07T21:15:51.345580+00:00
kaggle-vllm-m3-allreduce-raw-v1,kaggle-vllm-m3-two-rank-nccl-allreduce-v1,1048576,float16,2,3,11,361.85601353645325,361.63198947906494,361.85601353645325,20,100,2026-09-07T21:15:51.345580+00:00
kaggle-vllm-m3-allreduce-raw-v1,kaggle-vllm-m3-two-rank-nccl-allreduce-v1,1048576,float16,2,3,12,337.8559947013855,342.0160114765167,342.0160114765167,20,100,2026-09-07T21:15:51.345580+00:00
kaggle-vllm-m3-allreduce-raw-v1,kaggle-vllm-m3-two-rank-nccl-allreduce-v1,1048576,float16,2,3,13,355.55198788642883,356.03201389312744,356.03201389312744,20,100,2026-09-07T21:15:51.345580+00:00
kaggle-vllm-m3-allreduce-raw-v1,kaggle-vllm-m3-two-rank-nccl-allreduce-v1,1048576,float16,2,3,14,360.4480028152466,358.91199111938477,360.4480028152466,20,100,2026-09-07T21:15:51.345580+00:00
kaggle-vllm-m3-allreduce-raw-v1,kaggle-vllm-m3-two-rank-nccl-allreduce-v1,1048576,float16,2,3,15,350.23999214172363,346.8799889087677,350.23999214172363,20,100,2026-09-07T21:15:51.345580+00:00
kaggle-vllm-m3-allreduce-raw-v1,kaggle-vllm-m3-two-rank-nccl-allreduce-v1,1048576,float16,2,3,16,354.2720079421997,350.6560027599335,354.2720079421997,20,100,2026-09-07T21:15:51.345580+00:00
kaggle-vllm-m3-allreduce-raw-v1,kaggle-vllm-m3-two-rank-nccl-allreduce-v1,1048576,float16,2,3,17,350.75199604034424,346.20800614356995,350.75199604034424,20,100,2026-09-07T21:15:51.345580+00:00
kaggle-vllm-m3-allreduce-raw-v1,kaggle-vllm-m3-two-rank-nccl-allreduce-v1,1048576,float16,2,3,18,352.57598757743835,352.28800773620605,352.57598757743835,20,100,2026-09-07T21:15:51.345580+00:00
kaggle-vllm-m3-allreduce-raw-v1,kaggle-vllm-m3-two-rank-nccl-allreduce-v1,1048576,float16,2,3,19,369.1520094871521,368.19198727607727,369.1520094871521,20,100,2026-09-07T21:15:51.345580+00:00
kaggle-vllm-m3-allreduce-raw-v1,kaggle-vllm-m3-two-rank-nccl-allreduce-v1,1048576,float16,2,3,20,346.1120128631592,351.6159951686859,351.6159951686859,20,100,2026-09-07T21:15:51.345580+00:00
kaggle-vllm-m3-allreduce-raw-v1,kaggle-vllm-m3-two-rank-nccl-allreduce-v1,1048576,float16,2,3,21,355.3279936313629,354.3359935283661,355.3279936313629,20,100,2026-09-07T21:15:51.345580+00:00
kaggle-vllm-m3-allreduce-raw-v1,kaggle-vllm-m3-two-rank-nccl-allreduce-v1,1048576,float16,2,3,22,341.18399024009705,340.31999111175537,341.18399024009705,20,100,2026-09-07T21:15:51.345580+00:00
kaggle-vllm-m3-allreduce-raw-v1,kaggle-vllm-m3-two-rank-nccl-allreduce-v1,1048576,float16,2,3,23,354.3039858341217,349.88799691200256,354.3039858341217,20,100,2026-09-07T21:15:51.345580+00:00
kaggle-vllm-m3-allreduce-raw-v1,kaggle-vllm-m3-two-rank-nccl-allreduce-v1,1048576,float16,2,3,24,339.9679958820343,339.711993932724,339.9679958820343,20,100,2026-09-07T21:15:51.345580+00:00
kaggle-vllm-m3-allreduce-raw-v1,kaggle-vllm-m3-two-rank-nccl-allreduce-v1,1048576,float16,2,3,25,343.77598762512207,342.81599521636963,343.77598762512207,20,100,2026-09-07T21:15:51.345580+00:00
kaggle-vllm-m3-allreduce-raw-v1,kaggle-vllm-m3-two-rank-nccl-allreduce-v1,1048576,float16,2,3,26,341.98400378227234,344.09600496292114,344.09600496292114,20,100,2026-09-07T21:15:51.345580+00:00
kaggle-vllm-m3-allreduce-raw-v1,kaggle-vllm-m3-two-rank-nccl-allreduce-v1,1048576,float16,2,3,27,347.3280072212219,348.1920063495636,348.1920063495636,20,100,2026-09-07T21:15:51.345580+00:00
kaggle-vllm-m3-allreduce-raw-v1,kaggle-vllm-m3-two-rank-nccl-allreduce-v1,1048576,float16,2,3,28,355.55198788642883,350.23999214172363,355.55198788642883,20,100,2026-09-07T21:15:51.345580+00:00
kaggle-vllm-m3-allreduce-raw-v1,kaggle-vllm-m3-two-rank-nccl-allreduce-v1,1048576,float16,2,3,29,372.0639944076538,372.4159896373749,372.4159896373749,20,100,2026-09-07T21:15:51.345580+00:00
kaggle-vllm-m3-allreduce-raw-v1,kaggle-vllm-m3-two-rank-nccl-allreduce-v1,1048576,float16,2,3,30,344.5119857788086,344.0319895744324,344.5119857788086,20,100,2026-09-07T21:15:51.345580+00:00
kaggle-vllm-m3-allreduce-raw-v1,kaggle-vllm-m3-two-rank-nccl-allreduce-v1,1048576,float16,2,3,31,357.1839928627014,348.7040102481842,357.1839928627014,20,100,2026-09-07T21:15:51.345580+00:00
kaggle-vllm-m3-allreduce-raw-v1,kaggle-vllm-m3-two-rank-nccl-allreduce-v1,1048576,float16,2,3,32,365.119993686676,362.527996301651,365.119993686676,20,100,2026-09-07T21:15:51.345580+00:00
kaggle-vllm-m3-allreduce-raw-v1,kaggle-vllm-m3-two-rank-nccl-allreduce-v1,1048576,float16,2,3,33,349.4719862937927,354.11199927330017,354.11199927330017,20,100,2026-09-07T21:15:51.345580+00:00
kaggle-vllm-m3-allreduce-raw-v1,kaggle-vllm-m3-two-rank-nccl-allreduce-v1,1048576,float16,2,3,34,350.75199604034424,349.5360016822815,350.75199604034424,20,100,2026-09-07T21:15:51.345580+00:00
kaggle-vllm-m3-allreduce-raw-v1,kaggle-vllm-m3-two-rank-nccl-allreduce-v1,1048576,float16,2,3,35,358.39998722076416,358.8480055332184,358.8480055332184,20,100,2026-09-07T21:15:51.345580+00:00
kaggle-vllm-m3-allreduce-raw-v1,kaggle-vllm-m3-two-rank-nccl-allreduce-v1,1048576,float16,2,3,36,371.36000394821167,374.30399656295776,374.30399656295776,20,100,2026-09-07T21:15:51.345580+00:00
kaggle-vllm-m3-allreduce-raw-v1,kaggle-vllm-m3-two-rank-nccl-allreduce-v1,1048576,float16,2,3,37,360.3520095348358,363.647997379303,363.647997379303,20,100,2026-09-07T21:15:51.345580+00:00
kaggle-vllm-m3-allreduce-raw-v1,kaggle-vllm-m3-two-rank-nccl-allreduce-v1,1048576,float16,2,3,38,353.2480001449585,341.72800183296204,353.2480001449585,20,100,2026-09-07T21:15:51.345580+00:00
kaggle-vllm-m3-allreduce-raw-v1,kaggle-vllm-m3-two-rank-nccl-allreduce-v1,1048576,float16,2,3,39,347.3599851131439,346.1439907550812,347.3599851131439,20,100,2026-09-07T21:15:51.345580+00:00
kaggle-vllm-m3-allreduce-raw-v1,kaggle-vllm-m3-two-rank-nccl-allreduce-v1,1048576,float16,2,3,40,358.271986246109,357.85600543022156,358.271986246109,20,100,2026-09-07T21:15:51.345580+00:00
kaggle-vllm-m3-allreduce-raw-v1,kaggle-vllm-m3-two-rank-nccl-allreduce-v1,1048576,float16,2,3,41,360.4480028152466,358.0799996852875,360.4480028152466,20,100,2026-09-07T21:15:51.345580+00:00
kaggle-vllm-m3-allreduce-raw-v1,kaggle-vllm-m3-two-rank-nccl-allreduce-v1,1048576,float16,2,3,42,356.86400532722473,358.0799996852875,358.0799996852875,20,100,2026-09-07T21:15:51.345580+00:00
kaggle-vllm-m3-allreduce-raw-v1,kaggle-vllm-m3-two-rank-nccl-allreduce-v1,1048576,float16,2,3,43,358.43199491500854,359.391987323761,359.391987323761,20,100,2026-09-07T21:15:51.345580+00:00
kaggle-vllm-m3-allreduce-raw-v1,kaggle-vllm-m3-two-rank-nccl-allreduce-v1,1048576,float16,2,3,44,364.1279935836792,357.63201117515564,364.1279935836792,20,100,2026-09-07T21:15:51.345580+00:00
kaggle-vllm-m3-allreduce-raw-v1,kaggle-vllm-m3-two-rank-nccl-allreduce-v1,1048576,float16,2,3,45,360.4480028152466,343.03998947143555,360.4480028152466,20,100,2026-09-07T21:15:51.345580+00:00
kaggle-vllm-m3-allreduce-raw-v1,kaggle-vllm-m3-two-rank-nccl-allreduce-v1,1048576,float16,2,3,46,358.4960103034973,349.0239977836609,358.4960103034973,20,100,2026-09-07T21:15:51.345580+00:00
kaggle-vllm-m3-allreduce-raw-v1,kaggle-vllm-m3-two-rank-nccl-allreduce-v1,1048576,float16,2,3,47,361.02399230003357,357.91999101638794,361.02399230003357,20,100,2026-09-07T21:15:51.345580+00:00
kaggle-vllm-m3-allreduce-raw-v1,kaggle-vllm-m3-two-rank-nccl-allreduce-v1,1048576,float16,2,3,48,379.68000769615173,329.9199938774109,379.68000769615173,20,100,2026-09-07T21:15:51.345580+00:00
kaggle-vllm-m3-allreduce-raw-v1,kaggle-vllm-m3-two-rank-nccl-allreduce-v1,1048576,float16,2,3,49,336.41600608825684,2148.927927017212,2148.927927017212,20,100,2026-09-07T21:15:51.345580+00:00
kaggle-vllm-m3-allreduce-raw-v1,kaggle-vllm-m3-two-rank-nccl-allreduce-v1,1048576,float16,2,3,50,359.96800661087036,364.51199650764465,364.51199650764465,20,100,2026-09-07T21:15:51.345580+00:00
kaggle-vllm-m3-allreduce-raw-v1,kaggle-vllm-m3-two-rank-nccl-allreduce-v1,1048576,float16,2,3,51,372.3520040512085,372.6400136947632,372.6400136947632,20,100,2026-09-07T21:15:51.345580+00:00
kaggle-vllm-m3-allreduce-raw-v1,kaggle-vllm-m3-two-rank-nccl-allreduce-v1,1048576,float16,2,3,52,344.06399726867676,346.3680148124695,346.3680148124695,20,100,2026-09-07T21:15:51.345580+00:00
kaggle-vllm-m3-allreduce-raw-v1,kaggle-vllm-m3-two-rank-nccl-allreduce-v1,1048576,float16,2,3,53,338.23999762535095,345.6000089645386,345.6000089645386,20,100,2026-09-07T21:15:51.345580+00:00
kaggle-vllm-m3-allreduce-raw-v1,kaggle-vllm-m3-two-rank-nccl-allreduce-v1,1048576,float16,2,3,54,346.1439907550812,344.06399726867676,346.1439907550812,20,100,2026-09-07T21:15:51.345580+00:00
kaggle-vllm-m3-allreduce-raw-v1,kaggle-vllm-m3-two-rank-nccl-allreduce-v1,1048576,float16,2,3,55,370.07999420166016,369.05598640441895,370.07999420166016,20,100,2026-09-07T21:15:51.345580+00:00
kaggle-vllm-m3-allreduce-raw-v1,kaggle-vllm-m3-two-rank-nccl-allreduce-v1,1048576,float16,2,3,56,353.88800501823425,352.6400029659271,353.88800501823425,20,100,2026-09-07T21:15:51.345580+00:00
kaggle-vllm-m3-allreduce-raw-v1,kaggle-vllm-m3-two-rank-nccl-allreduce-v1,1048576,float16,2,3,57,345.6000089645386,330.1120102405548,345.6000089645386,20,100,2026-09-07T21:15:51.345580+00:00
kaggle-vllm-m3-allreduce-raw-v1,kaggle-vllm-m3-two-rank-nccl-allreduce-v1,1048576,float16,2,3,58,344.57600116729736,348.1599986553192,348.1599986553192,20,100,2026-09-07T21:15:51.345580+00:00
kaggle-vllm-m3-allreduce-raw-v1,kaggle-vllm-m3-two-rank-nccl-allreduce-v1,1048576,float16,2,3,59,356.51201009750366,354.43198680877686,356.51201009750366,20,100,2026-09-07T21:15:51.345580+00:00
kaggle-vllm-m3-allreduce-raw-v1,kaggle-vllm-m3-two-rank-nccl-allreduce-v1,1048576,float16,2,3,60,356.3520014286041,354.8159897327423,356.3520014286041,20,100,2026-09-07T21:15:51.345580+00:00
kaggle-vllm-m3-allreduce-raw-v1,kaggle-vllm-m3-two-rank-nccl-allreduce-v1,1048576,float16,2,3,61,341.15201234817505,342.0160114765167,342.0160114765167,20,100,2026-09-07T21:15:51.345580+00:00
kaggle-vllm-m3-allreduce-raw-v1,kaggle-vllm-m3-two-rank-nccl-allreduce-v1,1048576,float16,2,3,62,360.48001050949097,356.3840091228485,360.48001050949097,20,100,2026-09-07T21:15:51.345580+00:00
kaggle-vllm-m3-allreduce-raw-v1,kaggle-vllm-m3-two-rank-nccl-allreduce-v1,1048576,float16,2,3,63,353.43998670578003,355.0719916820526,355.0719916820526,20,100,2026-09-07T21:15:51.345580+00:00
kaggle-vllm-m3-allreduce-raw-v1,kaggle-vllm-m3-two-rank-nccl-allreduce-v1,1048576,float16,2,3,64,398.3680009841919,399.3600010871887,399.3600010871887,20,100,2026-09-07T21:15:51.345580+00:00
kaggle-vllm-m3-allreduce-raw-v1,kaggle-vllm-m3-two-rank-nccl-allreduce-v1,1048576,float16,2,3,65,2734.368085861206,348.6720025539398,2734.368085861206,20,100,2026-09-07T21:15:51.345580+00:00
kaggle-vllm-m3-allreduce-raw-v1,kaggle-vllm-m3-two-rank-nccl-allreduce-v1,1048576,float16,2,3,66,355.3600013256073,360.4480028152466,360.4480028152466,20,100,2026-09-07T21:15:51.345580+00:00
kaggle-vllm-m3-allreduce-raw-v1,kaggle-vllm-m3-two-rank-nccl-allreduce-v1,1048576,float16,2,3,67,353.63200306892395,350.3359854221344,353.63200306892395,20,100,2026-09-07T21:15:51.345580+00:00
kaggle-vllm-m3-allreduce-raw-v1,kaggle-vllm-m3-two-rank-nccl-allreduce-v1,1048576,float16,2,3,68,348.5119938850403,349.4719862937927,349.4719862937927,20,100,2026-09-07T21:15:51.345580+00:00
kaggle-vllm-m3-allreduce-raw-v1,kaggle-vllm-m3-two-rank-nccl-allreduce-v1,1048576,float16,2,3,69,363.99999260902405,364.5760118961334,364.5760118961334,20,100,2026-09-07T21:15:51.345580+00:00
kaggle-vllm-m3-allreduce-raw-v1,kaggle-vllm-m3-two-rank-nccl-allreduce-v1,1048576,float16,2,3,70,401.69599652290344,489.47200179100037,489.47200179100037,20,100,2026-09-07T21:15:51.345580+00:00
kaggle-vllm-m3-allreduce-raw-v1,kaggle-vllm-m3-two-rank-nccl-allreduce-v1,1048576,float16,2,3,71,361.11998558044434,348.03199768066406,361.11998558044434,20,100,2026-09-07T21:15:51.345580+00:00
kaggle-vllm-m3-allreduce-raw-v1,kaggle-vllm-m3-two-rank-nccl-allreduce-v1,1048576,float16,2,3,72,346.9119966030121,345.95200419425964,346.9119966030121,20,100,2026-09-07T21:15:51.345580+00:00
kaggle-vllm-m3-allreduce-raw-v1,kaggle-vllm-m3-two-rank-nccl-allreduce-v1,1048576,float16,2,3,73,350.17600655555725,346.68800234794617,350.17600655555725,20,100,2026-09-07T21:15:51.345580+00:00
kaggle-vllm-m3-allreduce-raw-v1,kaggle-vllm-m3-two-rank-nccl-allreduce-v1,1048576,float16,2,3,74,348.1920063495636,325.53601264953613,348.1920063495636,20,100,2026-09-07T21:15:51.345580+00:00
kaggle-vllm-m3-allreduce-raw-v1,kaggle-vllm-m3-two-rank-nccl-allreduce-v1,1048576,float16,2,3,75,355.0719916820526,348.7679958343506,355.0719916820526,20,100,2026-09-07T21:15:51.345580+00:00
kaggle-vllm-m3-allreduce-raw-v1,kaggle-vllm-m3-two-rank-nccl-allreduce-v1,1048576,float16,2,3,76,392.41600036621094,389.1200125217438,392.41600036621094,20,100,2026-09-07T21:15:51.345580+00:00
kaggle-vllm-m3-allreduce-raw-v1,kaggle-vllm-m3-two-rank-nccl-allreduce-v1,1048576,float16,2,3,77,342.46399998664856,344.543993473053,344.543993473053,20,100,2026-09-07T21:15:51.345580+00:00
kaggle-vllm-m3-allreduce-raw-v1,kaggle-vllm-m3-two-rank-nccl-allreduce-v1,1048576,float16,2,3,78,358.65598917007446,360.48001050949097,360.48001050949097,20,100,2026-09-07T21:15:51.345580+00:00
kaggle-vllm-m3-allreduce-raw-v1,kaggle-vllm-m3-two-rank-nccl-allreduce-v1,1048576,float16,2,3,79,354.14400696754456,351.3599932193756,354.14400696754456,20,100,2026-09-07T21:15:51.345580+00:00
kaggle-vllm-m3-allreduce-raw-v1,kaggle-vllm-m3-two-rank-nccl-allreduce-v1,1048576,float16,2,3,80,357.9840064048767,356.3520014286041,357.9840064048767,20,100,2026-09-07T21:15:51.345580+00:00
kaggle-vllm-m3-allreduce-raw-v1,kaggle-vllm-m3-two-rank-nccl-allreduce-v1,1048576,float16,2,3,81,352.31998562812805,352.8960049152374,352.8960049152374,20,100,2026-09-07T21:15:51.345580+00:00
kaggle-vllm-m3-allreduce-raw-v1,kaggle-vllm-m3-two-rank-nccl-allreduce-v1,1048576,float16,2,3,82,342.4319922924042,340.31999111175537,342.4319922924042,20,100,2026-09-07T21:15:51.345580+00:00
kaggle-vllm-m3-allreduce-raw-v1,kaggle-vllm-m3-two-rank-nccl-allreduce-v1,1048576,float16,2,3,83,411.6480052471161,409.63199734687805,411.6480052471161,20,100,2026-09-07T21:15:51.345580+00:00
kaggle-vllm-m3-allreduce-raw-v1,kaggle-vllm-m3-two-rank-nccl-allreduce-v1,1048576,float16,2,3,84,356.1280071735382,329.69599962234497,356.1280071735382,20,100,2026-09-07T21:15:51.345580+00:00
kaggle-vllm-m3-allreduce-raw-v1,kaggle-vllm-m3-two-rank-nccl-allreduce-v1,1048576,float16,2,3,85,352.2239923477173,337.98399567604065,352.2239923477173,20,100,2026-09-07T21:15:51.345580+00:00
kaggle-vllm-m3-allreduce-raw-v1,kaggle-vllm-m3-two-rank-nccl-allreduce-v1,1048576,float16,2,3,86,358.43199491500854,341.21599793434143,358.43199491500854,20,100,2026-09-07T21:15:51.345580+00:00
kaggle-vllm-m3-allreduce-raw-v1,kaggle-vllm-m3-two-rank-nccl-allreduce-v1,1048576,float16,2,3,87,350.43200850486755,348.1599986553192,350.43200850486755,20,100,2026-09-07T21:15:51.345580+00:00
kaggle-vllm-m3-allreduce-raw-v1,kaggle-vllm-m3-two-rank-nccl-allreduce-v1,1048576,float16,2,3,88,344.7999954223633,345.37601470947266,345.37601470947266,20,100,2026-09-07T21:15:51.345580+00:00
kaggle-vllm-m3-allreduce-raw-v1,kaggle-vllm-m3-two-rank-nccl-allreduce-v1,1048576,float16,2,3,89,378.464013338089,370.0160086154938,378.464013338089,20,100,2026-09-07T21:15:51.345580+00:00
kaggle-vllm-m3-allreduce-raw-v1,kaggle-vllm-m3-two-rank-nccl-allreduce-v1,1048576,float16,2,3,90,362.527996301651,357.7280044555664,362.527996301651,20,100,2026-09-07T21:15:51.345580+00:00
kaggle-vllm-m3-allreduce-raw-v1,kaggle-vllm-m3-two-rank-nccl-allreduce-v1,1048576,float16,2,3,91,359.96800661087036,360.48001050949097,360.48001050949097,20,100,2026-09-07T21:15:51.345580+00:00
kaggle-vllm-m3-allreduce-raw-v1,kaggle-vllm-m3-two-rank-nccl-allreduce-v1,1048576,float16,2,3,92,368.9599931240082,363.20000886917114,368.9599931240082,20,100,2026-09-07T21:15:51.345580+00:00
kaggle-vllm-m3-allreduce-raw-v1,kaggle-vllm-m3-two-rank-nccl-allreduce-v1,1048576,float16,2,3,93,358.2080006599426,352.7359962463379,358.2080006599426,20,100,2026-09-07T21:15:51.345580+00:00
kaggle-vllm-m3-allreduce-raw-v1,kaggle-vllm-m3-two-rank-nccl-allreduce-v1,1048576,float16,2,3,94,360.48001050949097,395.00799775123596,395.00799775123596,20,100,2026-09-07T21:15:51.345580+00:00
kaggle-vllm-m3-allreduce-raw-v1,kaggle-vllm-m3-two-rank-nccl-allreduce-v1,1048576,float16,2,3,95,360.76799035072327,362.0480000972748,362.0480000972748,20,100,2026-09-07T21:15:51.345580+00:00
kaggle-vllm-m3-allreduce-raw-v1,kaggle-vllm-m3-two-rank-nccl-allreduce-v1,1048576,float16,2,3,96,361.05599999427795,362.4640107154846,362.4640107154846,20,100,2026-09-07T21:15:51.345580+00:00
kaggle-vllm-m3-allreduce-raw-v1,kaggle-vllm-m3-two-rank-nccl-allreduce-v1,1048576,float16,2,3,97,358.43199491500854,355.16801476478577,358.43199491500854,20,100,2026-09-07T21:15:51.345580+00:00
kaggle-vllm-m3-allreduce-raw-v1,kaggle-vllm-m3-two-rank-nccl-allreduce-v1,1048576,float16,2,3,98,384.8640024662018,383.83999466896057,384.8640024662018,20,100,2026-09-07T21:15:51.345580+00:00
kaggle-vllm-m3-allreduce-raw-v1,kaggle-vllm-m3-two-rank-nccl-allreduce-v1,1048576,float16,2,3,99,361.56800389289856,367.93598532676697,367.93598532676697,20,100,2026-09-07T21:15:51.345580+00:00
kaggle-vllm-m3-allreduce-raw-v1,kaggle-vllm-m3-two-rank-nccl-allreduce-v1,4194304,float16,2,3,0,1118.880033493042,1112.064003944397,1118.880033493042,20,100,2026-09-07T21:15:51.512265+00:00
kaggle-vllm-m3-allreduce-raw-v1,kaggle-vllm-m3-two-rank-nccl-allreduce-v1,4194304,float16,2,3,1,1126.8800497055054,1126.207947731018,1126.8800497055054,20,100,2026-09-07T21:15:51.512265+00:00
kaggle-vllm-m3-allreduce-raw-v1,kaggle-vllm-m3-two-rank-nccl-allreduce-v1,4194304,float16,2,3,2,1134.2400312423706,1126.3680458068848,1134.2400312423706,20,100,2026-09-07T21:15:51.512265+00:00
kaggle-vllm-m3-allreduce-raw-v1,kaggle-vllm-m3-two-rank-nccl-allreduce-v1,4194304,float16,2,3,3,1084.7359895706177,1074.8480558395386,1084.7359895706177,20,100,2026-09-07T21:15:51.512265+00:00
kaggle-vllm-m3-allreduce-raw-v1,kaggle-vllm-m3-two-rank-nccl-allreduce-v1,4194304,float16,2,3,4,1075.1680135726929,1077.3760080337524,1077.3760080337524,20,100,2026-09-07T21:15:51.512265+00:00
kaggle-vllm-m3-allreduce-raw-v1,kaggle-vllm-m3-two-rank-nccl-allreduce-v1,4194304,float16,2,3,5,1037.8880500793457,1068.511962890625,1068.511962890625,20,100,2026-09-07T21:15:51.512265+00:00
kaggle-vllm-m3-allreduce-raw-v1,kaggle-vllm-m3-two-rank-nccl-allreduce-v1,4194304,float16,2,3,6,1065.2799606323242,1079.327940940857,1079.327940940857,20,100,2026-09-07T21:15:51.512265+00:00
kaggle-vllm-m3-allreduce-raw-v1,kaggle-vllm-m3-two-rank-nccl-allreduce-v1,4194304,float16,2,3,7,1062.9440546035767,1085.4079723358154,1085.4079723358154,20,100,2026-09-07T21:15:51.512265+00:00
kaggle-vllm-m3-allreduce-raw-v1,kaggle-vllm-m3-two-rank-nccl-allreduce-v1,4194304,float16,2,3,8,1077.5359869003296,1101.7919778823853,1101.7919778823853,20,100,2026-09-07T21:15:51.512265+00:00
kaggle-vllm-m3-allreduce-raw-v1,kaggle-vllm-m3-two-rank-nccl-allreduce-v1,4194304,float16,2,3,9,1081.3440084457397,1095.039963722229,1095.039963722229,20,100,2026-09-07T21:15:51.512265+00:00
kaggle-vllm-m3-allreduce-raw-v1,kaggle-vllm-m3-two-rank-nccl-allreduce-v1,4194304,float16,2,3,10,1123.5519647598267,1097.0239639282227,1123.5519647598267,20,100,2026-09-07T21:15:51.512265+00:00
kaggle-vllm-m3-allreduce-raw-v1,kaggle-vllm-m3-two-rank-nccl-allreduce-v1,4194304,float16,2,3,11,1065.9840106964111,1083.5200548171997,1083.5200548171997,20,100,2026-09-07T21:15:51.512265+00:00
kaggle-vllm-m3-allreduce-raw-v1,kaggle-vllm-m3-two-rank-nccl-allreduce-v1,4194304,float16,2,3,12,1100.1919507980347,1083.4239721298218,1100.1919507980347,20,100,2026-09-07T21:15:51.512265+00:00
kaggle-vllm-m3-allreduce-raw-v1,kaggle-vllm-m3-two-rank-nccl-allreduce-v1,4194304,float16,2,3,13,1080.3200006484985,1091.1040306091309,1091.1040306091309,20,100,2026-09-07T21:15:51.512265+00:00
kaggle-vllm-m3-allreduce-raw-v1,kaggle-vllm-m3-two-rank-nccl-allreduce-v1,4194304,float16,2,3,14,1109.503984451294,1156.4160585403442,1156.4160585403442,20,100,2026-09-07T21:15:51.512265+00:00
kaggle-vllm-m3-allreduce-raw-v1,kaggle-vllm-m3-two-rank-nccl-allreduce-v1,4194304,float16,2,3,15,1045.151948928833,1070.0479745864868,1070.0479745864868,20,100,2026-09-07T21:15:51.512265+00:00
kaggle-vllm-m3-allreduce-raw-v1,kaggle-vllm-m3-two-rank-nccl-allreduce-v1,4194304,float16,2,3,16,1090.5920267105103,1127.8079748153687,1127.8079748153687,20,100,2026-09-07T21:15:51.512265+00:00
kaggle-vllm-m3-allreduce-raw-v1,kaggle-vllm-m3-two-rank-nccl-allreduce-v1,4194304,float16,2,3,17,1112.0959520339966,1107.3280572891235,1112.0959520339966,20,100,2026-09-07T21:15:51.512265+00:00
kaggle-vllm-m3-allreduce-raw-v1,kaggle-vllm-m3-two-rank-nccl-allreduce-v1,4194304,float16,2,3,18,1140.7359838485718,1132.9920291900635,1140.7359838485718,20,100,2026-09-07T21:15:51.512265+00:00
kaggle-vllm-m3-allreduce-raw-v1,kaggle-vllm-m3-two-rank-nccl-allreduce-v1,4194304,float16,2,3,19,1138.8800144195557,1131.0399770736694,1138.8800144195557,20,100,2026-09-07T21:15:51.512265+00:00
kaggle-vllm-m3-allreduce-raw-v1,kaggle-vllm-m3-two-rank-nccl-allreduce-v1,4194304,float16,2,3,20,1142.8159475326538,1143.9039707183838,1143.9039707183838,20,100,2026-09-07T21:15:51.512265+00:00
kaggle-vllm-m3-allreduce-raw-v1,kaggle-vllm-m3-two-rank-nccl-allreduce-v1,4194304,float16,2,3,21,1080.2559852600098,1095.7119464874268,1095.7119464874268,20,100,2026-09-07T21:15:51.512265+00:00
kaggle-vllm-m3-allreduce-raw-v1,kaggle-vllm-m3-two-rank-nccl-allreduce-v1,4194304,float16,2,3,22,1121.8880414962769,1115.3600215911865,1121.8880414962769,20,100,2026-09-07T21:15:51.512265+00:00
kaggle-vllm-m3-allreduce-raw-v1,kaggle-vllm-m3-two-rank-nccl-allreduce-v1,4194304,float16,2,3,23,1124.608039855957,1122.3360300064087,1124.608039855957,20,100,2026-09-07T21:15:51.512265+00:00
kaggle-vllm-m3-allreduce-raw-v1,kaggle-vllm-m3-two-rank-nccl-allreduce-v1,4194304,float16,2,3,24,1123.7119436264038,1114.1120195388794,1123.7119436264038,20,100,2026-09-07T21:15:51.512265+00:00
kaggle-vllm-m3-allreduce-raw-v1,kaggle-vllm-m3-two-rank-nccl-allreduce-v1,4194304,float16,2,3,25,1147.007942199707,1147.9359865188599,1147.9359865188599,20,100,2026-09-07T21:15:51.512265+00:00
kaggle-vllm-m3-allreduce-raw-v1,kaggle-vllm-m3-two-rank-nccl-allreduce-v1,4194304,float16,2,3,26,1065.7919645309448,1094.1120386123657,1094.1120386123657,20,100,2026-09-07T21:15:51.512265+00:00
kaggle-vllm-m3-allreduce-raw-v1,kaggle-vllm-m3-two-rank-nccl-allreduce-v1,4194304,float16,2,3,27,1086.9120359420776,1073.5679864883423,1086.9120359420776,20,100,2026-09-07T21:15:51.512265+00:00
kaggle-vllm-m3-allreduce-raw-v1,kaggle-vllm-m3-two-rank-nccl-allreduce-v1,4194304,float16,2,3,28,1093.664050102234,1083.7119817733765,1093.664050102234,20,100,2026-09-07T21:15:51.512265+00:00
kaggle-vllm-m3-allreduce-raw-v1,kaggle-vllm-m3-two-rank-nccl-allreduce-v1,4194304,float16,2,3,29,1078.6559581756592,1080.2559852600098,1080.2559852600098,20,100,2026-09-07T21:15:51.512265+00:00
kaggle-vllm-m3-allreduce-raw-v1,kaggle-vllm-m3-two-rank-nccl-allreduce-v1,4194304,float16,2,3,30,1065.8880472183228,1087.87202835083,1087.87202835083,20,100,2026-09-07T21:15:51.512265+00:00
kaggle-vllm-m3-allreduce-raw-v1,kaggle-vllm-m3-two-rank-nccl-allreduce-v1,4194304,float16,2,3,31,993.0880069732666,1939.2640590667725,1939.2640590667725,20,100,2026-09-07T21:15:51.512265+00:00
kaggle-vllm-m3-allreduce-raw-v1,kaggle-vllm-m3-two-rank-nccl-allreduce-v1,4194304,float16,2,3,32,1070.8160400390625,1069.3119764328003,1070.8160400390625,20,100,2026-09-07T21:15:51.512265+00:00
kaggle-vllm-m3-allreduce-raw-v1,kaggle-vllm-m3-two-rank-nccl-allreduce-v1,4194304,float16,2,3,33,1116.063952445984,1109.9519729614258,1116.063952445984,20,100,2026-09-07T21:15:51.512265+00:00
kaggle-vllm-m3-allreduce-raw-v1,kaggle-vllm-m3-two-rank-nccl-allreduce-v1,4194304,float16,2,3,34,1058.6880445480347,1083.9359760284424,1083.9359760284424,20,100,2026-09-07T21:15:51.512265+00:00
kaggle-vllm-m3-allreduce-raw-v1,kaggle-vllm-m3-two-rank-nccl-allreduce-v1,4194304,float16,2,3,35,1081.8560123443604,1095.3919887542725,1095.3919887542725,20,100,2026-09-07T21:15:51.512265+00:00
kaggle-vllm-m3-allreduce-raw-v1,kaggle-vllm-m3-two-rank-nccl-allreduce-v1,4194304,float16,2,3,36,1061.7280006408691,1085.4079723358154,1085.4079723358154,20,100,2026-09-07T21:15:51.512265+00:00
kaggle-vllm-m3-allreduce-raw-v1,kaggle-vllm-m3-two-rank-nccl-allreduce-v1,4194304,float16,2,3,37,1065.9199953079224,1062.9119873046875,1065.9199953079224,20,100,2026-09-07T21:15:51.512265+00:00
kaggle-vllm-m3-allreduce-raw-v1,kaggle-vllm-m3-two-rank-nccl-allreduce-v1,4194304,float16,2,3,38,1079.2640447616577,1071.6480016708374,1079.2640447616577,20,100,2026-09-07T21:15:51.512265+00:00
kaggle-vllm-m3-allreduce-raw-v1,kaggle-vllm-m3-two-rank-nccl-allreduce-v1,4194304,float16,2,3,39,1407.7119827270508,976.8959879875183,1407.7119827270508,20,100,2026-09-07T21:15:51.512265+00:00
kaggle-vllm-m3-allreduce-raw-v1,kaggle-vllm-m3-two-rank-nccl-allreduce-v1,4194304,float16,2,3,40,1086.3679647445679,1077.9520273208618,1086.3679647445679,20,100,2026-09-07T21:15:51.512265+00:00
kaggle-vllm-m3-allreduce-raw-v1,kaggle-vllm-m3-two-rank-nccl-allreduce-v1,4194304,float16,2,3,41,1080.1279544830322,1083.7759971618652,1083.7759971618652,20,100,2026-09-07T21:15:51.512265+00:00
kaggle-vllm-m3-allreduce-raw-v1,kaggle-vllm-m3-two-rank-nccl-allreduce-v1,4194304,float16,2,3,42,1101.3439893722534,1093.6319828033447,1101.3439893722534,20,100,2026-09-07T21:15:51.512265+00:00
kaggle-vllm-m3-allreduce-raw-v1,kaggle-vllm-m3-two-rank-nccl-allreduce-v1,4194304,float16,2,3,43,1078.7839889526367,1057.8559637069702,1078.7839889526367,20,100,2026-09-07T21:15:51.512265+00:00
kaggle-vllm-m3-allreduce-raw-v1,kaggle-vllm-m3-two-rank-nccl-allreduce-v1,4194304,float16,2,3,44,1089.4720554351807,1081.3119411468506,1089.4720554351807,20,100,2026-09-07T21:15:51.512265+00:00
kaggle-vllm-m3-allreduce-raw-v1,kaggle-vllm-m3-two-rank-nccl-allreduce-v1,4194304,float16,2,3,45,1087.5200033187866,1039.3279790878296,1087.5200033187866,20,100,2026-09-07T21:15:51.512265+00:00
kaggle-vllm-m3-allreduce-raw-v1,kaggle-vllm-m3-two-rank-nccl-allreduce-v1,4194304,float16,2,3,46,1124.4479417800903,1107.9360246658325,1124.4479417800903,20,100,2026-09-07T21:15:51.512265+00:00
kaggle-vllm-m3-allreduce-raw-v1,kaggle-vllm-m3-two-rank-nccl-allreduce-v1,4194304,float16,2,3,47,1156.4799547195435,1162.0479822158813,1162.0479822158813,20,100,2026-09-07T21:15:51.512265+00:00
kaggle-vllm-m3-allreduce-raw-v1,kaggle-vllm-m3-two-rank-nccl-allreduce-v1,4194304,float16,2,3,48,1133.5999965667725,1120.255947113037,1133.5999965667725,20,100,2026-09-07T21:15:51.512265+00:00
kaggle-vllm-m3-allreduce-raw-v1,kaggle-vllm-m3-two-rank-nccl-allreduce-v1,4194304,float16,2,3,49,1093.9199924468994,1092.960000038147,1093.9199924468994,20,100,2026-09-07T21:15:51.512265+00:00
kaggle-vllm-m3-allreduce-raw-v1,kaggle-vllm-m3-two-rank-nccl-allreduce-v1,4194304,float16,2,3,50,1146.880030632019,1144.544005393982,1146.880030632019,20,100,2026-09-07T21:15:51.512265+00:00
kaggle-vllm-m3-allreduce-raw-v1,kaggle-vllm-m3-two-rank-nccl-allreduce-v1,4194304,float16,2,3,51,1128.4480094909668,1123.6799955368042,1128.4480094909668,20,100,2026-09-07T21:15:51.512265+00:00
kaggle-vllm-m3-allreduce-raw-v1,kaggle-vllm-m3-two-rank-nccl-allreduce-v1,4194304,float16,2,3,52,1123.6799955368042,1118.2719469070435,1123.6799955368042,20,100,2026-09-07T21:15:51.512265+00:00
kaggle-vllm-m3-allreduce-raw-v1,kaggle-vllm-m3-two-rank-nccl-allreduce-v1,4194304,float16,2,3,53,1128.4480094909668,1124.511957168579,1128.4480094909668,20,100,2026-09-07T21:15:51.512265+00:00
kaggle-vllm-m3-allreduce-raw-v1,kaggle-vllm-m3-two-rank-nccl-allreduce-v1,4194304,float16,2,3,54,1117.6639795303345,1117.2480583190918,1117.6639795303345,20,100,2026-09-07T21:15:51.512265+00:00
kaggle-vllm-m3-allreduce-raw-v1,kaggle-vllm-m3-two-rank-nccl-allreduce-v1,4194304,float16,2,3,55,1142.240047454834,1134.6240043640137,1142.240047454834,20,100,2026-09-07T21:15:51.512265+00:00
kaggle-vllm-m3-allreduce-raw-v1,kaggle-vllm-m3-two-rank-nccl-allreduce-v1,4194304,float16,2,3,56,1135.6799602508545,1126.3999938964844,1135.6799602508545,20,100,2026-09-07T21:15:51.512265+00:00
kaggle-vllm-m3-allreduce-raw-v1,kaggle-vllm-m3-two-rank-nccl-allreduce-v1,4194304,float16,2,3,57,1132.0639848709106,1125.0879764556885,1132.0639848709106,20,100,2026-09-07T21:15:51.512265+00:00
kaggle-vllm-m3-allreduce-raw-v1,kaggle-vllm-m3-two-rank-nccl-allreduce-v1,4194304,float16,2,3,58,1135.8400583267212,1129.3760538101196,1135.8400583267212,20,100,2026-09-07T21:15:51.512265+00:00
kaggle-vllm-m3-allreduce-raw-v1,kaggle-vllm-m3-two-rank-nccl-allreduce-v1,4194304,float16,2,3,59,1124.384045600891,1121.8559741973877,1124.384045600891,20,100,2026-09-07T21:15:51.512265+00:00
kaggle-vllm-m3-allreduce-raw-v1,kaggle-vllm-m3-two-rank-nccl-allreduce-v1,4194304,float16,2,3,60,1135.4559659957886,1128.5439729690552,1135.4559659957886,20,100,2026-09-07T21:15:51.512265+00:00
kaggle-vllm-m3-allreduce-raw-v1,kaggle-vllm-m3-two-rank-nccl-allreduce-v1,4194304,float16,2,3,61,1128.2880306243896,1124.351978302002,1128.2880306243896,20,100,2026-09-07T21:15:51.512265+00:00
kaggle-vllm-m3-allreduce-raw-v1,kaggle-vllm-m3-two-rank-nccl-allreduce-v1,4194304,float16,2,3,62,1123.9039897918701,1120.1599836349487,1123.9039897918701,20,100,2026-09-07T21:15:51.512265+00:00
kaggle-vllm-m3-allreduce-raw-v1,kaggle-vllm-m3-two-rank-nccl-allreduce-v1,4194304,float16,2,3,63,1156.9600105285645,1154.1119813919067,1156.9600105285645,20,100,2026-09-07T21:15:51.512265+00:00
kaggle-vllm-m3-allreduce-raw-v1,kaggle-vllm-m3-two-rank-nccl-allreduce-v1,4194304,float16,2,3,64,1115.007996559143,1110.0159883499146,1115.007996559143,20,100,2026-09-07T21:15:51.512265+00:00
kaggle-vllm-m3-allreduce-raw-v1,kaggle-vllm-m3-two-rank-nccl-allreduce-v1,4194304,float16,2,3,65,1141.152024269104,1132.4479579925537,1141.152024269104,20,100,2026-09-07T21:15:51.512265+00:00
kaggle-vllm-m3-allreduce-raw-v1,kaggle-vllm-m3-two-rank-nccl-allreduce-v1,4194304,float16,2,3,66,1136.8319988250732,1128.4799575805664,1136.8319988250732,20,100,2026-09-07T21:15:51.512265+00:00
kaggle-vllm-m3-allreduce-raw-v1,kaggle-vllm-m3-two-rank-nccl-allreduce-v1,4194304,float16,2,3,67,1132.5759887695312,1128.4159421920776,1132.5759887695312,20,100,2026-09-07T21:15:51.512265+00:00
kaggle-vllm-m3-allreduce-raw-v1,kaggle-vllm-m3-two-rank-nccl-allreduce-v1,4194304,float16,2,3,68,1109.3120574951172,1111.9359731674194,1111.9359731674194,20,100,2026-09-07T21:15:51.512265+00:00
kaggle-vllm-m3-allreduce-raw-v1,kaggle-vllm-m3-two-rank-nccl-allreduce-v1,4194304,float16,2,3,69,1136.6080045700073,1128.8319826126099,1136.6080045700073,20,100,2026-09-07T21:15:51.512265+00:00
kaggle-vllm-m3-allreduce-raw-v1,kaggle-vllm-m3-two-rank-nccl-allreduce-v1,4194304,float16,2,3,70,1131.9680213928223,1151.5519618988037,1151.5519618988037,20,100,2026-09-07T21:15:51.512265+00:00
kaggle-vllm-m3-allreduce-raw-v1,kaggle-vllm-m3-two-rank-nccl-allreduce-v1,4194304,float16,2,3,71,1128.4480094909668,1121.5360164642334,1128.4480094909668,20,100,2026-09-07T21:15:51.512265+00:00
kaggle-vllm-m3-allreduce-raw-v1,kaggle-vllm-m3-two-rank-nccl-allreduce-v1,4194304,float16,2,3,72,1118.175983428955,1115.2960062026978,1118.175983428955,20,100,2026-09-07T21:15:51.512265+00:00
kaggle-vllm-m3-allreduce-raw-v1,kaggle-vllm-m3-two-rank-nccl-allreduce-v1,4194304,float16,2,3,73,1083.4239721298218,1075.1999616622925,1083.4239721298218,20,100,2026-09-07T21:15:51.512265+00:00
kaggle-vllm-m3-allreduce-raw-v1,kaggle-vllm-m3-two-rank-nccl-allreduce-v1,4194304,float16,2,3,74,1120.2239990234375,1122.3039627075195,1122.3039627075195,20,100,2026-09-07T21:15:51.512265+00:00
kaggle-vllm-m3-allreduce-raw-v1,kaggle-vllm-m3-two-rank-nccl-allreduce-v1,4194304,float16,2,3,75,1130.5279731750488,1121.8559741973877,1130.5279731750488,20,100,2026-09-07T21:15:51.512265+00:00
kaggle-vllm-m3-allreduce-raw-v1,kaggle-vllm-m3-two-rank-nccl-allreduce-v1,4194304,float16,2,3,76,1095.7119464874268,1079.5199871063232,1095.7119464874268,20,100,2026-09-07T21:15:51.512265+00:00
kaggle-vllm-m3-allreduce-raw-v1,kaggle-vllm-m3-two-rank-nccl-allreduce-v1,4194304,float16,2,3,77,1143.1039571762085,1122.0159530639648,1143.1039571762085,20,100,2026-09-07T21:15:51.512265+00:00
kaggle-vllm-m3-allreduce-raw-v1,kaggle-vllm-m3-two-rank-nccl-allreduce-v1,4194304,float16,2,3,78,1131.7119598388672,1124.608039855957,1131.7119598388672,20,100,2026-09-07T21:15:51.512265+00:00
kaggle-vllm-m3-allreduce-raw-v1,kaggle-vllm-m3-two-rank-nccl-allreduce-v1,4194304,float16,2,3,79,1128.4799575805664,1115.7759428024292,1128.4799575805664,20,100,2026-09-07T21:15:51.512265+00:00
kaggle-vllm-m3-allreduce-raw-v1,kaggle-vllm-m3-two-rank-nccl-allreduce-v1,4194304,float16,2,3,80,1146.2719440460205,1140.8319473266602,1146.2719440460205,20,100,2026-09-07T21:15:51.512265+00:00
kaggle-vllm-m3-allreduce-raw-v1,kaggle-vllm-m3-two-rank-nccl-allreduce-v1,4194304,float16,2,3,81,1142.7839994430542,1133.471965789795,1142.7839994430542,20,100,2026-09-07T21:15:51.512265+00:00
kaggle-vllm-m3-allreduce-raw-v1,kaggle-vllm-m3-two-rank-nccl-allreduce-v1,4194304,float16,2,3,82,1134.6240043640137,1129.472017288208,1134.6240043640137,20,100,2026-09-07T21:15:51.512265+00:00
kaggle-vllm-m3-allreduce-raw-v1,kaggle-vllm-m3-two-rank-nccl-allreduce-v1,4194304,float16,2,3,83,1133.504033088684,1130.4960250854492,1133.504033088684,20,100,2026-09-07T21:15:51.512265+00:00
kaggle-vllm-m3-allreduce-raw-v1,kaggle-vllm-m3-two-rank-nccl-allreduce-v1,4194304,float16,2,3,84,1120.2880144119263,1114.016056060791,1120.2880144119263,20,100,2026-09-07T21:15:51.512265+00:00
kaggle-vllm-m3-allreduce-raw-v1,kaggle-vllm-m3-two-rank-nccl-allreduce-v1,4194304,float16,2,3,85,1139.2639875411987,1136.031985282898,1139.2639875411987,20,100,2026-09-07T21:15:51.512265+00:00
kaggle-vllm-m3-allreduce-raw-v1,kaggle-vllm-m3-two-rank-nccl-allreduce-v1,4194304,float16,2,3,86,1081.3440084457397,1050.6559610366821,1081.3440084457397,20,100,2026-09-07T21:15:51.512265+00:00
kaggle-vllm-m3-allreduce-raw-v1,kaggle-vllm-m3-two-rank-nccl-allreduce-v1,4194304,float16,2,3,87,1078.271985054016,1064.9919509887695,1078.271985054016,20,100,2026-09-07T21:15:51.512265+00:00
kaggle-vllm-m3-allreduce-raw-v1,kaggle-vllm-m3-two-rank-nccl-allreduce-v1,4194304,float16,2,3,88,1130.46395778656,1123.6799955368042,1130.46395778656,20,100,2026-09-07T21:15:51.512265+00:00
kaggle-vllm-m3-allreduce-raw-v1,kaggle-vllm-m3-two-rank-nccl-allreduce-v1,4194304,float16,2,3,89,1113.919973373413,1117.0239448547363,1117.0239448547363,20,100,2026-09-07T21:15:51.512265+00:00
kaggle-vllm-m3-allreduce-raw-v1,kaggle-vllm-m3-two-rank-nccl-allreduce-v1,4194304,float16,2,3,90,1062.7199411392212,1093.664050102234,1093.664050102234,20,100,2026-09-07T21:15:51.512265+00:00
kaggle-vllm-m3-allreduce-raw-v1,kaggle-vllm-m3-two-rank-nccl-allreduce-v1,4194304,float16,2,3,91,1108.9279651641846,1126.3680458068848,1126.3680458068848,20,100,2026-09-07T21:15:51.512265+00:00
kaggle-vllm-m3-allreduce-raw-v1,kaggle-vllm-m3-two-rank-nccl-allreduce-v1,4194304,float16,2,3,92,1121.8559741973877,1139.456033706665,1139.456033706665,20,100,2026-09-07T21:15:51.512265+00:00
kaggle-vllm-m3-allreduce-raw-v1,kaggle-vllm-m3-two-rank-nccl-allreduce-v1,4194304,float16,2,3,93,1083.135962486267,1095.0080156326294,1095.0080156326294,20,100,2026-09-07T21:15:51.512265+00:00
kaggle-vllm-m3-allreduce-raw-v1,kaggle-vllm-m3-two-rank-nccl-allreduce-v1,4194304,float16,2,3,94,1103.8719415664673,1116.1919832229614,1116.1919832229614,20,100,2026-09-07T21:15:51.512265+00:00
kaggle-vllm-m3-allreduce-raw-v1,kaggle-vllm-m3-two-rank-nccl-allreduce-v1,4194304,float16,2,3,95,1090.6239748001099,1106.0800552368164,1106.0800552368164,20,100,2026-09-07T21:15:51.512265+00:00
kaggle-vllm-m3-allreduce-raw-v1,kaggle-vllm-m3-two-rank-nccl-allreduce-v1,4194304,float16,2,3,96,1098.1440544128418,1106.0160398483276,1106.0160398483276,20,100,2026-09-07T21:15:51.512265+00:00
kaggle-vllm-m3-allreduce-raw-v1,kaggle-vllm-m3-two-rank-nccl-allreduce-v1,4194304,float16,2,3,97,1103.0399799346924,1120.479941368103,1120.479941368103,20,100,2026-09-07T21:15:51.512265+00:00
kaggle-vllm-m3-allreduce-raw-v1,kaggle-vllm-m3-two-rank-nccl-allreduce-v1,4194304,float16,2,3,98,1103.935956954956,1110.3359460830688,1110.3359460830688,20,100,2026-09-07T21:15:51.512265+00:00
kaggle-vllm-m3-allreduce-raw-v1,kaggle-vllm-m3-two-rank-nccl-allreduce-v1,4194304,float16,2,3,99,1062.656044960022,1061.8239641189575,1062.656044960022,20,100,2026-09-07T21:15:51.512265+00:00
kaggle-vllm-m3-allreduce-raw-v1,kaggle-vllm-m3-two-rank-nccl-allreduce-v1,16777216,float16,2,3,0,4225.696086883545,4226.687908172607,4226.687908172607,20,100,2026-09-07T21:15:52.053182+00:00
kaggle-vllm-m3-allreduce-raw-v1,kaggle-vllm-m3-two-rank-nccl-allreduce-v1,16777216,float16,2,3,1,4220.928192138672,4196.864128112793,4220.928192138672,20,100,2026-09-07T21:15:52.053182+00:00
kaggle-vllm-m3-allreduce-raw-v1,kaggle-vllm-m3-two-rank-nccl-allreduce-v1,16777216,float16,2,3,2,4188.767910003662,4163.584232330322,4188.767910003662,20,100,2026-09-07T21:15:52.053182+00:00
kaggle-vllm-m3-allreduce-raw-v1,kaggle-vllm-m3-two-rank-nccl-allreduce-v1,16777216,float16,2,3,3,4225.024223327637,4214.784145355225,4225.024223327637,20,100,2026-09-07T21:15:52.053182+00:00
kaggle-vllm-m3-allreduce-raw-v1,kaggle-vllm-m3-two-rank-nccl-allreduce-v1,16777216,float16,2,3,4,4210.5278968811035,4214.784145355225,4214.784145355225,20,100,2026-09-07T21:15:52.053182+00:00
kaggle-vllm-m3-allreduce-raw-v1,kaggle-vllm-m3-two-rank-nccl-allreduce-v1,16777216,float16,2,3,5,4227.071762084961,4216.832160949707,4227.071762084961,20,100,2026-09-07T21:15:52.053182+00:00
kaggle-vllm-m3-allreduce-raw-v1,kaggle-vllm-m3-two-rank-nccl-allreduce-v1,16777216,float16,2,3,6,4227.071762084961,4227.071762084961,4227.071762084961,20,100,2026-09-07T21:15:52.053182+00:00
kaggle-vllm-m3-allreduce-raw-v1,kaggle-vllm-m3-two-rank-nccl-allreduce-v1,16777216,float16,2,3,7,4198.400020599365,4174.367904663086,4198.400020599365,20,100,2026-09-07T21:15:52.053182+00:00
kaggle-vllm-m3-allreduce-raw-v1,kaggle-vllm-m3-two-rank-nccl-allreduce-v1,16777216,float16,2,3,8,4223.072052001953,4221.824169158936,4223.072052001953,20,100,2026-09-07T21:15:52.053182+00:00
kaggle-vllm-m3-allreduce-raw-v1,kaggle-vllm-m3-two-rank-nccl-allreduce-v1,16777216,float16,2,3,9,4233.695983886719,4215.456008911133,4233.695983886719,20,100,2026-09-07T21:15:52.053182+00:00
kaggle-vllm-m3-allreduce-raw-v1,kaggle-vllm-m3-two-rank-nccl-allreduce-v1,16777216,float16,2,3,10,4208.127975463867,4212.096214294434,4212.096214294434,20,100,2026-09-07T21:15:52.053182+00:00
kaggle-vllm-m3-allreduce-raw-v1,kaggle-vllm-m3-two-rank-nccl-allreduce-v1,16777216,float16,2,3,11,4216.800212860107,4206.975936889648,4216.800212860107,20,100,2026-09-07T21:15:52.053182+00:00
kaggle-vllm-m3-allreduce-raw-v1,kaggle-vllm-m3-two-rank-nccl-allreduce-v1,16777216,float16,2,3,12,4207.712173461914,4195.839881896973,4207.712173461914,20,100,2026-09-07T21:15:52.053182+00:00
kaggle-vllm-m3-allreduce-raw-v1,kaggle-vllm-m3-two-rank-nccl-allreduce-v1,16777216,float16,2,3,13,4241.407871246338,4235.263824462891,4241.407871246338,20,100,2026-09-07T21:15:52.053182+00:00
kaggle-vllm-m3-allreduce-raw-v1,kaggle-vllm-m3-two-rank-nccl-allreduce-v1,16777216,float16,2,3,14,4215.904235839844,4201.280117034912,4215.904235839844,20,100,2026-09-07T21:15:52.053182+00:00
kaggle-vllm-m3-allreduce-raw-v1,kaggle-vllm-m3-two-rank-nccl-allreduce-v1,16777216,float16,2,3,15,4202.847957611084,4201.087951660156,4202.847957611084,20,100,2026-09-07T21:15:52.053182+00:00
kaggle-vllm-m3-allreduce-raw-v1,kaggle-vllm-m3-two-rank-nccl-allreduce-v1,16777216,float16,2,3,16,4198.400020599365,4190.944194793701,4198.400020599365,20,100,2026-09-07T21:15:52.053182+00:00
kaggle-vllm-m3-allreduce-raw-v1,kaggle-vllm-m3-two-rank-nccl-allreduce-v1,16777216,float16,2,3,17,4208.640098571777,4216.095924377441,4216.095924377441,20,100,2026-09-07T21:15:52.053182+00:00
kaggle-vllm-m3-allreduce-raw-v1,kaggle-vllm-m3-two-rank-nccl-allreduce-v1,16777216,float16,2,3,18,4209.343910217285,4207.712173461914,4209.343910217285,20,100,2026-09-07T21:15:52.053182+00:00
kaggle-vllm-m3-allreduce-raw-v1,kaggle-vllm-m3-two-rank-nccl-allreduce-v1,16777216,float16,2,3,19,4227.071762084961,4210.976123809814,4227.071762084961,20,100,2026-09-07T21:15:52.053182+00:00
kaggle-vllm-m3-allreduce-raw-v1,kaggle-vllm-m3-two-rank-nccl-allreduce-v1,16777216,float16,2,3,20,4173.183917999268,4177.984237670898,4177.984237670898,20,100,2026-09-07T21:15:52.053182+00:00
kaggle-vllm-m3-allreduce-raw-v1,kaggle-vllm-m3-two-rank-nccl-allreduce-v1,16777216,float16,2,3,21,4096.000194549561,4126.719951629639,4126.719951629639,20,100,2026-09-07T21:15:52.053182+00:00
kaggle-vllm-m3-allreduce-raw-v1,kaggle-vllm-m3-two-rank-nccl-allreduce-v1,16777216,float16,2,3,22,4073.472023010254,4089.7598266601562,4089.7598266601562,20,100,2026-09-07T21:15:52.053182+00:00
kaggle-vllm-m3-allreduce-raw-v1,kaggle-vllm-m3-two-rank-nccl-allreduce-v1,16777216,float16,2,3,23,4097.856044769287,4123.648166656494,4123.648166656494,20,100,2026-09-07T21:15:52.053182+00:00
kaggle-vllm-m3-allreduce-raw-v1,kaggle-vllm-m3-two-rank-nccl-allreduce-v1,16777216,float16,2,3,24,4088.0961418151855,4089.8561477661133,4089.8561477661133,20,100,2026-09-07T21:15:52.053182+00:00
kaggle-vllm-m3-allreduce-raw-v1,kaggle-vllm-m3-two-rank-nccl-allreduce-v1,16777216,float16,2,3,25,4211.679935455322,4223.199844360352,4223.199844360352,20,100,2026-09-07T21:15:52.053182+00:00
kaggle-vllm-m3-allreduce-raw-v1,kaggle-vllm-m3-two-rank-nccl-allreduce-v1,16777216,float16,2,3,26,3911.679983139038,4090.4321670532227,4090.4321670532227,20,100,2026-09-07T21:15:52.053182+00:00
kaggle-vllm-m3-allreduce-raw-v1,kaggle-vllm-m3-two-rank-nccl-allreduce-v1,16777216,float16,2,3,27,4135.551929473877,4172.44815826416,4172.44815826416,20,100,2026-09-07T21:15:52.053182+00:00
kaggle-vllm-m3-allreduce-raw-v1,kaggle-vllm-m3-two-rank-nccl-allreduce-v1,16777216,float16,2,3,28,4111.135959625244,4152.544021606445,4152.544021606445,20,100,2026-09-07T21:15:52.053182+00:00
kaggle-vllm-m3-allreduce-raw-v1,kaggle-vllm-m3-two-rank-nccl-allreduce-v1,16777216,float16,2,3,29,4083.7759971618652,4141.056060791016,4141.056060791016,20,100,2026-09-07T21:15:52.053182+00:00
kaggle-vllm-m3-allreduce-raw-v1,kaggle-vllm-m3-two-rank-nccl-allreduce-v1,16777216,float16,2,3,30,4122.623920440674,4153.855800628662,4153.855800628662,20,100,2026-09-07T21:15:52.053182+00:00
kaggle-vllm-m3-allreduce-raw-v1,kaggle-vllm-m3-two-rank-nccl-allreduce-v1,16777216,float16,2,3,31,4078.303813934326,4091.519832611084,4091.519832611084,20,100,2026-09-07T21:15:52.053182+00:00
kaggle-vllm-m3-allreduce-raw-v1,kaggle-vllm-m3-two-rank-nccl-allreduce-v1,16777216,float16,2,3,32,4199.903964996338,4202.176094055176,4202.176094055176,20,100,2026-09-07T21:15:52.053182+00:00
kaggle-vllm-m3-allreduce-raw-v1,kaggle-vllm-m3-two-rank-nccl-allreduce-v1,16777216,float16,2,3,33,4245.376110076904,4243.45588684082,4245.376110076904,20,100,2026-09-07T21:15:52.053182+00:00
kaggle-vllm-m3-allreduce-raw-v1,kaggle-vllm-m3-two-rank-nccl-allreduce-v1,16777216,float16,2,3,34,4226.848125457764,4234.176158905029,4234.176158905029,20,100,2026-09-07T21:15:52.053182+00:00
kaggle-vllm-m3-allreduce-raw-v1,kaggle-vllm-m3-two-rank-nccl-allreduce-v1,16777216,float16,2,3,35,4192.768096923828,4189.280033111572,4192.768096923828,20,100,2026-09-07T21:15:52.053182+00:00
kaggle-vllm-m3-allreduce-raw-v1,kaggle-vllm-m3-two-rank-nccl-allreduce-v1,16777216,float16,2,3,36,4224.480152130127,4214.399814605713,4224.480152130127,20,100,2026-09-07T21:15:52.053182+00:00
kaggle-vllm-m3-allreduce-raw-v1,kaggle-vllm-m3-two-rank-nccl-allreduce-v1,16777216,float16,2,3,37,4214.399814605713,4206.88009262085,4214.399814605713,20,100,2026-09-07T21:15:52.053182+00:00
kaggle-vllm-m3-allreduce-raw-v1,kaggle-vllm-m3-two-rank-nccl-allreduce-v1,16777216,float16,2,3,38,4221.183776855469,4211.008071899414,4221.183776855469,20,100,2026-09-07T21:15:52.053182+00:00
kaggle-vllm-m3-allreduce-raw-v1,kaggle-vllm-m3-two-rank-nccl-allreduce-v1,16777216,float16,2,3,39,4196.608066558838,4191.967964172363,4196.608066558838,20,100,2026-09-07T21:15:52.053182+00:00
kaggle-vllm-m3-allreduce-raw-v1,kaggle-vllm-m3-two-rank-nccl-allreduce-v1,16777216,float16,2,3,40,4218.880176544189,4205.24787902832,4218.880176544189,20,100,2026-09-07T21:15:52.053182+00:00
kaggle-vllm-m3-allreduce-raw-v1,kaggle-vllm-m3-two-rank-nccl-allreduce-v1,16777216,float16,2,3,41,4204.095840454102,4201.280117034912,4204.095840454102,20,100,2026-09-07T21:15:52.053182+00:00
kaggle-vllm-m3-allreduce-raw-v1,kaggle-vllm-m3-two-rank-nccl-allreduce-v1,16777216,float16,2,3,42,4216.832160949707,4226.912021636963,4226.912021636963,20,100,2026-09-07T21:15:52.053182+00:00
kaggle-vllm-m3-allreduce-raw-v1,kaggle-vllm-m3-two-rank-nccl-allreduce-v1,16777216,float16,2,3,43,4215.04020690918,4210.336208343506,4215.04020690918,20,100,2026-09-07T21:15:52.053182+00:00
kaggle-vllm-m3-allreduce-raw-v1,kaggle-vllm-m3-two-rank-nccl-allreduce-v1,16777216,float16,2,3,44,4220.9601402282715,4208.064079284668,4220.9601402282715,20,100,2026-09-07T21:15:52.053182+00:00
kaggle-vllm-m3-allreduce-raw-v1,kaggle-vllm-m3-two-rank-nccl-allreduce-v1,16777216,float16,2,3,45,4185.791969299316,4187.5200271606445,4187.5200271606445,20,100,2026-09-07T21:15:52.053182+00:00
kaggle-vllm-m3-allreduce-raw-v1,kaggle-vllm-m3-two-rank-nccl-allreduce-v1,16777216,float16,2,3,46,4189.472198486328,4180.448055267334,4189.472198486328,20,100,2026-09-07T21:15:52.053182+00:00
kaggle-vllm-m3-allreduce-raw-v1,kaggle-vllm-m3-two-rank-nccl-allreduce-v1,16777216,float16,2,3,47,4184.063911437988,4176.767826080322,4184.063911437988,20,100,2026-09-07T21:15:52.053182+00:00
kaggle-vllm-m3-allreduce-raw-v1,kaggle-vllm-m3-two-rank-nccl-allreduce-v1,16777216,float16,2,3,48,4022.2721099853516,4044.735908508301,4044.735908508301,20,100,2026-09-07T21:15:52.053182+00:00
kaggle-vllm-m3-allreduce-raw-v1,kaggle-vllm-m3-two-rank-nccl-allreduce-v1,16777216,float16,2,3,49,4208.640098571777,4213.344097137451,4213.344097137451,20,100,2026-09-07T21:15:52.053182+00:00
kaggle-vllm-m3-allreduce-raw-v1,kaggle-vllm-m3-two-rank-nccl-allreduce-v1,16777216,float16,2,3,50,4205.696105957031,4206.592082977295,4206.592082977295,20,100,2026-09-07T21:15:52.053182+00:00
kaggle-vllm-m3-allreduce-raw-v1,kaggle-vllm-m3-two-rank-nccl-allreduce-v1,16777216,float16,2,3,51,4204.5440673828125,4202.432155609131,4204.5440673828125,20,100,2026-09-07T21:15:52.053182+00:00
kaggle-vllm-m3-allreduce-raw-v1,kaggle-vllm-m3-two-rank-nccl-allreduce-v1,16777216,float16,2,3,52,4220.928192138672,4218.30415725708,4220.928192138672,20,100,2026-09-07T21:15:52.053182+00:00
kaggle-vllm-m3-allreduce-raw-v1,kaggle-vllm-m3-two-rank-nccl-allreduce-v1,16777216,float16,2,3,53,4213.247776031494,4206.592082977295,4213.247776031494,20,100,2026-09-07T21:15:52.053182+00:00
kaggle-vllm-m3-allreduce-raw-v1,kaggle-vllm-m3-two-rank-nccl-allreduce-v1,16777216,float16,2,3,54,4200.704097747803,4213.0560874938965,4213.0560874938965,20,100,2026-09-07T21:15:52.053182+00:00
kaggle-vllm-m3-allreduce-raw-v1,kaggle-vllm-m3-two-rank-nccl-allreduce-v1,16777216,float16,2,3,55,4184.063911437988,4173.471927642822,4184.063911437988,20,100,2026-09-07T21:15:52.053182+00:00
kaggle-vllm-m3-allreduce-raw-v1,kaggle-vllm-m3-two-rank-nccl-allreduce-v1,16777216,float16,2,3,56,4120.416164398193,4136.99197769165,4136.99197769165,20,100,2026-09-07T21:15:52.053182+00:00
kaggle-vllm-m3-allreduce-raw-v1,kaggle-vllm-m3-two-rank-nccl-allreduce-v1,16777216,float16,2,3,57,4224.89595413208,4227.231979370117,4227.231979370117,20,100,2026-09-07T21:15:52.053182+00:00
kaggle-vllm-m3-allreduce-raw-v1,kaggle-vllm-m3-two-rank-nccl-allreduce-v1,16777216,float16,2,3,58,4203.487873077393,4200.511932373047,4203.487873077393,20,100,2026-09-07T21:15:52.053182+00:00
kaggle-vllm-m3-allreduce-raw-v1,kaggle-vllm-m3-two-rank-nccl-allreduce-v1,16777216,float16,2,3,59,4203.551769256592,4199.264049530029,4203.551769256592,20,100,2026-09-07T21:15:52.053182+00:00
kaggle-vllm-m3-allreduce-raw-v1,kaggle-vllm-m3-two-rank-nccl-allreduce-v1,16777216,float16,2,3,60,4187.679767608643,4179.903984069824,4187.679767608643,20,100,2026-09-07T21:15:52.053182+00:00
kaggle-vllm-m3-allreduce-raw-v1,kaggle-vllm-m3-two-rank-nccl-allreduce-v1,16777216,float16,2,3,61,4199.872016906738,4195.807933807373,4199.872016906738,20,100,2026-09-07T21:15:52.053182+00:00
kaggle-vllm-m3-allreduce-raw-v1,kaggle-vllm-m3-two-rank-nccl-allreduce-v1,16777216,float16,2,3,62,4207.071781158447,4205.503940582275,4207.071781158447,20,100,2026-09-07T21:15:52.053182+00:00
kaggle-vllm-m3-allreduce-raw-v1,kaggle-vllm-m3-two-rank-nccl-allreduce-v1,16777216,float16,2,3,63,4191.2641525268555,4189.375877380371,4191.2641525268555,20,100,2026-09-07T21:15:52.053182+00:00
kaggle-vllm-m3-allreduce-raw-v1,kaggle-vllm-m3-two-rank-nccl-allreduce-v1,16777216,float16,2,3,64,4200.255870819092,4188.28821182251,4200.255870819092,20,100,2026-09-07T21:15:52.053182+00:00
kaggle-vllm-m3-allreduce-raw-v1,kaggle-vllm-m3-two-rank-nccl-allreduce-v1,16777216,float16,2,3,65,4182.591915130615,4177.216053009033,4182.591915130615,20,100,2026-09-07T21:15:52.053182+00:00
kaggle-vllm-m3-allreduce-raw-v1,kaggle-vllm-m3-two-rank-nccl-allreduce-v1,16777216,float16,2,3,66,4177.919864654541,4169.727802276611,4177.919864654541,20,100,2026-09-07T21:15:52.053182+00:00
kaggle-vllm-m3-allreduce-raw-v1,kaggle-vllm-m3-two-rank-nccl-allreduce-v1,16777216,float16,2,3,67,4184.063911437988,4177.919864654541,4184.063911437988,20,100,2026-09-07T21:15:52.053182+00:00
kaggle-vllm-m3-allreduce-raw-v1,kaggle-vllm-m3-two-rank-nccl-allreduce-v1,16777216,float16,2,3,68,4203.04012298584,4184.512138366699,4203.04012298584,20,100,2026-09-07T21:15:52.053182+00:00
kaggle-vllm-m3-allreduce-raw-v1,kaggle-vllm-m3-two-rank-nccl-allreduce-v1,16777216,float16,2,3,69,4186.336040496826,4180.768013000488,4186.336040496826,20,100,2026-09-07T21:15:52.053182+00:00
kaggle-vllm-m3-allreduce-raw-v1,kaggle-vllm-m3-two-rank-nccl-allreduce-v1,16777216,float16,2,3,70,4219.6478843688965,4214.46418762207,4219.6478843688965,20,100,2026-09-07T21:15:52.053182+00:00
kaggle-vllm-m3-allreduce-raw-v1,kaggle-vllm-m3-two-rank-nccl-allreduce-v1,16777216,float16,2,3,71,4182.400226593018,4177.919864654541,4182.400226593018,20,100,2026-09-07T21:15:52.053182+00:00
kaggle-vllm-m3-allreduce-raw-v1,kaggle-vllm-m3-two-rank-nccl-allreduce-v1,16777216,float16,2,3,72,4196.0320472717285,4182.015895843506,4196.0320472717285,20,100,2026-09-07T21:15:52.053182+00:00
kaggle-vllm-m3-allreduce-raw-v1,kaggle-vllm-m3-two-rank-nccl-allreduce-v1,16777216,float16,2,3,73,4212.768077850342,4203.104019165039,4212.768077850342,20,100,2026-09-07T21:15:52.053182+00:00
kaggle-vllm-m3-allreduce-raw-v1,kaggle-vllm-m3-two-rank-nccl-allreduce-v1,16777216,float16,2,3,74,4206.912040710449,4198.14395904541,4206.912040710449,20,100,2026-09-07T21:15:52.053182+00:00
kaggle-vllm-m3-allreduce-raw-v1,kaggle-vllm-m3-two-rank-nccl-allreduce-v1,16777216,float16,2,3,75,4192.255973815918,4189.248085021973,4192.255973815918,20,100,2026-09-07T21:15:52.053182+00:00
kaggle-vllm-m3-allreduce-raw-v1,kaggle-vllm-m3-two-rank-nccl-allreduce-v1,16777216,float16,2,3,76,4185.855865478516,4177.855968475342,4185.855865478516,20,100,2026-09-07T21:15:52.053182+00:00
kaggle-vllm-m3-allreduce-raw-v1,kaggle-vllm-m3-two-rank-nccl-allreduce-v1,16777216,float16,2,3,77,4210.080146789551,4213.856220245361,4213.856220245361,20,100,2026-09-07T21:15:52.053182+00:00
kaggle-vllm-m3-allreduce-raw-v1,kaggle-vllm-m3-two-rank-nccl-allreduce-v1,16777216,float16,2,3,78,4194.3039894104,4184.927940368652,4194.3039894104,20,100,2026-09-07T21:15:52.053182+00:00
kaggle-vllm-m3-allreduce-raw-v1,kaggle-vllm-m3-two-rank-nccl-allreduce-v1,16777216,float16,2,3,79,4188.928127288818,4184.000015258789,4188.928127288818,20,100,2026-09-07T21:15:52.053182+00:00
kaggle-vllm-m3-allreduce-raw-v1,kaggle-vllm-m3-two-rank-nccl-allreduce-v1,16777216,float16,2,3,80,4199.808120727539,4188.159942626953,4199.808120727539,20,100,2026-09-07T21:15:52.053182+00:00
kaggle-vllm-m3-allreduce-raw-v1,kaggle-vllm-m3-two-rank-nccl-allreduce-v1,16777216,float16,2,3,81,4198.400020599365,4195.040225982666,4198.400020599365,20,100,2026-09-07T21:15:52.053182+00:00
kaggle-vllm-m3-allreduce-raw-v1,kaggle-vllm-m3-two-rank-nccl-allreduce-v1,16777216,float16,2,3,82,4206.592082977295,4199.967861175537,4206.592082977295,20,100,2026-09-07T21:15:52.053182+00:00
kaggle-vllm-m3-allreduce-raw-v1,kaggle-vllm-m3-two-rank-nccl-allreduce-v1,16777216,float16,2,3,83,4203.104019165039,4194.943904876709,4203.104019165039,20,100,2026-09-07T21:15:52.053182+00:00
kaggle-vllm-m3-allreduce-raw-v1,kaggle-vllm-m3-two-rank-nccl-allreduce-v1,16777216,float16,2,3,84,4145.1520919799805,4152.575969696045,4152.575969696045,20,100,2026-09-07T21:15:52.053182+00:00
kaggle-vllm-m3-allreduce-raw-v1,kaggle-vllm-m3-two-rank-nccl-allreduce-v1,16777216,float16,2,3,85,4210.591793060303,4224.800109863281,4224.800109863281,20,100,2026-09-07T21:15:52.053182+00:00
kaggle-vllm-m3-allreduce-raw-v1,kaggle-vllm-m3-two-rank-nccl-allreduce-v1,16777216,float16,2,3,86,4200.448036193848,4190.207958221436,4200.448036193848,20,100,2026-09-07T21:15:52.053182+00:00
kaggle-vllm-m3-allreduce-raw-v1,kaggle-vllm-m3-two-rank-nccl-allreduce-v1,16777216,float16,2,3,87,4195.328235626221,4191.55216217041,4195.328235626221,20,100,2026-09-07T21:15:52.053182+00:00
kaggle-vllm-m3-allreduce-raw-v1,kaggle-vllm-m3-two-rank-nccl-allreduce-v1,16777216,float16,2,3,88,4053.2479286193848,4024.991989135742,4053.2479286193848,20,100,2026-09-07T21:15:52.053182+00:00
kaggle-vllm-m3-allreduce-raw-v1,kaggle-vllm-m3-two-rank-nccl-allreduce-v1,16777216,float16,2,3,89,3981.920003890991,4039.9041175842285,4039.9041175842285,20,100,2026-09-07T21:15:52.053182+00:00
kaggle-vllm-m3-allreduce-raw-v1,kaggle-vllm-m3-two-rank-nccl-allreduce-v1,16777216,float16,2,3,90,4034.560203552246,4065.279960632324,4065.279960632324,20,100,2026-09-07T21:15:52.053182+00:00
kaggle-vllm-m3-allreduce-raw-v1,kaggle-vllm-m3-two-rank-nccl-allreduce-v1,16777216,float16,2,3,91,4022.5601196289062,4057.0878982543945,4057.0878982543945,20,100,2026-09-07T21:15:52.053182+00:00
kaggle-vllm-m3-allreduce-raw-v1,kaggle-vllm-m3-two-rank-nccl-allreduce-v1,16777216,float16,2,3,92,4094.7518348693848,4166.240215301514,4166.240215301514,20,100,2026-09-07T21:15:52.053182+00:00
kaggle-vllm-m3-allreduce-raw-v1,kaggle-vllm-m3-two-rank-nccl-allreduce-v1,16777216,float16,2,3,93,4157.504081726074,4186.6559982299805,4186.6559982299805,20,100,2026-09-07T21:15:52.053182+00:00
kaggle-vllm-m3-allreduce-raw-v1,kaggle-vllm-m3-two-rank-nccl-allreduce-v1,16777216,float16,2,3,94,4211.2321853637695,4225.056171417236,4225.056171417236,20,100,2026-09-07T21:15:52.053182+00:00
kaggle-vllm-m3-allreduce-raw-v1,kaggle-vllm-m3-two-rank-nccl-allreduce-v1,16777216,float16,2,3,95,4054.2078018188477,4085.887908935547,4085.887908935547,20,100,2026-09-07T21:15:52.053182+00:00
kaggle-vllm-m3-allreduce-raw-v1,kaggle-vllm-m3-two-rank-nccl-allreduce-v1,16777216,float16,2,3,96,4135.104179382324,4161.53621673584,4161.53621673584,20,100,2026-09-07T21:15:52.053182+00:00
kaggle-vllm-m3-allreduce-raw-v1,kaggle-vllm-m3-two-rank-nccl-allreduce-v1,16777216,float16,2,3,97,4142.271995544434,4168.159961700439,4168.159961700439,20,100,2026-09-07T21:15:52.053182+00:00
kaggle-vllm-m3-allreduce-raw-v1,kaggle-vllm-m3-two-rank-nccl-allreduce-v1,16777216,float16,2,3,98,4106.175899505615,4143.167972564697,4143.167972564697,20,100,2026-09-07T21:15:52.053182+00:00
kaggle-vllm-m3-allreduce-raw-v1,kaggle-vllm-m3-two-rank-nccl-allreduce-v1,16777216,float16,2,3,99,4120.575904846191,4132.863998413086,4132.863998413086,20,100,2026-09-07T21:15:52.053182+00:00
kaggle-vllm-m3-allreduce-raw-v1,kaggle-vllm-m3-two-rank-nccl-allreduce-v1,33554432,float16,2,3,0,8361.663818359375,8367.96760559082,8367.96760559082,20,100,2026-09-07T21:15:53.103692+00:00
kaggle-vllm-m3-allreduce-raw-v1,kaggle-vllm-m3-two-rank-nccl-allreduce-v1,33554432,float16,2,3,1,8314.94426727295,8293.375968933105,8314.94426727295,20,100,2026-09-07T21:15:53.103692+00:00
kaggle-vllm-m3-allreduce-raw-v1,kaggle-vllm-m3-two-rank-nccl-allreduce-v1,33554432,float16,2,3,2,8377.311706542969,8384.511947631836,8384.511947631836,20,100,2026-09-07T21:15:53.103692+00:00
kaggle-vllm-m3-allreduce-raw-v1,kaggle-vllm-m3-two-rank-nccl-allreduce-v1,33554432,float16,2,3,3,8371.68025970459,8380.415916442871,8380.415916442871,20,100,2026-09-07T21:15:53.103692+00:00
kaggle-vllm-m3-allreduce-raw-v1,kaggle-vllm-m3-two-rank-nccl-allreduce-v1,33554432,float16,2,3,4,8349.760055541992,8342.816352844238,8349.760055541992,20,100,2026-09-07T21:15:53.103692+00:00
kaggle-vllm-m3-allreduce-raw-v1,kaggle-vllm-m3-two-rank-nccl-allreduce-v1,33554432,float16,2,3,5,8331.263542175293,8320.992469787598,8331.263542175293,20,100,2026-09-07T21:15:53.103692+00:00
kaggle-vllm-m3-allreduce-raw-v1,kaggle-vllm-m3-two-rank-nccl-allreduce-v1,33554432,float16,2,3,6,8335.359573364258,8332.927703857422,8335.359573364258,20,100,2026-09-07T21:15:53.103692+00:00
kaggle-vllm-m3-allreduce-raw-v1,kaggle-vllm-m3-two-rank-nccl-allreduce-v1,33554432,float16,2,3,7,8354.047775268555,8344.223976135254,8354.047775268555,20,100,2026-09-07T21:15:53.103692+00:00
kaggle-vllm-m3-allreduce-raw-v1,kaggle-vllm-m3-two-rank-nccl-allreduce-v1,33554432,float16,2,3,8,8333.312034606934,8316.767692565918,8333.312034606934,20,100,2026-09-07T21:15:53.103692+00:00
kaggle-vllm-m3-allreduce-raw-v1,kaggle-vllm-m3-two-rank-nccl-allreduce-v1,33554432,float16,2,3,9,8345.536231994629,8333.503723144531,8345.536231994629,20,100,2026-09-07T21:15:53.103692+00:00
kaggle-vllm-m3-allreduce-raw-v1,kaggle-vllm-m3-two-rank-nccl-allreduce-v1,33554432,float16,2,3,10,8199.551582336426,8261.792182922363,8261.792182922363,20,100,2026-09-07T21:15:53.103692+00:00
kaggle-vllm-m3-allreduce-raw-v1,kaggle-vllm-m3-two-rank-nccl-allreduce-v1,33554432,float16,2,3,11,8271.295547485352,8354.33578491211,8354.33578491211,20,100,2026-09-07T21:15:53.103692+00:00
kaggle-vllm-m3-allreduce-raw-v1,kaggle-vllm-m3-two-rank-nccl-allreduce-v1,33554432,float16,2,3,12,8140.192031860352,8184.415817260742,8184.415817260742,20,100,2026-09-07T21:15:53.103692+00:00
kaggle-vllm-m3-allreduce-raw-v1,kaggle-vllm-m3-two-rank-nccl-allreduce-v1,33554432,float16,2,3,13,8219.648361206055,8255.104064941406,8255.104064941406,20,100,2026-09-07T21:15:53.103692+00:00
kaggle-vllm-m3-allreduce-raw-v1,kaggle-vllm-m3-two-rank-nccl-allreduce-v1,33554432,float16,2,3,14,8235.487937927246,8288.512229919434,8288.512229919434,20,100,2026-09-07T21:15:53.103692+00:00
kaggle-vllm-m3-allreduce-raw-v1,kaggle-vllm-m3-two-rank-nccl-allreduce-v1,33554432,float16,2,3,15,8266.36791229248,8313.471794128418,8313.471794128418,20,100,2026-09-07T21:15:53.103692+00:00
kaggle-vllm-m3-allreduce-raw-v1,kaggle-vllm-m3-two-rank-nccl-allreduce-v1,33554432,float16,2,3,16,8302.080154418945,8290.240287780762,8302.080154418945,20,100,2026-09-07T21:15:53.103692+00:00
kaggle-vllm-m3-allreduce-raw-v1,kaggle-vllm-m3-two-rank-nccl-allreduce-v1,33554432,float16,2,3,17,8331.775665283203,8293.343544006348,8331.775665283203,20,100,2026-09-07T21:15:53.103692+00:00
kaggle-vllm-m3-allreduce-raw-v1,kaggle-vllm-m3-two-rank-nccl-allreduce-v1,33554432,float16,2,3,18,8331.968307495117,8327.168464660645,8331.968307495117,20,100,2026-09-07T21:15:53.103692+00:00
kaggle-vllm-m3-allreduce-raw-v1,kaggle-vllm-m3-two-rank-nccl-allreduce-v1,33554432,float16,2,3,19,8355.327606201172,8337.408065795898,8355.327606201172,20,100,2026-09-07T21:15:53.103692+00:00
kaggle-vllm-m3-allreduce-raw-v1,kaggle-vllm-m3-two-rank-nccl-allreduce-v1,33554432,float16,2,3,20,8320.704460144043,8304.63981628418,8320.704460144043,20,100,2026-09-07T21:15:53.103692+00:00
kaggle-vllm-m3-allreduce-raw-v1,kaggle-vllm-m3-two-rank-nccl-allreduce-v1,33554432,float16,2,3,21,8347.200393676758,8339.424133300781,8347.200393676758,20,100,2026-09-07T21:15:53.103692+00:00
kaggle-vllm-m3-allreduce-raw-v1,kaggle-vllm-m3-two-rank-nccl-allreduce-v1,33554432,float16,2,3,22,8326.88045501709,8317.440032958984,8326.88045501709,20,100,2026-09-07T21:15:53.103692+00:00
kaggle-vllm-m3-allreduce-raw-v1,kaggle-vllm-m3-two-rank-nccl-allreduce-v1,33554432,float16,2,3,23,8337.311744689941,8318.719863891602,8337.311744689941,20,100,2026-09-07T21:15:53.103692+00:00
kaggle-vllm-m3-allreduce-raw-v1,kaggle-vllm-m3-two-rank-nccl-allreduce-v1,33554432,float16,2,3,24,8322.624206542969,8302.751541137695,8322.624206542969,20,100,2026-09-07T21:15:53.103692+00:00
kaggle-vllm-m3-allreduce-raw-v1,kaggle-vllm-m3-two-rank-nccl-allreduce-v1,33554432,float16,2,3,25,8374.591827392578,8400.896072387695,8400.896072387695,20,100,2026-09-07T21:15:53.103692+00:00
kaggle-vllm-m3-allreduce-raw-v1,kaggle-vllm-m3-two-rank-nccl-allreduce-v1,33554432,float16,2,3,26,8384.19246673584,8381.312370300293,8384.19246673584,20,100,2026-09-07T21:15:53.103692+00:00
kaggle-vllm-m3-allreduce-raw-v1,kaggle-vllm-m3-two-rank-nccl-allreduce-v1,33554432,float16,2,3,27,8364.00032043457,8368.127822875977,8368.127822875977,20,100,2026-09-07T21:15:53.103692+00:00
kaggle-vllm-m3-allreduce-raw-v1,kaggle-vllm-m3-two-rank-nccl-allreduce-v1,33554432,float16,2,3,28,8335.359573364258,8328.864097595215,8335.359573364258,20,100,2026-09-07T21:15:53.103692+00:00
kaggle-vllm-m3-allreduce-raw-v1,kaggle-vllm-m3-two-rank-nccl-allreduce-v1,33554432,float16,2,3,29,8368.127822875977,8361.663818359375,8368.127822875977,20,100,2026-09-07T21:15:53.103692+00:00
kaggle-vllm-m3-allreduce-raw-v1,kaggle-vllm-m3-two-rank-nccl-allreduce-v1,33554432,float16,2,3,30,8337.408065795898,8327.168464660645,8337.408065795898,20,100,2026-09-07T21:15:53.103692+00:00
kaggle-vllm-m3-allreduce-raw-v1,kaggle-vllm-m3-two-rank-nccl-allreduce-v1,33554432,float16,2,3,31,8363.264083862305,8351.743698120117,8363.264083862305,20,100,2026-09-07T21:15:53.103692+00:00
kaggle-vllm-m3-allreduce-raw-v1,kaggle-vllm-m3-two-rank-nccl-allreduce-v1,33554432,float16,2,3,32,8283.967971801758,8321.184158325195,8321.184158325195,20,100,2026-09-07T21:15:53.103692+00:00
kaggle-vllm-m3-allreduce-raw-v1,kaggle-vllm-m3-two-rank-nccl-allreduce-v1,33554432,float16,2,3,33,8110.015869140625,8075.072288513184,8110.015869140625,20,100,2026-09-07T21:15:53.103692+00:00
kaggle-vllm-m3-allreduce-raw-v1,kaggle-vllm-m3-two-rank-nccl-allreduce-v1,33554432,float16,2,3,34,8411.07177734375,8414.591789245605,8414.591789245605,20,100,2026-09-07T21:15:53.103692+00:00
kaggle-vllm-m3-allreduce-raw-v1,kaggle-vllm-m3-two-rank-nccl-allreduce-v1,33554432,float16,2,3,35,8324.671745300293,8312.640190124512,8324.671745300293,20,100,2026-09-07T21:15:53.103692+00:00
kaggle-vllm-m3-allreduce-raw-v1,kaggle-vllm-m3-two-rank-nccl-allreduce-v1,33554432,float16,2,3,36,8380.415916442871,8395.3275680542,8395.3275680542,20,100,2026-09-07T21:15:53.103692+00:00
kaggle-vllm-m3-allreduce-raw-v1,kaggle-vllm-m3-two-rank-nccl-allreduce-v1,33554432,float16,2,3,37,8328.351974487305,8322.784423828125,8328.351974487305,20,100,2026-09-07T21:15:53.103692+00:00
kaggle-vllm-m3-allreduce-raw-v1,kaggle-vllm-m3-two-rank-nccl-allreduce-v1,33554432,float16,2,3,38,8346.14372253418,8355.839729309082,8355.839729309082,20,100,2026-09-07T21:15:53.103692+00:00
kaggle-vllm-m3-allreduce-raw-v1,kaggle-vllm-m3-two-rank-nccl-allreduce-v1,33554432,float16,2,3,39,8346.752166748047,8331.487655639648,8346.752166748047,20,100,2026-09-07T21:15:53.103692+00:00
kaggle-vllm-m3-allreduce-raw-v1,kaggle-vllm-m3-two-rank-nccl-allreduce-v1,33554432,float16,2,3,40,8381.183624267578,8389.375686645508,8389.375686645508,20,100,2026-09-07T21:15:53.103692+00:00
kaggle-vllm-m3-allreduce-raw-v1,kaggle-vllm-m3-two-rank-nccl-allreduce-v1,33554432,float16,2,3,41,8362.527847290039,8343.551635742188,8362.527847290039,20,100,2026-09-07T21:15:53.103692+00:00
kaggle-vllm-m3-allreduce-raw-v1,kaggle-vllm-m3-two-rank-nccl-allreduce-v1,33554432,float16,2,3,42,8375.904083251953,8378.239631652832,8378.239631652832,20,100,2026-09-07T21:15:53.103692+00:00
kaggle-vllm-m3-allreduce-raw-v1,kaggle-vllm-m3-two-rank-nccl-allreduce-v1,33554432,float16,2,3,43,8382.271766662598,8392.352104187012,8392.352104187012,20,100,2026-09-07T21:15:53.103692+00:00
kaggle-vllm-m3-allreduce-raw-v1,kaggle-vllm-m3-two-rank-nccl-allreduce-v1,33554432,float16,2,3,44,8350.496292114258,8336.223602294922,8350.496292114258,20,100,2026-09-07T21:15:53.103692+00:00
kaggle-vllm-m3-allreduce-raw-v1,kaggle-vllm-m3-two-rank-nccl-allreduce-v1,33554432,float16,2,3,45,8273.664474487305,8312.83187866211,8312.83187866211,20,100,2026-09-07T21:15:53.103692+00:00
kaggle-vllm-m3-allreduce-raw-v1,kaggle-vllm-m3-two-rank-nccl-allreduce-v1,33554432,float16,2,3,46,8136.704444885254,8217.856407165527,8217.856407165527,20,100,2026-09-07T21:15:53.103692+00:00
kaggle-vllm-m3-allreduce-raw-v1,kaggle-vllm-m3-two-rank-nccl-allreduce-v1,33554432,float16,2,3,47,8337.408065795898,8355.839729309082,8355.839729309082,20,100,2026-09-07T21:15:53.103692+00:00
kaggle-vllm-m3-allreduce-raw-v1,kaggle-vllm-m3-two-rank-nccl-allreduce-v1,33554432,float16,2,3,48,8400.896072387695,8408.512115478516,8408.512115478516,20,100,2026-09-07T21:15:53.103692+00:00
kaggle-vllm-m3-allreduce-raw-v1,kaggle-vllm-m3-two-rank-nccl-allreduce-v1,33554432,float16,2,3,49,8254.591941833496,8302.88028717041,8302.88028717041,20,100,2026-09-07T21:15:53.103692+00:00
kaggle-vllm-m3-allreduce-raw-v1,kaggle-vllm-m3-two-rank-nccl-allreduce-v1,33554432,float16,2,3,50,8389.984130859375,8410.207748413086,8410.207748413086,20,100,2026-09-07T21:15:53.103692+00:00
kaggle-vllm-m3-allreduce-raw-v1,kaggle-vllm-m3-two-rank-nccl-allreduce-v1,33554432,float16,2,3,51,8370.688438415527,8423.711776733398,8423.711776733398,20,100,2026-09-07T21:15:53.103692+00:00
kaggle-vllm-m3-allreduce-raw-v1,kaggle-vllm-m3-two-rank-nccl-allreduce-v1,33554432,float16,2,3,52,8359.935760498047,8364.959716796875,8364.959716796875,20,100,2026-09-07T21:15:53.103692+00:00
kaggle-vllm-m3-allreduce-raw-v1,kaggle-vllm-m3-two-rank-nccl-allreduce-v1,33554432,float16,2,3,53,8393.088340759277,8380.415916442871,8393.088340759277,20,100,2026-09-07T21:15:53.103692+00:00
kaggle-vllm-m3-allreduce-raw-v1,kaggle-vllm-m3-two-rank-nccl-allreduce-v1,33554432,float16,2,3,54,8371.808052062988,8374.367713928223,8374.367713928223,20,100,2026-09-07T21:15:53.103692+00:00
kaggle-vllm-m3-allreduce-raw-v1,kaggle-vllm-m3-two-rank-nccl-allreduce-v1,33554432,float16,2,3,55,8355.839729309082,8341.504096984863,8355.839729309082,20,100,2026-09-07T21:15:53.103692+00:00
kaggle-vllm-m3-allreduce-raw-v1,kaggle-vllm-m3-two-rank-nccl-allreduce-v1,33554432,float16,2,3,56,8294.943809509277,8286.335945129395,8294.943809509277,20,100,2026-09-07T21:15:53.103692+00:00
kaggle-vllm-m3-allreduce-raw-v1,kaggle-vllm-m3-two-rank-nccl-allreduce-v1,33554432,float16,2,3,57,8341.440200805664,8331.87198638916,8341.440200805664,20,100,2026-09-07T21:15:53.103692+00:00
kaggle-vllm-m3-allreduce-raw-v1,kaggle-vllm-m3-two-rank-nccl-allreduce-v1,33554432,float16,2,3,58,8267.264366149902,8177.951812744141,8267.264366149902,20,100,2026-09-07T21:15:53.103692+00:00
kaggle-vllm-m3-allreduce-raw-v1,kaggle-vllm-m3-two-rank-nccl-allreduce-v1,33554432,float16,2,3,59,8382.335662841797,8413.12026977539,8413.12026977539,20,100,2026-09-07T21:15:53.103692+00:00
kaggle-vllm-m3-allreduce-raw-v1,kaggle-vllm-m3-two-rank-nccl-allreduce-v1,33554432,float16,2,3,60,8327.391624450684,8318.880081176758,8327.391624450684,20,100,2026-09-07T21:15:53.103692+00:00
kaggle-vllm-m3-allreduce-raw-v1,kaggle-vllm-m3-two-rank-nccl-allreduce-v1,33554432,float16,2,3,61,8358.719825744629,8378.496170043945,8378.496170043945,20,100,2026-09-07T21:15:53.103692+00:00
kaggle-vllm-m3-allreduce-raw-v1,kaggle-vllm-m3-two-rank-nccl-allreduce-v1,33554432,float16,2,3,62,8335.776329040527,8328.991889953613,8335.776329040527,20,100,2026-09-07T21:15:53.103692+00:00
kaggle-vllm-m3-allreduce-raw-v1,kaggle-vllm-m3-two-rank-nccl-allreduce-v1,33554432,float16,2,3,63,8311.264038085938,8241.76025390625,8311.264038085938,20,100,2026-09-07T21:15:53.103692+00:00
kaggle-vllm-m3-allreduce-raw-v1,kaggle-vllm-m3-two-rank-nccl-allreduce-v1,33554432,float16,2,3,64,8377.984046936035,8362.560272216797,8377.984046936035,20,100,2026-09-07T21:15:53.103692+00:00
kaggle-vllm-m3-allreduce-raw-v1,kaggle-vllm-m3-two-rank-nccl-allreduce-v1,33554432,float16,2,3,65,8355.29613494873,8366.84799194336,8366.84799194336,20,100,2026-09-07T21:15:53.103692+00:00
kaggle-vllm-m3-allreduce-raw-v1,kaggle-vllm-m3-two-rank-nccl-allreduce-v1,33554432,float16,2,3,66,8353.792190551758,8333.727836608887,8353.792190551758,20,100,2026-09-07T21:15:53.103692+00:00
kaggle-vllm-m3-allreduce-raw-v1,kaggle-vllm-m3-two-rank-nccl-allreduce-v1,33554432,float16,2,3,67,8268.511772155762,8265.567779541016,8268.511772155762,20,100,2026-09-07T21:15:53.103692+00:00
kaggle-vllm-m3-allreduce-raw-v1,kaggle-vllm-m3-two-rank-nccl-allreduce-v1,33554432,float16,2,3,68,8349.696159362793,8339.296340942383,8349.696159362793,20,100,2026-09-07T21:15:53.103692+00:00
kaggle-vllm-m3-allreduce-raw-v1,kaggle-vllm-m3-two-rank-nccl-allreduce-v1,33554432,float16,2,3,69,8308.735847473145,8294.464111328125,8308.735847473145,20,100,2026-09-07T21:15:53.103692+00:00
kaggle-vllm-m3-allreduce-raw-v1,kaggle-vllm-m3-two-rank-nccl-allreduce-v1,33554432,float16,2,3,70,8378.7202835083,8395.968437194824,8395.968437194824,20,100,2026-09-07T21:15:53.103692+00:00
kaggle-vllm-m3-allreduce-raw-v1,kaggle-vllm-m3-two-rank-nccl-allreduce-v1,33554432,float16,2,3,71,8332.832336425781,8321.279525756836,8332.832336425781,20,100,2026-09-07T21:15:53.103692+00:00
kaggle-vllm-m3-allreduce-raw-v1,kaggle-vllm-m3-two-rank-nccl-allreduce-v1,33554432,float16,2,3,72,8269.760131835938,8224.767684936523,8269.760131835938,20,100,2026-09-07T21:15:53.103692+00:00
kaggle-vllm-m3-allreduce-raw-v1,kaggle-vllm-m3-two-rank-nccl-allreduce-v1,33554432,float16,2,3,73,8381.119728088379,8377.856254577637,8381.119728088379,20,100,2026-09-07T21:15:53.103692+00:00
kaggle-vllm-m3-allreduce-raw-v1,kaggle-vllm-m3-two-rank-nccl-allreduce-v1,33554432,float16,2,3,74,8313.183784484863,8277.119636535645,8313.183784484863,20,100,2026-09-07T21:15:53.103692+00:00
kaggle-vllm-m3-allreduce-raw-v1,kaggle-vllm-m3-two-rank-nccl-allreduce-v1,33554432,float16,2,3,75,8371.904373168945,8371.711730957031,8371.904373168945,20,100,2026-09-07T21:15:53.103692+00:00
kaggle-vllm-m3-allreduce-raw-v1,kaggle-vllm-m3-two-rank-nccl-allreduce-v1,33554432,float16,2,3,76,8325.407981872559,8320.480346679688,8325.407981872559,20,100,2026-09-07T21:15:53.103692+00:00
kaggle-vllm-m3-allreduce-raw-v1,kaggle-vllm-m3-two-rank-nccl-allreduce-v1,33554432,float16,2,3,77,8363.295555114746,8365.599632263184,8365.599632263184,20,100,2026-09-07T21:15:53.103692+00:00
kaggle-vllm-m3-allreduce-raw-v1,kaggle-vllm-m3-two-rank-nccl-allreduce-v1,33554432,float16,2,3,78,8312.83187866211,8257.920265197754,8312.83187866211,20,100,2026-09-07T21:15:53.103692+00:00
kaggle-vllm-m3-allreduce-raw-v1,kaggle-vllm-m3-two-rank-nccl-allreduce-v1,33554432,float16,2,3,79,8327.168464660645,8314.88037109375,8327.168464660645,20,100,2026-09-07T21:15:53.103692+00:00
kaggle-vllm-m3-allreduce-raw-v1,kaggle-vllm-m3-two-rank-nccl-allreduce-v1,33554432,float16,2,3,80,8320.799827575684,8306.079864501953,8320.799827575684,20,100,2026-09-07T21:15:53.103692+00:00
kaggle-vllm-m3-allreduce-raw-v1,kaggle-vllm-m3-two-rank-nccl-allreduce-v1,33554432,float16,2,3,81,8286.49616241455,8239.007949829102,8286.49616241455,20,100,2026-09-07T21:15:53.103692+00:00
kaggle-vllm-m3-allreduce-raw-v1,kaggle-vllm-m3-two-rank-nccl-allreduce-v1,33554432,float16,2,3,82,8172.351837158203,8116.512298583984,8172.351837158203,20,100,2026-09-07T21:15:53.103692+00:00
kaggle-vllm-m3-allreduce-raw-v1,kaggle-vllm-m3-two-rank-nccl-allreduce-v1,33554432,float16,2,3,83,8390.080451965332,8373.311996459961,8390.080451965332,20,100,2026-09-07T21:15:53.103692+00:00
kaggle-vllm-m3-allreduce-raw-v1,kaggle-vllm-m3-two-rank-nccl-allreduce-v1,33554432,float16,2,3,84,8305.279731750488,8259.936332702637,8305.279731750488,20,100,2026-09-07T21:15:53.103692+00:00
kaggle-vllm-m3-allreduce-raw-v1,kaggle-vllm-m3-two-rank-nccl-allreduce-v1,33554432,float16,2,3,85,8224.767684936523,8183.42399597168,8224.767684936523,20,100,2026-09-07T21:15:53.103692+00:00
kaggle-vllm-m3-allreduce-raw-v1,kaggle-vllm-m3-two-rank-nccl-allreduce-v1,33554432,float16,2,3,86,8308.735847473145,8263.808250427246,8308.735847473145,20,100,2026-09-07T21:15:53.103692+00:00
kaggle-vllm-m3-allreduce-raw-v1,kaggle-vllm-m3-two-rank-nccl-allreduce-v1,33554432,float16,2,3,87,8181.759834289551,8260.000228881836,8260.000228881836,20,100,2026-09-07T21:15:53.103692+00:00
kaggle-vllm-m3-allreduce-raw-v1,kaggle-vllm-m3-two-rank-nccl-allreduce-v1,33554432,float16,2,3,88,8345.120429992676,8357.888221740723,8357.888221740723,20,100,2026-09-07T21:15:53.103692+00:00
kaggle-vllm-m3-allreduce-raw-v1,kaggle-vllm-m3-two-rank-nccl-allreduce-v1,33554432,float16,2,3,89,8350.048065185547,8332.799911499023,8350.048065185547,20,100,2026-09-07T21:15:53.103692+00:00
kaggle-vllm-m3-allreduce-raw-v1,kaggle-vllm-m3-two-rank-nccl-allreduce-v1,33554432,float16,2,3,90,8308.639526367188,8293.024063110352,8308.639526367188,20,100,2026-09-07T21:15:53.103692+00:00
kaggle-vllm-m3-allreduce-raw-v1,kaggle-vllm-m3-two-rank-nccl-allreduce-v1,33554432,float16,2,3,91,8360.159873962402,8345.56770324707,8360.159873962402,20,100,2026-09-07T21:15:53.103692+00:00
kaggle-vllm-m3-allreduce-raw-v1,kaggle-vllm-m3-two-rank-nccl-allreduce-v1,33554432,float16,2,3,92,8338.144302368164,8323.871612548828,8338.144302368164,20,100,2026-09-07T21:15:53.103692+00:00
kaggle-vllm-m3-allreduce-raw-v1,kaggle-vllm-m3-two-rank-nccl-allreduce-v1,33554432,float16,2,3,93,8284.159660339355,8372.415542602539,8372.415542602539,20,100,2026-09-07T21:15:53.103692+00:00
kaggle-vllm-m3-allreduce-raw-v1,kaggle-vllm-m3-two-rank-nccl-allreduce-v1,33554432,float16,2,3,94,8275.07209777832,8302.111625671387,8302.111625671387,20,100,2026-09-07T21:15:53.103692+00:00
kaggle-vllm-m3-allreduce-raw-v1,kaggle-vllm-m3-two-rank-nccl-allreduce-v1,33554432,float16,2,3,95,8409.407615661621,8378.560066223145,8409.407615661621,20,100,2026-09-07T21:15:53.103692+00:00
kaggle-vllm-m3-allreduce-raw-v1,kaggle-vllm-m3-two-rank-nccl-allreduce-v1,33554432,float16,2,3,96,8185.759544372559,8260.479927062988,8260.479927062988,20,100,2026-09-07T21:15:53.103692+00:00
kaggle-vllm-m3-allreduce-raw-v1,kaggle-vllm-m3-two-rank-nccl-allreduce-v1,33554432,float16,2,3,97,8428.576469421387,8433.664321899414,8433.664321899414,20,100,2026-09-07T21:15:53.103692+00:00
kaggle-vllm-m3-allreduce-raw-v1,kaggle-vllm-m3-two-rank-nccl-allreduce-v1,33554432,float16,2,3,98,8389.920234680176,8393.312454223633,8393.312454223633,20,100,2026-09-07T21:15:53.103692+00:00
kaggle-vllm-m3-allreduce-raw-v1,kaggle-vllm-m3-two-rank-nccl-allreduce-v1,33554432,float16,2,3,99,8398.91242980957,8404.99210357666,8404.99210357666,20,100,2026-09-07T21:15:53.103692+00:00
kaggle-vllm-m3-allreduce-raw-v1,kaggle-vllm-m3-two-rank-nccl-allreduce-v1,67108864,float16,2,3,0,16690.336227416992,16701.248168945312,16701.248168945312,20,100,2026-09-07T21:15:55.168155+00:00
kaggle-vllm-m3-allreduce-raw-v1,kaggle-vllm-m3-two-rank-nccl-allreduce-v1,67108864,float16,2,3,1,16670.303344726562,16678.335189819336,16678.335189819336,20,100,2026-09-07T21:15:55.168155+00:00
kaggle-vllm-m3-allreduce-raw-v1,kaggle-vllm-m3-two-rank-nccl-allreduce-v1,67108864,float16,2,3,2,16648.191452026367,16662.27149963379,16662.27149963379,20,100,2026-09-07T21:15:55.168155+00:00
kaggle-vllm-m3-allreduce-raw-v1,kaggle-vllm-m3-two-rank-nccl-allreduce-v1,67108864,float16,2,3,3,16629.7607421875,16610.271453857422,16629.7607421875,20,100,2026-09-07T21:15:55.168155+00:00
kaggle-vllm-m3-allreduce-raw-v1,kaggle-vllm-m3-two-rank-nccl-allreduce-v1,67108864,float16,2,3,4,16671.903610229492,16693.248748779297,16693.248748779297,20,100,2026-09-07T21:15:55.168155+00:00
kaggle-vllm-m3-allreduce-raw-v1,kaggle-vllm-m3-two-rank-nccl-allreduce-v1,67108864,float16,2,3,5,16516.03126525879,16476.160049438477,16516.03126525879,20,100,2026-09-07T21:15:55.168155+00:00
kaggle-vllm-m3-allreduce-raw-v1,kaggle-vllm-m3-two-rank-nccl-allreduce-v1,67108864,float16,2,3,6,16641.279220581055,16627.71224975586,16641.279220581055,20,100,2026-09-07T21:15:55.168155+00:00
kaggle-vllm-m3-allreduce-raw-v1,kaggle-vllm-m3-two-rank-nccl-allreduce-v1,67108864,float16,2,3,7,16295.936584472656,16375.808715820312,16375.808715820312,20,100,2026-09-07T21:15:55.168155+00:00
kaggle-vllm-m3-allreduce-raw-v1,kaggle-vllm-m3-two-rank-nccl-allreduce-v1,67108864,float16,2,3,8,16646.14486694336,16673.05564880371,16673.05564880371,20,100,2026-09-07T21:15:55.168155+00:00
kaggle-vllm-m3-allreduce-raw-v1,kaggle-vllm-m3-two-rank-nccl-allreduce-v1,67108864,float16,2,3,9,16335.68000793457,16439.29672241211,16439.29672241211,20,100,2026-09-07T21:15:55.168155+00:00
kaggle-vllm-m3-allreduce-raw-v1,kaggle-vllm-m3-two-rank-nccl-allreduce-v1,67108864,float16,2,3,10,16700.319290161133,16714.111328125,16714.111328125,20,100,2026-09-07T21:15:55.168155+00:00
kaggle-vllm-m3-allreduce-raw-v1,kaggle-vllm-m3-two-rank-nccl-allreduce-v1,67108864,float16,2,3,11,16643.775939941406,16648.448944091797,16648.448944091797,20,100,2026-09-07T21:15:55.168155+00:00
kaggle-vllm-m3-allreduce-raw-v1,kaggle-vllm-m3-two-rank-nccl-allreduce-v1,67108864,float16,2,3,12,16669.12078857422,16658.432006835938,16669.12078857422,20,100,2026-09-07T21:15:55.168155+00:00
kaggle-vllm-m3-allreduce-raw-v1,kaggle-vllm-m3-two-rank-nccl-allreduce-v1,67108864,float16,2,3,13,16662.464141845703,16689.151763916016,16689.151763916016,20,100,2026-09-07T21:15:55.168155+00:00
kaggle-vllm-m3-allreduce-raw-v1,kaggle-vllm-m3-two-rank-nccl-allreduce-v1,67108864,float16,2,3,14,16653.76091003418,16678.335189819336,16678.335189819336,20,100,2026-09-07T21:15:55.168155+00:00
kaggle-vllm-m3-allreduce-raw-v1,kaggle-vllm-m3-two-rank-nccl-allreduce-v1,67108864,float16,2,3,15,16637.95280456543,16662.527084350586,16662.527084350586,20,100,2026-09-07T21:15:55.168155+00:00
kaggle-vllm-m3-allreduce-raw-v1,kaggle-vllm-m3-two-rank-nccl-allreduce-v1,67108864,float16,2,3,16,16580.799102783203,16606.048583984375,16606.048583984375,20,100,2026-09-07T21:15:55.168155+00:00
kaggle-vllm-m3-allreduce-raw-v1,kaggle-vllm-m3-two-rank-nccl-allreduce-v1,67108864,float16,2,3,17,16650.239944458008,16667.423248291016,16667.423248291016,20,100,2026-09-07T21:15:55.168155+00:00
kaggle-vllm-m3-allreduce-raw-v1,kaggle-vllm-m3-two-rank-nccl-allreduce-v1,67108864,float16,2,3,18,16642.047882080078,16688.703536987305,16688.703536987305,20,100,2026-09-07T21:15:55.168155+00:00
kaggle-vllm-m3-allreduce-raw-v1,kaggle-vllm-m3-two-rank-nccl-allreduce-v1,67108864,float16,2,3,19,16637.632369995117,16644.09637451172,16644.09637451172,20,100,2026-09-07T21:15:55.168155+00:00
kaggle-vllm-m3-allreduce-raw-v1,kaggle-vllm-m3-two-rank-nccl-allreduce-v1,67108864,float16,2,3,20,16654.592514038086,16638.912200927734,16654.592514038086,20,100,2026-09-07T21:15:55.168155+00:00
kaggle-vllm-m3-allreduce-raw-v1,kaggle-vllm-m3-two-rank-nccl-allreduce-v1,67108864,float16,2,3,21,16615.42320251465,16613.37661743164,16615.42320251465,20,100,2026-09-07T21:15:55.168155+00:00
kaggle-vllm-m3-allreduce-raw-v1,kaggle-vllm-m3-two-rank-nccl-allreduce-v1,67108864,float16,2,3,22,16638.368606567383,16660.480499267578,16660.480499267578,20,100,2026-09-07T21:15:55.168155+00:00
kaggle-vllm-m3-allreduce-raw-v1,kaggle-vllm-m3-two-rank-nccl-allreduce-v1,67108864,float16,2,3,23,16660.480499267578,16700.000762939453,16700.000762939453,20,100,2026-09-07T21:15:55.168155+00:00
kaggle-vllm-m3-allreduce-raw-v1,kaggle-vllm-m3-two-rank-nccl-allreduce-v1,67108864,float16,2,3,24,16635.77651977539,16656.92710876465,16656.92710876465,20,100,2026-09-07T21:15:55.168155+00:00
kaggle-vllm-m3-allreduce-raw-v1,kaggle-vllm-m3-two-rank-nccl-allreduce-v1,67108864,float16,2,3,25,16551.93519592285,16486.81640625,16551.93519592285,20,100,2026-09-07T21:15:55.168155+00:00
kaggle-vllm-m3-allreduce-raw-v1,kaggle-vllm-m3-two-rank-nccl-allreduce-v1,67108864,float16,2,3,26,16731.96792602539,16727.74314880371,16731.96792602539,20,100,2026-09-07T21:15:55.168155+00:00
kaggle-vllm-m3-allreduce-raw-v1,kaggle-vllm-m3-two-rank-nccl-allreduce-v1,67108864,float16,2,3,27,16486.36817932129,16433.887481689453,16486.36817932129,20,100,2026-09-07T21:15:55.168155+00:00
kaggle-vllm-m3-allreduce-raw-v1,kaggle-vllm-m3-two-rank-nccl-allreduce-v1,67108864,float16,2,3,28,16476.032257080078,16400.096893310547,16476.032257080078,20,100,2026-09-07T21:15:55.168155+00:00
kaggle-vllm-m3-allreduce-raw-v1,kaggle-vllm-m3-two-rank-nccl-allreduce-v1,67108864,float16,2,3,29,16584.287643432617,16553.983688354492,16584.287643432617,20,100,2026-09-07T21:15:55.168155+00:00
kaggle-vllm-m3-allreduce-raw-v1,kaggle-vllm-m3-two-rank-nccl-allreduce-v1,67108864,float16,2,3,30,16635.616302490234,16612.415313720703,16635.616302490234,20,100,2026-09-07T21:15:55.168155+00:00
kaggle-vllm-m3-allreduce-raw-v1,kaggle-vllm-m3-two-rank-nccl-allreduce-v1,67108864,float16,2,3,31,16631.807327270508,16648.128509521484,16648.128509521484,20,100,2026-09-07T21:15:55.168155+00:00
kaggle-vllm-m3-allreduce-raw-v1,kaggle-vllm-m3-two-rank-nccl-allreduce-v1,67108864,float16,2,3,32,16633.85581970215,16667.39273071289,16667.39273071289,20,100,2026-09-07T21:15:55.168155+00:00
kaggle-vllm-m3-allreduce-raw-v1,kaggle-vllm-m3-two-rank-nccl-allreduce-v1,67108864,float16,2,3,33,16637.184143066406,16660.480499267578,16660.480499267578,20,100,2026-09-07T21:15:55.168155+00:00
kaggle-vllm-m3-allreduce-raw-v1,kaggle-vllm-m3-two-rank-nccl-allreduce-v1,67108864,float16,2,3,34,16639.999389648438,16646.14486694336,16646.14486694336,20,100,2026-09-07T21:15:55.168155+00:00
kaggle-vllm-m3-allreduce-raw-v1,kaggle-vllm-m3-two-rank-nccl-allreduce-v1,67108864,float16,2,3,35,16665.760040283203,16691.200256347656,16691.200256347656,20,100,2026-09-07T21:15:55.168155+00:00
kaggle-vllm-m3-allreduce-raw-v1,kaggle-vllm-m3-two-rank-nccl-allreduce-v1,67108864,float16,2,3,36,16608.25538635254,16648.000717163086,16648.000717163086,20,100,2026-09-07T21:15:55.168155+00:00
kaggle-vllm-m3-allreduce-raw-v1,kaggle-vllm-m3-two-rank-nccl-allreduce-v1,67108864,float16,2,3,37,16658.464431762695,16676.83219909668,16676.83219909668,20,100,2026-09-07T21:15:55.168155+00:00
kaggle-vllm-m3-allreduce-raw-v1,kaggle-vllm-m3-two-rank-nccl-allreduce-v1,67108864,float16,2,3,38,16601.919174194336,16637.632369995117,16637.632369995117,20,100,2026-09-07T21:15:55.168155+00:00
kaggle-vllm-m3-allreduce-raw-v1,kaggle-vllm-m3-two-rank-nccl-allreduce-v1,67108864,float16,2,3,39,16595.74317932129,16633.920669555664,16633.920669555664,20,100,2026-09-07T21:15:55.168155+00:00
kaggle-vllm-m3-allreduce-raw-v1,kaggle-vllm-m3-two-rank-nccl-allreduce-v1,67108864,float16,2,3,40,16678.592681884766,16666.336059570312,16678.592681884766,20,100,2026-09-07T21:15:55.168155+00:00
kaggle-vllm-m3-allreduce-raw-v1,kaggle-vllm-m3-two-rank-nccl-allreduce-v1,67108864,float16,2,3,41,16535.776138305664,16595.680236816406,16595.680236816406,20,100,2026-09-07T21:15:55.168155+00:00
kaggle-vllm-m3-allreduce-raw-v1,kaggle-vllm-m3-two-rank-nccl-allreduce-v1,67108864,float16,2,3,42,16680.063247680664,16699.264526367188,16699.264526367188,20,100,2026-09-07T21:15:55.168155+00:00
kaggle-vllm-m3-allreduce-raw-v1,kaggle-vllm-m3-two-rank-nccl-allreduce-v1,67108864,float16,2,3,43,16574.464797973633,16513.023376464844,16574.464797973633,20,100,2026-09-07T21:15:55.168155+00:00
kaggle-vllm-m3-allreduce-raw-v1,kaggle-vllm-m3-two-rank-nccl-allreduce-v1,67108864,float16,2,3,44,16469.53582763672,16365.568161010742,16469.53582763672,20,100,2026-09-07T21:15:55.168155+00:00
kaggle-vllm-m3-allreduce-raw-v1,kaggle-vllm-m3-two-rank-nccl-allreduce-v1,67108864,float16,2,3,45,16562.65640258789,16523.263931274414,16562.65640258789,20,100,2026-09-07T21:15:55.168155+00:00
kaggle-vllm-m3-allreduce-raw-v1,kaggle-vllm-m3-two-rank-nccl-allreduce-v1,67108864,float16,2,3,46,16519.168853759766,16582.46421813965,16582.46421813965,20,100,2026-09-07T21:15:55.168155+00:00
kaggle-vllm-m3-allreduce-raw-v1,kaggle-vllm-m3-two-rank-nccl-allreduce-v1,67108864,float16,2,3,47,16647.903442382812,16670.944213867188,16670.944213867188,20,100,2026-09-07T21:15:55.168155+00:00
kaggle-vllm-m3-allreduce-raw-v1,kaggle-vllm-m3-two-rank-nccl-allreduce-v1,67108864,float16,2,3,48,16631.807327270508,16659.456253051758,16659.456253051758,20,100,2026-09-07T21:15:55.168155+00:00
kaggle-vllm-m3-allreduce-raw-v1,kaggle-vllm-m3-two-rank-nccl-allreduce-v1,67108864,float16,2,3,49,16646.78382873535,16646.14486694336,16646.78382873535,20,100,2026-09-07T21:15:55.168155+00:00
kaggle-vllm-m3-allreduce-raw-v1,kaggle-vllm-m3-two-rank-nccl-allreduce-v1,67108864,float16,2,3,50,16610.559463500977,16658.17642211914,16658.17642211914,20,100,2026-09-07T21:15:55.168155+00:00
kaggle-vllm-m3-allreduce-raw-v1,kaggle-vllm-m3-two-rank-nccl-allreduce-v1,67108864,float16,2,3,51,16666.624069213867,16682.815551757812,16682.815551757812,20,100,2026-09-07T21:15:55.168155+00:00
kaggle-vllm-m3-allreduce-raw-v1,kaggle-vllm-m3-two-rank-nccl-allreduce-v1,67108864,float16,2,3,52,16609.600067138672,16653.024673461914,16653.024673461914,20,100,2026-09-07T21:15:55.168155+00:00
kaggle-vllm-m3-allreduce-raw-v1,kaggle-vllm-m3-two-rank-nccl-allreduce-v1,67108864,float16,2,3,53,16609.376907348633,16649.887084960938,16649.887084960938,20,100,2026-09-07T21:15:55.168155+00:00
kaggle-vllm-m3-allreduce-raw-v1,kaggle-vllm-m3-two-rank-nccl-allreduce-v1,67108864,float16,2,3,54,16680.35125732422,16677.37579345703,16680.35125732422,20,100,2026-09-07T21:15:55.168155+00:00
kaggle-vllm-m3-allreduce-raw-v1,kaggle-vllm-m3-two-rank-nccl-allreduce-v1,67108864,float16,2,3,55,16612.159729003906,16649.343490600586,16649.343490600586,20,100,2026-09-07T21:15:55.168155+00:00
kaggle-vllm-m3-allreduce-raw-v1,kaggle-vllm-m3-two-rank-nccl-allreduce-v1,67108864,float16,2,3,56,16570.36781311035,16599.03907775879,16599.03907775879,20,100,2026-09-07T21:15:55.168155+00:00
kaggle-vllm-m3-allreduce-raw-v1,kaggle-vllm-m3-two-rank-nccl-allreduce-v1,67108864,float16,2,3,57,16599.16877746582,16639.968872070312,16639.968872070312,20,100,2026-09-07T21:15:55.168155+00:00
kaggle-vllm-m3-allreduce-raw-v1,kaggle-vllm-m3-two-rank-nccl-allreduce-v1,67108864,float16,2,3,58,16672.895431518555,16686.464309692383,16686.464309692383,20,100,2026-09-07T21:15:55.168155+00:00
kaggle-vllm-m3-allreduce-raw-v1,kaggle-vllm-m3-two-rank-nccl-allreduce-v1,67108864,float16,2,3,59,16660.67123413086,16689.760208129883,16689.760208129883,20,100,2026-09-07T21:15:55.168155+00:00
kaggle-vllm-m3-allreduce-raw-v1,kaggle-vllm-m3-two-rank-nccl-allreduce-v1,67108864,float16,2,3,60,16698.944091796875,16723.968505859375,16723.968505859375,20,100,2026-09-07T21:15:55.168155+00:00
kaggle-vllm-m3-allreduce-raw-v1,kaggle-vllm-m3-two-rank-nccl-allreduce-v1,67108864,float16,2,3,61,16464.9600982666,16394.0486907959,16464.9600982666,20,100,2026-09-07T21:15:55.168155+00:00
kaggle-vllm-m3-allreduce-raw-v1,kaggle-vllm-m3-two-rank-nccl-allreduce-v1,67108864,float16,2,3,62,16684.67140197754,16688.447952270508,16688.447952270508,20,100,2026-09-07T21:15:55.168155+00:00
kaggle-vllm-m3-allreduce-raw-v1,kaggle-vllm-m3-two-rank-nccl-allreduce-v1,67108864,float16,2,3,63,16538.623809814453,16513.439178466797,16538.623809814453,20,100,2026-09-07T21:15:55.168155+00:00
kaggle-vllm-m3-allreduce-raw-v1,kaggle-vllm-m3-two-rank-nccl-allreduce-v1,67108864,float16,2,3,64,16596.99249267578,16633.472442626953,16633.472442626953,20,100,2026-09-07T21:15:55.168155+00:00
kaggle-vllm-m3-allreduce-raw-v1,kaggle-vllm-m3-two-rank-nccl-allreduce-v1,67108864,float16,2,3,65,16616.479873657227,16615.360260009766,16616.479873657227,20,100,2026-09-07T21:15:55.168155+00:00
kaggle-vllm-m3-allreduce-raw-v1,kaggle-vllm-m3-two-rank-nccl-allreduce-v1,67108864,float16,2,3,66,16633.85581970215,16657.888412475586,16657.888412475586,20,100,2026-09-07T21:15:55.168155+00:00
kaggle-vllm-m3-allreduce-raw-v1,kaggle-vllm-m3-two-rank-nccl-allreduce-v1,67108864,float16,2,3,67,16639.999389648438,16652.7042388916,16652.7042388916,20,100,2026-09-07T21:15:55.168155+00:00
kaggle-vllm-m3-allreduce-raw-v1,kaggle-vllm-m3-two-rank-nccl-allreduce-v1,67108864,float16,2,3,68,16514.11247253418,16576.51138305664,16576.51138305664,20,100,2026-09-07T21:15:55.168155+00:00
kaggle-vllm-m3-allreduce-raw-v1,kaggle-vllm-m3-two-rank-nccl-allreduce-v1,67108864,float16,2,3,69,16602.01644897461,16640.09666442871,16640.09666442871,20,100,2026-09-07T21:15:55.168155+00:00
kaggle-vllm-m3-allreduce-raw-v1,kaggle-vllm-m3-two-rank-nccl-allreduce-v1,67108864,float16,2,3,70,16680.288314819336,16692.64030456543,16692.64030456543,20,100,2026-09-07T21:15:55.168155+00:00
kaggle-vllm-m3-allreduce-raw-v1,kaggle-vllm-m3-two-rank-nccl-allreduce-v1,67108864,float16,2,3,71,16652.191162109375,16672.767639160156,16672.767639160156,20,100,2026-09-07T21:15:55.168155+00:00
kaggle-vllm-m3-allreduce-raw-v1,kaggle-vllm-m3-two-rank-nccl-allreduce-v1,67108864,float16,2,3,72,16648.096084594727,16653.696060180664,16653.696060180664,20,100,2026-09-07T21:15:55.168155+00:00
kaggle-vllm-m3-allreduce-raw-v1,kaggle-vllm-m3-two-rank-nccl-allreduce-v1,67108864,float16,2,3,73,16602.752685546875,16621.408462524414,16621.408462524414,20,100,2026-09-07T21:15:55.168155+00:00
kaggle-vllm-m3-allreduce-raw-v1,kaggle-vllm-m3-two-rank-nccl-allreduce-v1,67108864,float16,2,3,74,16616.031646728516,16642.208099365234,16642.208099365234,20,100,2026-09-07T21:15:55.168155+00:00
kaggle-vllm-m3-allreduce-raw-v1,kaggle-vllm-m3-two-rank-nccl-allreduce-v1,67108864,float16,2,3,75,16590.848922729492,16620.384216308594,16620.384216308594,20,100,2026-09-07T21:15:55.168155+00:00
kaggle-vllm-m3-allreduce-raw-v1,kaggle-vllm-m3-two-rank-nccl-allreduce-v1,67108864,float16,2,3,76,16665.407180786133,16696.640014648438,16696.640014648438,20,100,2026-09-07T21:15:55.168155+00:00
kaggle-vllm-m3-allreduce-raw-v1,kaggle-vllm-m3-two-rank-nccl-allreduce-v1,67108864,float16,2,3,77,16657.983779907227,16666.175842285156,16666.175842285156,20,100,2026-09-07T21:15:55.168155+00:00
kaggle-vllm-m3-allreduce-raw-v1,kaggle-vllm-m3-two-rank-nccl-allreduce-v1,67108864,float16,2,3,78,16574.623107910156,16614.17579650879,16614.17579650879,20,100,2026-09-07T21:15:55.168155+00:00
kaggle-vllm-m3-allreduce-raw-v1,kaggle-vllm-m3-two-rank-nccl-allreduce-v1,67108864,float16,2,3,79,16402.944564819336,16350.303649902344,16402.944564819336,20,100,2026-09-07T21:15:55.168155+00:00
kaggle-vllm-m3-allreduce-raw-v1,kaggle-vllm-m3-two-rank-nccl-allreduce-v1,67108864,float16,2,3,80,16592.8955078125,16532.800674438477,16592.8955078125,20,100,2026-09-07T21:15:55.168155+00:00
kaggle-vllm-m3-allreduce-raw-v1,kaggle-vllm-m3-two-rank-nccl-allreduce-v1,67108864,float16,2,3,81,16552.54364013672,16527.616500854492,16552.54364013672,20,100,2026-09-07T21:15:55.168155+00:00
kaggle-vllm-m3-allreduce-raw-v1,kaggle-vllm-m3-two-rank-nccl-allreduce-v1,67108864,float16,2,3,82,16656.831741333008,16669.21615600586,16669.21615600586,20,100,2026-09-07T21:15:55.168155+00:00
kaggle-vllm-m3-allreduce-raw-v1,kaggle-vllm-m3-two-rank-nccl-allreduce-v1,67108864,float16,2,3,83,16636.127471923828,16641.759872436523,16641.759872436523,20,100,2026-09-07T21:15:55.168155+00:00
kaggle-vllm-m3-allreduce-raw-v1,kaggle-vllm-m3-two-rank-nccl-allreduce-v1,67108864,float16,2,3,84,16679.391860961914,16695.295333862305,16695.295333862305,20,100,2026-09-07T21:15:55.168155+00:00
kaggle-vllm-m3-allreduce-raw-v1,kaggle-vllm-m3-two-rank-nccl-allreduce-v1,67108864,float16,2,3,85,16547.775268554688,16575.359344482422,16575.359344482422,20,100,2026-09-07T21:15:55.168155+00:00
kaggle-vllm-m3-allreduce-raw-v1,kaggle-vllm-m3-two-rank-nccl-allreduce-v1,67108864,float16,2,3,86,16665.47203063965,16691.200256347656,16691.200256347656,20,100,2026-09-07T21:15:55.168155+00:00
kaggle-vllm-m3-allreduce-raw-v1,kaggle-vllm-m3-two-rank-nccl-allreduce-v1,67108864,float16,2,3,87,16694.24057006836,16717.76008605957,16717.76008605957,20,100,2026-09-07T21:15:55.168155+00:00
kaggle-vllm-m3-allreduce-raw-v1,kaggle-vllm-m3-two-rank-nccl-allreduce-v1,67108864,float16,2,3,88,16687.07275390625,16707.136154174805,16707.136154174805,20,100,2026-09-07T21:15:55.168155+00:00
kaggle-vllm-m3-allreduce-raw-v1,kaggle-vllm-m3-two-rank-nccl-allreduce-v1,67108864,float16,2,3,89,16676.671981811523,16694.623947143555,16694.623947143555,20,100,2026-09-07T21:15:55.168155+00:00
kaggle-vllm-m3-allreduce-raw-v1,kaggle-vllm-m3-two-rank-nccl-allreduce-v1,67108864,float16,2,3,90,16629.7607421875,16662.527084350586,16662.527084350586,20,100,2026-09-07T21:15:55.168155+00:00
kaggle-vllm-m3-allreduce-raw-v1,kaggle-vllm-m3-two-rank-nccl-allreduce-v1,67108864,float16,2,3,91,16641.023635864258,16660.512924194336,16660.512924194336,20,100,2026-09-07T21:15:55.168155+00:00
kaggle-vllm-m3-allreduce-raw-v1,kaggle-vllm-m3-two-rank-nccl-allreduce-v1,67108864,float16,2,3,92,16574.94354248047,16615.42320251465,16615.42320251465,20,100,2026-09-07T21:15:55.168155+00:00
kaggle-vllm-m3-allreduce-raw-v1,kaggle-vllm-m3-two-rank-nccl-allreduce-v1,67108864,float16,2,3,93,16641.632080078125,16660.863876342773,16660.863876342773,20,100,2026-09-07T21:15:55.168155+00:00
kaggle-vllm-m3-allreduce-raw-v1,kaggle-vllm-m3-two-rank-nccl-allreduce-v1,67108864,float16,2,3,94,16666.46385192871,16693.151473999023,16693.151473999023,20,100,2026-09-07T21:15:55.168155+00:00
kaggle-vllm-m3-allreduce-raw-v1,kaggle-vllm-m3-two-rank-nccl-allreduce-v1,67108864,float16,2,3,95,16655.712127685547,16672.544479370117,16672.544479370117,20,100,2026-09-07T21:15:55.168155+00:00
kaggle-vllm-m3-allreduce-raw-v1,kaggle-vllm-m3-two-rank-nccl-allreduce-v1,67108864,float16,2,3,96,16629.119873046875,16649.98435974121,16649.98435974121,20,100,2026-09-07T21:15:55.168155+00:00
kaggle-vllm-m3-allreduce-raw-v1,kaggle-vllm-m3-two-rank-nccl-allreduce-v1,67108864,float16,2,3,97,16511.327743530273,16442.0166015625,16511.327743530273,20,100,2026-09-07T21:15:55.168155+00:00
kaggle-vllm-m3-allreduce-raw-v1,kaggle-vllm-m3-two-rank-nccl-allreduce-v1,67108864,float16,2,3,98,16504.480361938477,16445.4402923584,16504.480361938477,20,100,2026-09-07T21:15:55.168155+00:00
kaggle-vllm-m3-allreduce-raw-v1,kaggle-vllm-m3-two-rank-nccl-allreduce-v1,67108864,float16,2,3,99,16469.31266784668,16373.760223388672,16469.31266784668,20,100,2026-09-07T21:15:55.168155+00:00
kaggle-vllm-m3-allreduce-raw-v1,kaggle-vllm-m3-two-rank-nccl-allreduce-v1,1024,float16,2,4,0,167.90400445461273,167.9680049419403,167.9680049419403,20,100,2026-09-07T21:16:01.844537+00:00
kaggle-vllm-m3-allreduce-raw-v1,kaggle-vllm-m3-two-rank-nccl-allreduce-v1,1024,float16,2,4,1,155.96799552440643,166.52800142765045,166.52800142765045,20,100,2026-09-07T21:16:01.844537+00:00
kaggle-vllm-m3-allreduce-raw-v1,kaggle-vllm-m3-two-rank-nccl-allreduce-v1,1024,float16,2,4,2,150.9760022163391,151.10400319099426,151.10400319099426,20,100,2026-09-07T21:16:01.844537+00:00
kaggle-vllm-m3-allreduce-raw-v1,kaggle-vllm-m3-two-rank-nccl-allreduce-v1,1024,float16,2,4,3,143.327996134758,153.1520038843155,153.1520038843155,20,100,2026-09-07T21:16:01.844537+00:00
kaggle-vllm-m3-allreduce-raw-v1,kaggle-vllm-m3-two-rank-nccl-allreduce-v1,1024,float16,2,4,4,147.42399752140045,147.16799557209015,147.42399752140045,20,100,2026-09-07T21:16:01.844537+00:00
kaggle-vllm-m3-allreduce-raw-v1,kaggle-vllm-m3-two-rank-nccl-allreduce-v1,1024,float16,2,4,5,142.30400323867798,152.5759994983673,152.5759994983673,20,100,2026-09-07T21:16:01.844537+00:00
kaggle-vllm-m3-allreduce-raw-v1,kaggle-vllm-m3-two-rank-nccl-allreduce-v1,1024,float16,2,4,6,153.28000485897064,157.4079990386963,157.4079990386963,20,100,2026-09-07T21:16:01.844537+00:00
kaggle-vllm-m3-allreduce-raw-v1,kaggle-vllm-m3-two-rank-nccl-allreduce-v1,1024,float16,2,4,7,156.54399991035461,148.3519971370697,156.54399991035461,20,100,2026-09-07T21:16:01.844537+00:00
kaggle-vllm-m3-allreduce-raw-v1,kaggle-vllm-m3-two-rank-nccl-allreduce-v1,1024,float16,2,4,8,170.1119989156723,167.61599481105804,170.1119989156723,20,100,2026-09-07T21:16:01.844537+00:00
kaggle-vllm-m3-allreduce-raw-v1,kaggle-vllm-m3-two-rank-nccl-allreduce-v1,1024,float16,2,4,9,144.28800344467163,145.4080045223236,145.4080045223236,20,100,2026-09-07T21:16:01.844537+00:00
kaggle-vllm-m3-allreduce-raw-v1,kaggle-vllm-m3-two-rank-nccl-allreduce-v1,1024,float16,2,4,10,362.527996301651,137.7599984407425,362.527996301651,20,100,2026-09-07T21:16:01.844537+00:00
kaggle-vllm-m3-allreduce-raw-v1,kaggle-vllm-m3-two-rank-nccl-allreduce-v1,1024,float16,2,4,11,157.6640009880066,154.52800691127777,157.6640009880066,20,100,2026-09-07T21:16:01.844537+00:00
kaggle-vllm-m3-allreduce-raw-v1,kaggle-vllm-m3-two-rank-nccl-allreduce-v1,1024,float16,2,4,12,172.992005944252,172.992005944252,172.992005944252,20,100,2026-09-07T21:16:01.844537+00:00
kaggle-vllm-m3-allreduce-raw-v1,kaggle-vllm-m3-two-rank-nccl-allreduce-v1,1024,float16,2,4,13,171.55200242996216,167.1999990940094,171.55200242996216,20,100,2026-09-07T21:16:01.844537+00:00
kaggle-vllm-m3-allreduce-raw-v1,kaggle-vllm-m3-two-rank-nccl-allreduce-v1,1024,float16,2,4,14,198.30399751663208,198.68800044059753,198.68800044059753,20,100,2026-09-07T21:16:01.844537+00:00
kaggle-vllm-m3-allreduce-raw-v1,kaggle-vllm-m3-two-rank-nccl-allreduce-v1,1024,float16,2,4,15,153.56799960136414,149.4079977273941,153.56799960136414,20,100,2026-09-07T21:16:01.844537+00:00
kaggle-vllm-m3-allreduce-raw-v1,kaggle-vllm-m3-two-rank-nccl-allreduce-v1,1024,float16,2,4,16,163.83999586105347,163.80800306797028,163.83999586105347,20,100,2026-09-07T21:16:01.844537+00:00
kaggle-vllm-m3-allreduce-raw-v1,kaggle-vllm-m3-two-rank-nccl-allreduce-v1,1024,float16,2,4,17,138.62399756908417,138.62399756908417,138.62399756908417,20,100,2026-09-07T21:16:01.844537+00:00
kaggle-vllm-m3-allreduce-raw-v1,kaggle-vllm-m3-two-rank-nccl-allreduce-v1,1024,float16,2,4,18,143.39199662208557,134.94400680065155,143.39199662208557,20,100,2026-09-07T21:16:01.844537+00:00
kaggle-vllm-m3-allreduce-raw-v1,kaggle-vllm-m3-two-rank-nccl-allreduce-v1,1024,float16,2,4,19,144.86399292945862,145.02400159835815,145.02400159835815,20,100,2026-09-07T21:16:01.844537+00:00
kaggle-vllm-m3-allreduce-raw-v1,kaggle-vllm-m3-two-rank-nccl-allreduce-v1,1024,float16,2,4,20,141.31200313568115,153.60000729560852,153.60000729560852,20,100,2026-09-07T21:16:01.844537+00:00
kaggle-vllm-m3-allreduce-raw-v1,kaggle-vllm-m3-two-rank-nccl-allreduce-v1,1024,float16,2,4,21,140.99200069904327,140.9599930047989,140.99200069904327,20,100,2026-09-07T21:16:01.844537+00:00
kaggle-vllm-m3-allreduce-raw-v1,kaggle-vllm-m3-two-rank-nccl-allreduce-v1,1024,float16,2,4,22,135.16800105571747,145.37599682807922,145.37599682807922,20,100,2026-09-07T21:16:01.844537+00:00
kaggle-vllm-m3-allreduce-raw-v1,kaggle-vllm-m3-two-rank-nccl-allreduce-v1,1024,float16,2,4,23,181.95199966430664,181.98400735855103,181.98400735855103,20,100,2026-09-07T21:16:01.844537+00:00
kaggle-vllm-m3-allreduce-raw-v1,kaggle-vllm-m3-two-rank-nccl-allreduce-v1,1024,float16,2,4,24,197.60000705718994,196.60800695419312,197.60000705718994,20,100,2026-09-07T21:16:01.844537+00:00
kaggle-vllm-m3-allreduce-raw-v1,kaggle-vllm-m3-two-rank-nccl-allreduce-v1,1024,float16,2,4,25,176.09600722789764,176.12800002098083,176.12800002098083,20,100,2026-09-07T21:16:01.844537+00:00
kaggle-vllm-m3-allreduce-raw-v1,kaggle-vllm-m3-two-rank-nccl-allreduce-v1,1024,float16,2,4,26,158.2079976797104,154.01600301265717,158.2079976797104,20,100,2026-09-07T21:16:01.844537+00:00
kaggle-vllm-m3-allreduce-raw-v1,kaggle-vllm-m3-two-rank-nccl-allreduce-v1,1024,float16,2,4,27,172.0000058412552,172.2240000963211,172.2240000963211,20,100,2026-09-07T21:16:01.844537+00:00
kaggle-vllm-m3-allreduce-raw-v1,kaggle-vllm-m3-two-rank-nccl-allreduce-v1,1024,float16,2,4,28,141.4400041103363,141.31200313568115,141.4400041103363,20,100,2026-09-07T21:16:01.844537+00:00
kaggle-vllm-m3-allreduce-raw-v1,kaggle-vllm-m3-two-rank-nccl-allreduce-v1,1024,float16,2,4,29,144.03200149536133,135.16800105571747,144.03200149536133,20,100,2026-09-07T21:16:01.844537+00:00
kaggle-vllm-m3-allreduce-raw-v1,kaggle-vllm-m3-two-rank-nccl-allreduce-v1,1024,float16,2,4,30,140.6400054693222,140.99200069904327,140.99200069904327,20,100,2026-09-07T21:16:01.844537+00:00
kaggle-vllm-m3-allreduce-raw-v1,kaggle-vllm-m3-two-rank-nccl-allreduce-v1,1024,float16,2,4,31,157.50400722026825,157.27999806404114,157.50400722026825,20,100,2026-09-07T21:16:01.844537+00:00
kaggle-vllm-m3-allreduce-raw-v1,kaggle-vllm-m3-two-rank-nccl-allreduce-v1,1024,float16,2,4,32,139.93600010871887,139.90400731563568,139.93600010871887,20,100,2026-09-07T21:16:01.844537+00:00
kaggle-vllm-m3-allreduce-raw-v1,kaggle-vllm-m3-two-rank-nccl-allreduce-v1,1024,float16,2,4,33,139.8400068283081,145.6640064716339,145.6640064716339,20,100,2026-09-07T21:16:01.844537+00:00
kaggle-vllm-m3-allreduce-raw-v1,kaggle-vllm-m3-two-rank-nccl-allreduce-v1,1024,float16,2,4,34,146.65600657463074,143.42400431632996,146.65600657463074,20,100,2026-09-07T21:16:01.844537+00:00
kaggle-vllm-m3-allreduce-raw-v1,kaggle-vllm-m3-two-rank-nccl-allreduce-v1,1024,float16,2,4,35,179.4240027666092,179.58399653434753,179.58399653434753,20,100,2026-09-07T21:16:01.844537+00:00
kaggle-vllm-m3-allreduce-raw-v1,kaggle-vllm-m3-two-rank-nccl-allreduce-v1,1024,float16,2,4,36,165.27999937534332,163.80800306797028,165.27999937534332,20,100,2026-09-07T21:16:01.844537+00:00
kaggle-vllm-m3-allreduce-raw-v1,kaggle-vllm-m3-two-rank-nccl-allreduce-v1,1024,float16,2,4,37,148.67199957370758,160.7999950647354,160.7999950647354,20,100,2026-09-07T21:16:01.844537+00:00
kaggle-vllm-m3-allreduce-raw-v1,kaggle-vllm-m3-two-rank-nccl-allreduce-v1,1024,float16,2,4,38,145.91999351978302,145.82400023937225,145.91999351978302,20,100,2026-09-07T21:16:01.844537+00:00
kaggle-vllm-m3-allreduce-raw-v1,kaggle-vllm-m3-two-rank-nccl-allreduce-v1,1024,float16,2,4,39,624.8000264167786,161.3759994506836,624.8000264167786,20,100,2026-09-07T21:16:01.844537+00:00
kaggle-vllm-m3-allreduce-raw-v1,kaggle-vllm-m3-two-rank-nccl-allreduce-v1,1024,float16,2,4,40,159.39199924468994,135.55200397968292,159.39199924468994,20,100,2026-09-07T21:16:01.844537+00:00
kaggle-vllm-m3-allreduce-raw-v1,kaggle-vllm-m3-two-rank-nccl-allreduce-v1,1024,float16,2,4,41,145.4080045223236,137.1839940547943,145.4080045223236,20,100,2026-09-07T21:16:01.844537+00:00
kaggle-vllm-m3-allreduce-raw-v1,kaggle-vllm-m3-two-rank-nccl-allreduce-v1,1024,float16,2,4,42,140.9599930047989,141.05600118637085,141.05600118637085,20,100,2026-09-07T21:16:01.844537+00:00
kaggle-vllm-m3-allreduce-raw-v1,kaggle-vllm-m3-two-rank-nccl-allreduce-v1,1024,float16,2,4,43,143.36000382900238,149.47199821472168,149.47199821472168,20,100,2026-09-07T21:16:01.844537+00:00
kaggle-vllm-m3-allreduce-raw-v1,kaggle-vllm-m3-two-rank-nccl-allreduce-v1,1024,float16,2,4,44,140.76800644397736,140.79999923706055,140.79999923706055,20,100,2026-09-07T21:16:01.844537+00:00
kaggle-vllm-m3-allreduce-raw-v1,kaggle-vllm-m3-two-rank-nccl-allreduce-v1,1024,float16,2,4,45,134.91199910640717,143.10400187969208,143.10400187969208,20,100,2026-09-07T21:16:01.844537+00:00
kaggle-vllm-m3-allreduce-raw-v1,kaggle-vllm-m3-two-rank-nccl-allreduce-v1,1024,float16,2,4,46,147.48799800872803,144.6399986743927,147.48799800872803,20,100,2026-09-07T21:16:01.844537+00:00
kaggle-vllm-m3-allreduce-raw-v1,kaggle-vllm-m3-two-rank-nccl-allreduce-v1,1024,float16,2,4,47,149.31200444698334,143.36000382900238,149.31200444698334,20,100,2026-09-07T21:16:01.844537+00:00
kaggle-vllm-m3-allreduce-raw-v1,kaggle-vllm-m3-two-rank-nccl-allreduce-v1,1024,float16,2,4,48,161.82400286197662,161.82400286197662,161.82400286197662,20,100,2026-09-07T21:16:01.844537+00:00
kaggle-vllm-m3-allreduce-raw-v1,kaggle-vllm-m3-two-rank-nccl-allreduce-v1,1024,float16,2,4,49,139.96799290180206,148.0640023946762,148.0640023946762,20,100,2026-09-07T21:16:01.844537+00:00
kaggle-vllm-m3-allreduce-raw-v1,kaggle-vllm-m3-two-rank-nccl-allreduce-v1,1024,float16,2,4,50,153.21600437164307,153.56799960136414,153.56799960136414,20,100,2026-09-07T21:16:01.844537+00:00
kaggle-vllm-m3-allreduce-raw-v1,kaggle-vllm-m3-two-rank-nccl-allreduce-v1,1024,float16,2,4,51,149.50400590896606,143.39199662208557,149.50400590896606,20,100,2026-09-07T21:16:01.844537+00:00
kaggle-vllm-m3-allreduce-raw-v1,kaggle-vllm-m3-two-rank-nccl-allreduce-v1,1024,float16,2,4,52,143.327996134758,147.16799557209015,147.16799557209015,20,100,2026-09-07T21:16:01.844537+00:00
kaggle-vllm-m3-allreduce-raw-v1,kaggle-vllm-m3-two-rank-nccl-allreduce-v1,1024,float16,2,4,53,139.23199474811554,139.26400244235992,139.26400244235992,20,100,2026-09-07T21:16:01.844537+00:00
kaggle-vllm-m3-allreduce-raw-v1,kaggle-vllm-m3-two-rank-nccl-allreduce-v1,1024,float16,2,4,54,141.34399592876434,141.79199934005737,141.79199934005737,20,100,2026-09-07T21:16:01.844537+00:00
kaggle-vllm-m3-allreduce-raw-v1,kaggle-vllm-m3-two-rank-nccl-allreduce-v1,1024,float16,2,4,55,148.8959938287735,148.03199470043182,148.8959938287735,20,100,2026-09-07T21:16:01.844537+00:00
kaggle-vllm-m3-allreduce-raw-v1,kaggle-vllm-m3-two-rank-nccl-allreduce-v1,1024,float16,2,4,56,165.12000560760498,165.6319946050644,165.6319946050644,20,100,2026-09-07T21:16:01.844537+00:00
kaggle-vllm-m3-allreduce-raw-v1,kaggle-vllm-m3-two-rank-nccl-allreduce-v1,1024,float16,2,4,57,168.70400309562683,166.01599752902985,168.70400309562683,20,100,2026-09-07T21:16:01.844537+00:00
kaggle-vllm-m3-allreduce-raw-v1,kaggle-vllm-m3-two-rank-nccl-allreduce-v1,1024,float16,2,4,58,135.903999209404,145.37599682807922,145.37599682807922,20,100,2026-09-07T21:16:01.844537+00:00
kaggle-vllm-m3-allreduce-raw-v1,kaggle-vllm-m3-two-rank-nccl-allreduce-v1,1024,float16,2,4,59,170.17599940299988,170.01600563526154,170.17599940299988,20,100,2026-09-07T21:16:01.844537+00:00
kaggle-vllm-m3-allreduce-raw-v1,kaggle-vllm-m3-two-rank-nccl-allreduce-v1,1024,float16,2,4,60,149.05600249767303,141.15199446678162,149.05600249767303,20,100,2026-09-07T21:16:01.844537+00:00
kaggle-vllm-m3-allreduce-raw-v1,kaggle-vllm-m3-two-rank-nccl-allreduce-v1,1024,float16,2,4,61,143.36000382900238,135.5839967727661,143.36000382900238,20,100,2026-09-07T21:16:01.844537+00:00
kaggle-vllm-m3-allreduce-raw-v1,kaggle-vllm-m3-two-rank-nccl-allreduce-v1,1024,float16,2,4,62,141.27999544143677,141.31200313568115,141.31200313568115,20,100,2026-09-07T21:16:01.844537+00:00
kaggle-vllm-m3-allreduce-raw-v1,kaggle-vllm-m3-two-rank-nccl-allreduce-v1,1024,float16,2,4,63,153.47200632095337,167.35999286174774,167.35999286174774,20,100,2026-09-07T21:16:01.844537+00:00
kaggle-vllm-m3-allreduce-raw-v1,kaggle-vllm-m3-two-rank-nccl-allreduce-v1,1024,float16,2,4,64,139.74399864673615,139.8400068283081,139.8400068283081,20,100,2026-09-07T21:16:01.844537+00:00
kaggle-vllm-m3-allreduce-raw-v1,kaggle-vllm-m3-two-rank-nccl-allreduce-v1,1024,float16,2,4,65,139.29599523544312,139.23199474811554,139.29599523544312,20,100,2026-09-07T21:16:01.844537+00:00
kaggle-vllm-m3-allreduce-raw-v1,kaggle-vllm-m3-two-rank-nccl-allreduce-v1,1024,float16,2,4,66,151.99999511241913,161.79199516773224,161.79199516773224,20,100,2026-09-07T21:16:01.844537+00:00
kaggle-vllm-m3-allreduce-raw-v1,kaggle-vllm-m3-two-rank-nccl-allreduce-v1,1024,float16,2,4,67,100.22400319576263,97.59999811649323,100.22400319576263,20,100,2026-09-07T21:16:01.844537+00:00
kaggle-vllm-m3-allreduce-raw-v1,kaggle-vllm-m3-two-rank-nccl-allreduce-v1,1024,float16,2,4,68,98.08000177145004,99.5199978351593,99.5199978351593,20,100,2026-09-07T21:16:01.844537+00:00
kaggle-vllm-m3-allreduce-raw-v1,kaggle-vllm-m3-two-rank-nccl-allreduce-v1,1024,float16,2,4,69,87.96799927949905,87.96799927949905,87.96799927949905,20,100,2026-09-07T21:16:01.844537+00:00
kaggle-vllm-m3-allreduce-raw-v1,kaggle-vllm-m3-two-rank-nccl-allreduce-v1,1024,float16,2,4,70,85.79199761152267,85.75999736785889,85.79199761152267,20,100,2026-09-07T21:16:01.844537+00:00
kaggle-vllm-m3-allreduce-raw-v1,kaggle-vllm-m3-two-rank-nccl-allreduce-v1,1024,float16,2,4,71,80.64000308513641,88.06400001049042,88.06400001049042,20,100,2026-09-07T21:16:01.844537+00:00
kaggle-vllm-m3-allreduce-raw-v1,kaggle-vllm-m3-two-rank-nccl-allreduce-v1,1024,float16,2,4,72,87.16800063848495,100.19200295209885,100.19200295209885,20,100,2026-09-07T21:16:01.844537+00:00
kaggle-vllm-m3-allreduce-raw-v1,kaggle-vllm-m3-two-rank-nccl-allreduce-v1,1024,float16,2,4,73,81.95199817419052,83.26400071382523,83.26400071382523,20,100,2026-09-07T21:16:01.844537+00:00
kaggle-vllm-m3-allreduce-raw-v1,kaggle-vllm-m3-two-rank-nccl-allreduce-v1,1024,float16,2,4,74,81.91999793052673,94.17600184679031,94.17600184679031,20,100,2026-09-07T21:16:01.844537+00:00
kaggle-vllm-m3-allreduce-raw-v1,kaggle-vllm-m3-two-rank-nccl-allreduce-v1,1024,float16,2,4,75,125.08800625801086,130.94399869441986,130.94399869441986,20,100,2026-09-07T21:16:01.844537+00:00
kaggle-vllm-m3-allreduce-raw-v1,kaggle-vllm-m3-two-rank-nccl-allreduce-v1,1024,float16,2,4,76,84.73599702119827,96.09600156545639,96.09600156545639,20,100,2026-09-07T21:16:01.844537+00:00
kaggle-vllm-m3-allreduce-raw-v1,kaggle-vllm-m3-two-rank-nccl-allreduce-v1,1024,float16,2,4,77,86.01599931716919,98.52799773216248,98.52799773216248,20,100,2026-09-07T21:16:01.844537+00:00
kaggle-vllm-m3-allreduce-raw-v1,kaggle-vllm-m3-two-rank-nccl-allreduce-v1,1024,float16,2,4,78,79.96799796819687,101.6639992594719,101.6639992594719,20,100,2026-09-07T21:16:01.844537+00:00
kaggle-vllm-m3-allreduce-raw-v1,kaggle-vllm-m3-two-rank-nccl-allreduce-v1,1024,float16,2,4,79,81.91999793052673,85.63199639320374,85.63199639320374,20,100,2026-09-07T21:16:01.844537+00:00
kaggle-vllm-m3-allreduce-raw-v1,kaggle-vllm-m3-two-rank-nccl-allreduce-v1,1024,float16,2,4,80,93.85599941015244,83.96799862384796,93.85599941015244,20,100,2026-09-07T21:16:01.844537+00:00
kaggle-vllm-m3-allreduce-raw-v1,kaggle-vllm-m3-two-rank-nccl-allreduce-v1,1024,float16,2,4,81,79.8719972372055,102.30399668216705,102.30399668216705,20,100,2026-09-07T21:16:01.844537+00:00
kaggle-vllm-m3-allreduce-raw-v1,kaggle-vllm-m3-two-rank-nccl-allreduce-v1,1024,float16,2,4,82,104.5759990811348,100.35199671983719,104.5759990811348,20,100,2026-09-07T21:16:01.844537+00:00
kaggle-vllm-m3-allreduce-raw-v1,kaggle-vllm-m3-two-rank-nccl-allreduce-v1,1024,float16,2,4,83,115.07199704647064,98.27200323343277,115.07199704647064,20,100,2026-09-07T21:16:01.844537+00:00
kaggle-vllm-m3-allreduce-raw-v1,kaggle-vllm-m3-two-rank-nccl-allreduce-v1,1024,float16,2,4,84,93.79199892282486,108.60799998044968,108.60799998044968,20,100,2026-09-07T21:16:01.844537+00:00
kaggle-vllm-m3-allreduce-raw-v1,kaggle-vllm-m3-two-rank-nccl-allreduce-v1,1024,float16,2,4,85,108.5439994931221,107.55199939012527,108.5439994931221,20,100,2026-09-07T21:16:01.844537+00:00
kaggle-vllm-m3-allreduce-raw-v1,kaggle-vllm-m3-two-rank-nccl-allreduce-v1,1024,float16,2,4,86,113.98400366306305,113.98400366306305,113.98400366306305,20,100,2026-09-07T21:16:01.844537+00:00
kaggle-vllm-m3-allreduce-raw-v1,kaggle-vllm-m3-two-rank-nccl-allreduce-v1,1024,float16,2,4,87,88.8959988951683,83.8719978928566,88.8959988951683,20,100,2026-09-07T21:16:01.844537+00:00
kaggle-vllm-m3-allreduce-raw-v1,kaggle-vllm-m3-two-rank-nccl-allreduce-v1,1024,float16,2,4,88,143.327996134758,199.2959976196289,199.2959976196289,20,100,2026-09-07T21:16:01.844537+00:00
kaggle-vllm-m3-allreduce-raw-v1,kaggle-vllm-m3-two-rank-nccl-allreduce-v1,1024,float16,2,4,89,135.45599579811096,158.24000537395477,158.24000537395477,20,100,2026-09-07T21:16:01.844537+00:00
kaggle-vllm-m3-allreduce-raw-v1,kaggle-vllm-m3-two-rank-nccl-allreduce-v1,1024,float16,2,4,90,87.71199733018875,91.51999652385712,91.51999652385712,20,100,2026-09-07T21:16:01.844537+00:00
kaggle-vllm-m3-allreduce-raw-v1,kaggle-vllm-m3-two-rank-nccl-allreduce-v1,1024,float16,2,4,91,89.53599631786346,88.06400001049042,89.53599631786346,20,100,2026-09-07T21:16:01.844537+00:00
kaggle-vllm-m3-allreduce-raw-v1,kaggle-vllm-m3-two-rank-nccl-allreduce-v1,1024,float16,2,4,92,98.08000177145004,96.99200093746185,98.08000177145004,20,100,2026-09-07T21:16:01.844537+00:00
kaggle-vllm-m3-allreduce-raw-v1,kaggle-vllm-m3-two-rank-nccl-allreduce-v1,1024,float16,2,4,93,83.29600095748901,97.47199714183807,97.47199714183807,20,100,2026-09-07T21:16:01.844537+00:00
kaggle-vllm-m3-allreduce-raw-v1,kaggle-vllm-m3-two-rank-nccl-allreduce-v1,1024,float16,2,4,94,116.64000153541565,118.81600320339203,118.81600320339203,20,100,2026-09-07T21:16:01.844537+00:00
kaggle-vllm-m3-allreduce-raw-v1,kaggle-vllm-m3-two-rank-nccl-allreduce-v1,1024,float16,2,4,95,82.36800134181976,85.08799970149994,85.08799970149994,20,100,2026-09-07T21:16:01.844537+00:00
kaggle-vllm-m3-allreduce-raw-v1,kaggle-vllm-m3-two-rank-nccl-allreduce-v1,1024,float16,2,4,96,83.93599838018417,96.89600020647049,96.89600020647049,20,100,2026-09-07T21:16:01.844537+00:00
kaggle-vllm-m3-allreduce-raw-v1,kaggle-vllm-m3-two-rank-nccl-allreduce-v1,1024,float16,2,4,97,105.34399747848511,109.72800105810165,109.72800105810165,20,100,2026-09-07T21:16:01.844537+00:00
kaggle-vllm-m3-allreduce-raw-v1,kaggle-vllm-m3-two-rank-nccl-allreduce-v1,1024,float16,2,4,98,123.45600128173828,92.79999881982803,123.45600128173828,20,100,2026-09-07T21:16:01.844537+00:00
kaggle-vllm-m3-allreduce-raw-v1,kaggle-vllm-m3-two-rank-nccl-allreduce-v1,1024,float16,2,4,99,94.11200135946274,83.61600339412689,94.11200135946274,20,100,2026-09-07T21:16:01.844537+00:00
kaggle-vllm-m3-allreduce-raw-v1,kaggle-vllm-m3-two-rank-nccl-allreduce-v1,4096,float16,2,4,0,126.97599828243256,131.67999684810638,131.67999684810638,20,100,2026-09-07T21:16:01.930534+00:00
kaggle-vllm-m3-allreduce-raw-v1,kaggle-vllm-m3-two-rank-nccl-allreduce-v1,4096,float16,2,4,1,94.30400282144547,95.8079993724823,95.8079993724823,20,100,2026-09-07T21:16:01.930534+00:00
kaggle-vllm-m3-allreduce-raw-v1,kaggle-vllm-m3-two-rank-nccl-allreduce-v1,4096,float16,2,4,2,99.58399832248688,90.11200070381165,99.58399832248688,20,100,2026-09-07T21:16:01.930534+00:00
kaggle-vllm-m3-allreduce-raw-v1,kaggle-vllm-m3-two-rank-nccl-allreduce-v1,4096,float16,2,4,3,94.08000111579895,96.3200032711029,96.3200032711029,20,100,2026-09-07T21:16:01.930534+00:00
kaggle-vllm-m3-allreduce-raw-v1,kaggle-vllm-m3-two-rank-nccl-allreduce-v1,4096,float16,2,4,4,89.79199826717377,137.37599551677704,137.37599551677704,20,100,2026-09-07T21:16:01.930534+00:00
kaggle-vllm-m3-allreduce-raw-v1,kaggle-vllm-m3-two-rank-nccl-allreduce-v1,4096,float16,2,4,5,155.64799308776855,178.0479997396469,178.0479997396469,20,100,2026-09-07T21:16:01.930534+00:00
kaggle-vllm-m3-allreduce-raw-v1,kaggle-vllm-m3-two-rank-nccl-allreduce-v1,4096,float16,2,4,6,124.89599734544754,112.06399649381638,124.89599734544754,20,100,2026-09-07T21:16:01.930534+00:00
kaggle-vllm-m3-allreduce-raw-v1,kaggle-vllm-m3-two-rank-nccl-allreduce-v1,4096,float16,2,4,7,100.35199671983719,98.30400347709656,100.35199671983719,20,100,2026-09-07T21:16:01.930534+00:00
kaggle-vllm-m3-allreduce-raw-v1,kaggle-vllm-m3-two-rank-nccl-allreduce-v1,4096,float16,2,4,8,149.50400590896606,168.32000017166138,168.32000017166138,20,100,2026-09-07T21:16:01.930534+00:00
kaggle-vllm-m3-allreduce-raw-v1,kaggle-vllm-m3-two-rank-nccl-allreduce-v1,4096,float16,2,4,9,86.87999844551086,88.06400001049042,88.06400001049042,20,100,2026-09-07T21:16:01.930534+00:00
kaggle-vllm-m3-allreduce-raw-v1,kaggle-vllm-m3-two-rank-nccl-allreduce-v1,4096,float16,2,4,10,111.23199760913849,100.3199964761734,111.23199760913849,20,100,2026-09-07T21:16:01.930534+00:00
kaggle-vllm-m3-allreduce-raw-v1,kaggle-vllm-m3-two-rank-nccl-allreduce-v1,4096,float16,2,4,11,119.74400281906128,156.3519984483719,156.3519984483719,20,100,2026-09-07T21:16:01.930534+00:00
kaggle-vllm-m3-allreduce-raw-v1,kaggle-vllm-m3-two-rank-nccl-allreduce-v1,4096,float16,2,4,12,90.62399715185165,90.14400094747543,90.62399715185165,20,100,2026-09-07T21:16:01.930534+00:00
kaggle-vllm-m3-allreduce-raw-v1,kaggle-vllm-m3-two-rank-nccl-allreduce-v1,4096,float16,2,4,13,110.46399921178818,120.28799951076508,120.28799951076508,20,100,2026-09-07T21:16:01.930534+00:00
kaggle-vllm-m3-allreduce-raw-v1,kaggle-vllm-m3-two-rank-nccl-allreduce-v1,4096,float16,2,4,14,118.81600320339203,107.10400342941284,118.81600320339203,20,100,2026-09-07T21:16:01.930534+00:00
kaggle-vllm-m3-allreduce-raw-v1,kaggle-vllm-m3-two-rank-nccl-allreduce-v1,4096,float16,2,4,15,83.5840031504631,83.99999886751175,83.99999886751175,20,100,2026-09-07T21:16:01.930534+00:00
kaggle-vllm-m3-allreduce-raw-v1,kaggle-vllm-m3-two-rank-nccl-allreduce-v1,4096,float16,2,4,16,81.91999793052673,83.99999886751175,83.99999886751175,20,100,2026-09-07T21:16:01.930534+00:00
kaggle-vllm-m3-allreduce-raw-v1,kaggle-vllm-m3-two-rank-nccl-allreduce-v1,4096,float16,2,4,17,85.34400165081024,86.01599931716919,86.01599931716919,20,100,2026-09-07T21:16:01.930534+00:00
kaggle-vllm-m3-allreduce-raw-v1,kaggle-vllm-m3-two-rank-nccl-allreduce-v1,4096,float16,2,4,18,86.27200126647949,90.14400094747543,90.14400094747543,20,100,2026-09-07T21:16:01.930534+00:00
kaggle-vllm-m3-allreduce-raw-v1,kaggle-vllm-m3-two-rank-nccl-allreduce-v1,4096,float16,2,4,19,81.727996468544,86.5280032157898,86.5280032157898,20,100,2026-09-07T21:16:01.930534+00:00
kaggle-vllm-m3-allreduce-raw-v1,kaggle-vllm-m3-two-rank-nccl-allreduce-v1,4096,float16,2,4,20,95.42399644851685,95.51999717950821,95.51999717950821,20,100,2026-09-07T21:16:01.930534+00:00
kaggle-vllm-m3-allreduce-raw-v1,kaggle-vllm-m3-two-rank-nccl-allreduce-v1,4096,float16,2,4,21,118.46400052309036,147.42399752140045,147.42399752140045,20,100,2026-09-07T21:16:01.930534+00:00
kaggle-vllm-m3-allreduce-raw-v1,kaggle-vllm-m3-two-rank-nccl-allreduce-v1,4096,float16,2,4,22,106.49599879980087,115.26399850845337,115.26399850845337,20,100,2026-09-07T21:16:01.930534+00:00
kaggle-vllm-m3-allreduce-raw-v1,kaggle-vllm-m3-two-rank-nccl-allreduce-v1,4096,float16,2,4,23,157.69599378108978,161.79199516773224,161.79199516773224,20,100,2026-09-07T21:16:01.930534+00:00
kaggle-vllm-m3-allreduce-raw-v1,kaggle-vllm-m3-two-rank-nccl-allreduce-v1,4096,float16,2,4,24,196.76800072193146,202.17600464820862,202.17600464820862,20,100,2026-09-07T21:16:01.930534+00:00
kaggle-vllm-m3-allreduce-raw-v1,kaggle-vllm-m3-two-rank-nccl-allreduce-v1,4096,float16,2,4,25,208.8959962129593,210.65600216388702,210.65600216388702,20,100,2026-09-07T21:16:01.930534+00:00
kaggle-vllm-m3-allreduce-raw-v1,kaggle-vllm-m3-two-rank-nccl-allreduce-v1,4096,float16,2,4,26,187.04000115394592,155.68000078201294,187.04000115394592,20,100,2026-09-07T21:16:01.930534+00:00
kaggle-vllm-m3-allreduce-raw-v1,kaggle-vllm-m3-two-rank-nccl-allreduce-v1,4096,float16,2,4,27,184.79999899864197,190.46400487422943,190.46400487422943,20,100,2026-09-07T21:16:01.930534+00:00
kaggle-vllm-m3-allreduce-raw-v1,kaggle-vllm-m3-two-rank-nccl-allreduce-v1,4096,float16,2,4,28,205.9520035982132,181.88799917697906,205.9520035982132,20,100,2026-09-07T21:16:01.930534+00:00
kaggle-vllm-m3-allreduce-raw-v1,kaggle-vllm-m3-two-rank-nccl-allreduce-v1,4096,float16,2,4,29,239.87199366092682,1489.6639585494995,1489.6639585494995,20,100,2026-09-07T21:16:01.930534+00:00
kaggle-vllm-m3-allreduce-raw-v1,kaggle-vllm-m3-two-rank-nccl-allreduce-v1,4096,float16,2,4,30,179.36000227928162,157.27999806404114,179.36000227928162,20,100,2026-09-07T21:16:01.930534+00:00
kaggle-vllm-m3-allreduce-raw-v1,kaggle-vllm-m3-two-rank-nccl-allreduce-v1,4096,float16,2,4,31,204.54399287700653,183.16799402236938,204.54399287700653,20,100,2026-09-07T21:16:01.930534+00:00
kaggle-vllm-m3-allreduce-raw-v1,kaggle-vllm-m3-two-rank-nccl-allreduce-v1,4096,float16,2,4,32,182.81599879264832,180.2240014076233,182.81599879264832,20,100,2026-09-07T21:16:01.930534+00:00
kaggle-vllm-m3-allreduce-raw-v1,kaggle-vllm-m3-two-rank-nccl-allreduce-v1,4096,float16,2,4,33,214.9759978055954,184.4799965620041,214.9759978055954,20,100,2026-09-07T21:16:01.930534+00:00
kaggle-vllm-m3-allreduce-raw-v1,kaggle-vllm-m3-two-rank-nccl-allreduce-v1,4096,float16,2,4,34,182.36799538135529,165.8879965543747,182.36799538135529,20,100,2026-09-07T21:16:01.930534+00:00
kaggle-vllm-m3-allreduce-raw-v1,kaggle-vllm-m3-two-rank-nccl-allreduce-v1,4096,float16,2,4,35,186.39999628067017,202.91200280189514,202.91200280189514,20,100,2026-09-07T21:16:01.930534+00:00
kaggle-vllm-m3-allreduce-raw-v1,kaggle-vllm-m3-two-rank-nccl-allreduce-v1,4096,float16,2,4,36,321.50399684906006,181.15200102329254,321.50399684906006,20,100,2026-09-07T21:16:01.930534+00:00
kaggle-vllm-m3-allreduce-raw-v1,kaggle-vllm-m3-two-rank-nccl-allreduce-v1,4096,float16,2,4,37,218.9120054244995,187.23200261592865,218.9120054244995,20,100,2026-09-07T21:16:01.930534+00:00
kaggle-vllm-m3-allreduce-raw-v1,kaggle-vllm-m3-two-rank-nccl-allreduce-v1,4096,float16,2,4,38,198.65599274635315,199.61600005626678,199.61600005626678,20,100,2026-09-07T21:16:01.930534+00:00
kaggle-vllm-m3-allreduce-raw-v1,kaggle-vllm-m3-two-rank-nccl-allreduce-v1,4096,float16,2,4,39,176.12800002098083,168.7999963760376,176.12800002098083,20,100,2026-09-07T21:16:01.930534+00:00
kaggle-vllm-m3-allreduce-raw-v1,kaggle-vllm-m3-two-rank-nccl-allreduce-v1,4096,float16,2,4,40,177.85599827766418,158.62399339675903,177.85599827766418,20,100,2026-09-07T21:16:01.930534+00:00
kaggle-vllm-m3-allreduce-raw-v1,kaggle-vllm-m3-two-rank-nccl-allreduce-v1,4096,float16,2,4,41,165.98400473594666,156.031996011734,165.98400473594666,20,100,2026-09-07T21:16:01.930534+00:00
kaggle-vllm-m3-allreduce-raw-v1,kaggle-vllm-m3-two-rank-nccl-allreduce-v1,4096,float16,2,4,42,158.33599865436554,138.17599415779114,158.33599865436554,20,100,2026-09-07T21:16:01.930534+00:00
kaggle-vllm-m3-allreduce-raw-v1,kaggle-vllm-m3-two-rank-nccl-allreduce-v1,4096,float16,2,4,43,162.08000481128693,144.22400295734406,162.08000481128693,20,100,2026-09-07T21:16:01.930534+00:00
kaggle-vllm-m3-allreduce-raw-v1,kaggle-vllm-m3-two-rank-nccl-allreduce-v1,4096,float16,2,4,44,156.25600516796112,151.58399939537048,156.25600516796112,20,100,2026-09-07T21:16:01.930534+00:00
kaggle-vllm-m3-allreduce-raw-v1,kaggle-vllm-m3-two-rank-nccl-allreduce-v1,4096,float16,2,4,45,163.83999586105347,153.6320000886917,163.83999586105347,20,100,2026-09-07T21:16:01.930534+00:00
kaggle-vllm-m3-allreduce-raw-v1,kaggle-vllm-m3-two-rank-nccl-allreduce-v1,4096,float16,2,4,46,170.33599317073822,157.6640009880066,170.33599317073822,20,100,2026-09-07T21:16:01.930534+00:00
kaggle-vllm-m3-allreduce-raw-v1,kaggle-vllm-m3-two-rank-nccl-allreduce-v1,4096,float16,2,4,47,194.5279985666275,159.45599973201752,194.5279985666275,20,100,2026-09-07T21:16:01.930534+00:00
kaggle-vllm-m3-allreduce-raw-v1,kaggle-vllm-m3-two-rank-nccl-allreduce-v1,4096,float16,2,4,48,218.07999908924103,154.94400262832642,218.07999908924103,20,100,2026-09-07T21:16:01.930534+00:00
kaggle-vllm-m3-allreduce-raw-v1,kaggle-vllm-m3-two-rank-nccl-allreduce-v1,4096,float16,2,4,49,204.6400010585785,190.5599981546402,204.6400010585785,20,100,2026-09-07T21:16:01.930534+00:00
kaggle-vllm-m3-allreduce-raw-v1,kaggle-vllm-m3-two-rank-nccl-allreduce-v1,4096,float16,2,4,50,195.6160068511963,179.03999984264374,195.6160068511963,20,100,2026-09-07T21:16:01.930534+00:00
kaggle-vllm-m3-allreduce-raw-v1,kaggle-vllm-m3-two-rank-nccl-allreduce-v1,4096,float16,2,4,51,167.9999977350235,154.33600544929504,167.9999977350235,20,100,2026-09-07T21:16:01.930534+00:00
kaggle-vllm-m3-allreduce-raw-v1,kaggle-vllm-m3-two-rank-nccl-allreduce-v1,4096,float16,2,4,52,156.6080003976822,152.0320028066635,156.6080003976822,20,100,2026-09-07T21:16:01.930534+00:00
kaggle-vllm-m3-allreduce-raw-v1,kaggle-vllm-m3-two-rank-nccl-allreduce-v1,4096,float16,2,4,53,184.92799997329712,129.85600531101227,184.92799997329712,20,100,2026-09-07T21:16:01.930534+00:00
kaggle-vllm-m3-allreduce-raw-v1,kaggle-vllm-m3-two-rank-nccl-allreduce-v1,4096,float16,2,4,54,207.2959989309311,167.61599481105804,207.2959989309311,20,100,2026-09-07T21:16:01.930534+00:00
kaggle-vllm-m3-allreduce-raw-v1,kaggle-vllm-m3-two-rank-nccl-allreduce-v1,4096,float16,2,4,55,189.15200233459473,204.70400154590607,204.70400154590607,20,100,2026-09-07T21:16:01.930534+00:00
kaggle-vllm-m3-allreduce-raw-v1,kaggle-vllm-m3-two-rank-nccl-allreduce-v1,4096,float16,2,4,56,214.39999341964722,204.83200252056122,214.39999341964722,20,100,2026-09-07T21:16:01.930534+00:00
kaggle-vllm-m3-allreduce-raw-v1,kaggle-vllm-m3-two-rank-nccl-allreduce-v1,4096,float16,2,4,57,190.33600389957428,231.26399517059326,231.26399517059326,20,100,2026-09-07T21:16:01.930534+00:00
kaggle-vllm-m3-allreduce-raw-v1,kaggle-vllm-m3-two-rank-nccl-allreduce-v1,4096,float16,2,4,58,196.22400403022766,152.6080071926117,196.22400403022766,20,100,2026-09-07T21:16:01.930534+00:00
kaggle-vllm-m3-allreduce-raw-v1,kaggle-vllm-m3-two-rank-nccl-allreduce-v1,4096,float16,2,4,59,124.89599734544754,136.25599443912506,136.25599443912506,20,100,2026-09-07T21:16:01.930534+00:00
kaggle-vllm-m3-allreduce-raw-v1,kaggle-vllm-m3-two-rank-nccl-allreduce-v1,4096,float16,2,4,60,94.40000355243683,100.22400319576263,100.22400319576263,20,100,2026-09-07T21:16:01.930534+00:00
kaggle-vllm-m3-allreduce-raw-v1,kaggle-vllm-m3-two-rank-nccl-allreduce-v1,4096,float16,2,4,61,91.96799993515015,94.24000233411789,94.24000233411789,20,100,2026-09-07T21:16:01.930534+00:00
kaggle-vllm-m3-allreduce-raw-v1,kaggle-vllm-m3-two-rank-nccl-allreduce-v1,4096,float16,2,4,62,186.71999871730804,125.791996717453,186.71999871730804,20,100,2026-09-07T21:16:01.930534+00:00
kaggle-vllm-m3-allreduce-raw-v1,kaggle-vllm-m3-two-rank-nccl-allreduce-v1,4096,float16,2,4,63,133.12000036239624,121.69600278139114,133.12000036239624,20,100,2026-09-07T21:16:01.930534+00:00
kaggle-vllm-m3-allreduce-raw-v1,kaggle-vllm-m3-two-rank-nccl-allreduce-v1,4096,float16,2,4,64,91.10400080680847,374.55999851226807,374.55999851226807,20,100,2026-09-07T21:16:01.930534+00:00
kaggle-vllm-m3-allreduce-raw-v1,kaggle-vllm-m3-two-rank-nccl-allreduce-v1,4096,float16,2,4,65,120.83200365304947,119.9679970741272,120.83200365304947,20,100,2026-09-07T21:16:01.930534+00:00
kaggle-vllm-m3-allreduce-raw-v1,kaggle-vllm-m3-two-rank-nccl-allreduce-v1,4096,float16,2,4,66,100.38399696350098,102.39999741315842,102.39999741315842,20,100,2026-09-07T21:16:01.930534+00:00
kaggle-vllm-m3-allreduce-raw-v1,kaggle-vllm-m3-two-rank-nccl-allreduce-v1,4096,float16,2,4,67,128.31999361515045,119.35999989509583,128.31999361515045,20,100,2026-09-07T21:16:01.930534+00:00
kaggle-vllm-m3-allreduce-raw-v1,kaggle-vllm-m3-two-rank-nccl-allreduce-v1,4096,float16,2,4,68,108.51199924945831,109.40799862146378,109.40799862146378,20,100,2026-09-07T21:16:01.930534+00:00
kaggle-vllm-m3-allreduce-raw-v1,kaggle-vllm-m3-two-rank-nccl-allreduce-v1,4096,float16,2,4,69,93.6959981918335,95.58399766683578,95.58399766683578,20,100,2026-09-07T21:16:01.930534+00:00
kaggle-vllm-m3-allreduce-raw-v1,kaggle-vllm-m3-two-rank-nccl-allreduce-v1,4096,float16,2,4,70,95.2640026807785,96.54399752616882,96.54399752616882,20,100,2026-09-07T21:16:01.930534+00:00
kaggle-vllm-m3-allreduce-raw-v1,kaggle-vllm-m3-two-rank-nccl-allreduce-v1,4096,float16,2,4,71,108.19199681282043,108.99200290441513,108.99200290441513,20,100,2026-09-07T21:16:01.930534+00:00
kaggle-vllm-m3-allreduce-raw-v1,kaggle-vllm-m3-two-rank-nccl-allreduce-v1,4096,float16,2,4,72,147.45600521564484,94.62399780750275,147.45600521564484,20,100,2026-09-07T21:16:01.930534+00:00
kaggle-vllm-m3-allreduce-raw-v1,kaggle-vllm-m3-two-rank-nccl-allreduce-v1,4096,float16,2,4,73,221.02400660514832,196.22400403022766,221.02400660514832,20,100,2026-09-07T21:16:01.930534+00:00
kaggle-vllm-m3-allreduce-raw-v1,kaggle-vllm-m3-two-rank-nccl-allreduce-v1,4096,float16,2,4,74,171.55200242996216,136.83199882507324,171.55200242996216,20,100,2026-09-07T21:16:01.930534+00:00
kaggle-vllm-m3-allreduce-raw-v1,kaggle-vllm-m3-two-rank-nccl-allreduce-v1,4096,float16,2,4,75,169.3439930677414,157.69599378108978,169.3439930677414,20,100,2026-09-07T21:16:01.930534+00:00
kaggle-vllm-m3-allreduce-raw-v1,kaggle-vllm-m3-two-rank-nccl-allreduce-v1,4096,float16,2,4,76,93.59999746084213,92.70399808883667,93.59999746084213,20,100,2026-09-07T21:16:01.930534+00:00
kaggle-vllm-m3-allreduce-raw-v1,kaggle-vllm-m3-two-rank-nccl-allreduce-v1,4096,float16,2,4,77,98.08000177145004,99.96800124645233,99.96800124645233,20,100,2026-09-07T21:16:01.930534+00:00
kaggle-vllm-m3-allreduce-raw-v1,kaggle-vllm-m3-two-rank-nccl-allreduce-v1,4096,float16,2,4,78,96.19200229644775,99.74399954080582,99.74399954080582,20,100,2026-09-07T21:16:01.930534+00:00
kaggle-vllm-m3-allreduce-raw-v1,kaggle-vllm-m3-two-rank-nccl-allreduce-v1,4096,float16,2,4,79,91.96799993515015,94.08000111579895,94.08000111579895,20,100,2026-09-07T21:16:01.930534+00:00
kaggle-vllm-m3-allreduce-raw-v1,kaggle-vllm-m3-two-rank-nccl-allreduce-v1,4096,float16,2,4,80,117.63200163841248,119.19999867677689,119.19999867677689,20,100,2026-09-07T21:16:01.930534+00:00
kaggle-vllm-m3-allreduce-raw-v1,kaggle-vllm-m3-two-rank-nccl-allreduce-v1,4096,float16,2,4,81,98.75199943780899,103.55199873447418,103.55199873447418,20,100,2026-09-07T21:16:01.930534+00:00
kaggle-vllm-m3-allreduce-raw-v1,kaggle-vllm-m3-two-rank-nccl-allreduce-v1,4096,float16,2,4,82,94.40000355243683,96.96000069379807,96.96000069379807,20,100,2026-09-07T21:16:01.930534+00:00
kaggle-vllm-m3-allreduce-raw-v1,kaggle-vllm-m3-two-rank-nccl-allreduce-v1,4096,float16,2,4,83,95.93600034713745,112.8000020980835,112.8000020980835,20,100,2026-09-07T21:16:01.930534+00:00
kaggle-vllm-m3-allreduce-raw-v1,kaggle-vllm-m3-two-rank-nccl-allreduce-v1,4096,float16,2,4,84,96.22400254011154,91.64799749851227,96.22400254011154,20,100,2026-09-07T21:16:01.930534+00:00
kaggle-vllm-m3-allreduce-raw-v1,kaggle-vllm-m3-two-rank-nccl-allreduce-v1,4096,float16,2,4,85,148.67199957370758,124.92799758911133,148.67199957370758,20,100,2026-09-07T21:16:01.930534+00:00
kaggle-vllm-m3-allreduce-raw-v1,kaggle-vllm-m3-two-rank-nccl-allreduce-v1,4096,float16,2,4,86,87.99999952316284,90.11200070381165,90.11200070381165,20,100,2026-09-07T21:16:01.930534+00:00
kaggle-vllm-m3-allreduce-raw-v1,kaggle-vllm-m3-two-rank-nccl-allreduce-v1,4096,float16,2,4,87,86.33600175380707,91.36000275611877,91.36000275611877,20,100,2026-09-07T21:16:01.930534+00:00
kaggle-vllm-m3-allreduce-raw-v1,kaggle-vllm-m3-two-rank-nccl-allreduce-v1,4096,float16,2,4,88,124.32000041007996,163.83999586105347,163.83999586105347,20,100,2026-09-07T21:16:01.930534+00:00
kaggle-vllm-m3-allreduce-raw-v1,kaggle-vllm-m3-two-rank-nccl-allreduce-v1,4096,float16,2,4,89,84.16000008583069,96.25600278377533,96.25600278377533,20,100,2026-09-07T21:16:01.930534+00:00
kaggle-vllm-m3-allreduce-raw-v1,kaggle-vllm-m3-two-rank-nccl-allreduce-v1,4096,float16,2,4,90,121.63200229406357,85.24800091981888,121.63200229406357,20,100,2026-09-07T21:16:01.930534+00:00
kaggle-vllm-m3-allreduce-raw-v1,kaggle-vllm-m3-two-rank-nccl-allreduce-v1,4096,float16,2,4,91,189.15200233459473,165.43999314308167,189.15200233459473,20,100,2026-09-07T21:16:01.930534+00:00
kaggle-vllm-m3-allreduce-raw-v1,kaggle-vllm-m3-two-rank-nccl-allreduce-v1,4096,float16,2,4,92,202.7519941329956,163.80800306797028,202.7519941329956,20,100,2026-09-07T21:16:01.930534+00:00
kaggle-vllm-m3-allreduce-raw-v1,kaggle-vllm-m3-two-rank-nccl-allreduce-v1,4096,float16,2,4,93,148.22399616241455,145.4399973154068,148.22399616241455,20,100,2026-09-07T21:16:01.930534+00:00
kaggle-vllm-m3-allreduce-raw-v1,kaggle-vllm-m3-two-rank-nccl-allreduce-v1,4096,float16,2,4,94,149.59999918937683,135.51999628543854,149.59999918937683,20,100,2026-09-07T21:16:01.930534+00:00
kaggle-vllm-m3-allreduce-raw-v1,kaggle-vllm-m3-two-rank-nccl-allreduce-v1,4096,float16,2,4,95,184.12800133228302,143.0719941854477,184.12800133228302,20,100,2026-09-07T21:16:01.930534+00:00
kaggle-vllm-m3-allreduce-raw-v1,kaggle-vllm-m3-two-rank-nccl-allreduce-v1,4096,float16,2,4,96,190.49599766731262,184.76800620555878,190.49599766731262,20,100,2026-09-07T21:16:01.930534+00:00
kaggle-vllm-m3-allreduce-raw-v1,kaggle-vllm-m3-two-rank-nccl-allreduce-v1,4096,float16,2,4,97,144.6399986743927,124.83199685811996,144.6399986743927,20,100,2026-09-07T21:16:01.930534+00:00
kaggle-vllm-m3-allreduce-raw-v1,kaggle-vllm-m3-two-rank-nccl-allreduce-v1,4096,float16,2,4,98,145.4080045223236,144.6399986743927,145.4080045223236,20,100,2026-09-07T21:16:01.930534+00:00
kaggle-vllm-m3-allreduce-raw-v1,kaggle-vllm-m3-two-rank-nccl-allreduce-v1,4096,float16,2,4,99,174.9120056629181,190.5599981546402,190.5599981546402,20,100,2026-09-07T21:16:01.930534+00:00
kaggle-vllm-m3-allreduce-raw-v1,kaggle-vllm-m3-two-rank-nccl-allreduce-v1,16384,float16,2,4,0,157.6640009880066,143.48800480365753,157.6640009880066,20,100,2026-09-07T21:16:01.975418+00:00
kaggle-vllm-m3-allreduce-raw-v1,kaggle-vllm-m3-two-rank-nccl-allreduce-v1,16384,float16,2,4,1,142.14399456977844,110.55999994277954,142.14399456977844,20,100,2026-09-07T21:16:01.975418+00:00
kaggle-vllm-m3-allreduce-raw-v1,kaggle-vllm-m3-two-rank-nccl-allreduce-v1,16384,float16,2,4,2,144.22400295734406,129.95199859142303,144.22400295734406,20,100,2026-09-07T21:16:01.975418+00:00
kaggle-vllm-m3-allreduce-raw-v1,kaggle-vllm-m3-two-rank-nccl-allreduce-v1,16384,float16,2,4,3,154.27200496196747,120.86399644613266,154.27200496196747,20,100,2026-09-07T21:16:01.975418+00:00
kaggle-vllm-m3-allreduce-raw-v1,kaggle-vllm-m3-two-rank-nccl-allreduce-v1,16384,float16,2,4,4,149.1840034723282,141.2159949541092,149.1840034723282,20,100,2026-09-07T21:16:01.975418+00:00
kaggle-vllm-m3-allreduce-raw-v1,kaggle-vllm-m3-two-rank-nccl-allreduce-v1,16384,float16,2,4,5,135.74400544166565,124.54400211572647,135.74400544166565,20,100,2026-09-07T21:16:01.975418+00:00
kaggle-vllm-m3-allreduce-raw-v1,kaggle-vllm-m3-two-rank-nccl-allreduce-v1,16384,float16,2,4,6,130.048006772995,120.86399644613266,130.048006772995,20,100,2026-09-07T21:16:01.975418+00:00
kaggle-vllm-m3-allreduce-raw-v1,kaggle-vllm-m3-two-rank-nccl-allreduce-v1,16384,float16,2,4,7,136.60800457000732,122.49600142240524,136.60800457000732,20,100,2026-09-07T21:16:01.975418+00:00
kaggle-vllm-m3-allreduce-raw-v1,kaggle-vllm-m3-two-rank-nccl-allreduce-v1,16384,float16,2,4,8,196.73599302768707,138.68799805641174,196.73599302768707,20,100,2026-09-07T21:16:01.975418+00:00
kaggle-vllm-m3-allreduce-raw-v1,kaggle-vllm-m3-two-rank-nccl-allreduce-v1,16384,float16,2,4,9,171.10399901866913,174.46400225162506,174.46400225162506,20,100,2026-09-07T21:16:01.975418+00:00
kaggle-vllm-m3-allreduce-raw-v1,kaggle-vllm-m3-two-rank-nccl-allreduce-v1,16384,float16,2,4,10,198.65599274635315,132.32000172138214,198.65599274635315,20,100,2026-09-07T21:16:01.975418+00:00
kaggle-vllm-m3-allreduce-raw-v1,kaggle-vllm-m3-two-rank-nccl-allreduce-v1,16384,float16,2,4,11,156.19200468063354,146.84799313545227,156.19200468063354,20,100,2026-09-07T21:16:01.975418+00:00
kaggle-vllm-m3-allreduce-raw-v1,kaggle-vllm-m3-two-rank-nccl-allreduce-v1,16384,float16,2,4,12,166.46400094032288,147.23199605941772,166.46400094032288,20,100,2026-09-07T21:16:01.975418+00:00
kaggle-vllm-m3-allreduce-raw-v1,kaggle-vllm-m3-two-rank-nccl-allreduce-v1,16384,float16,2,4,13,176.57600343227386,161.82400286197662,176.57600343227386,20,100,2026-09-07T21:16:01.975418+00:00
kaggle-vllm-m3-allreduce-raw-v1,kaggle-vllm-m3-two-rank-nccl-allreduce-v1,16384,float16,2,4,14,166.81599617004395,149.50400590896606,166.81599617004395,20,100,2026-09-07T21:16:01.975418+00:00
kaggle-vllm-m3-allreduce-raw-v1,kaggle-vllm-m3-two-rank-nccl-allreduce-v1,16384,float16,2,4,15,135.16800105571747,124.83199685811996,135.16800105571747,20,100,2026-09-07T21:16:01.975418+00:00
kaggle-vllm-m3-allreduce-raw-v1,kaggle-vllm-m3-two-rank-nccl-allreduce-v1,16384,float16,2,4,16,137.2160017490387,134.5279961824417,137.2160017490387,20,100,2026-09-07T21:16:01.975418+00:00
kaggle-vllm-m3-allreduce-raw-v1,kaggle-vllm-m3-two-rank-nccl-allreduce-v1,16384,float16,2,4,17,137.7599984407425,143.327996134758,143.327996134758,20,100,2026-09-07T21:16:01.975418+00:00
kaggle-vllm-m3-allreduce-raw-v1,kaggle-vllm-m3-two-rank-nccl-allreduce-v1,16384,float16,2,4,18,150.11200308799744,109.21599715948105,150.11200308799744,20,100,2026-09-07T21:16:01.975418+00:00
kaggle-vllm-m3-allreduce-raw-v1,kaggle-vllm-m3-two-rank-nccl-allreduce-v1,16384,float16,2,4,19,152.28800475597382,158.81599485874176,158.81599485874176,20,100,2026-09-07T21:16:01.975418+00:00
kaggle-vllm-m3-allreduce-raw-v1,kaggle-vllm-m3-two-rank-nccl-allreduce-v1,16384,float16,2,4,20,178.6240041255951,163.87200355529785,178.6240041255951,20,100,2026-09-07T21:16:01.975418+00:00
kaggle-vllm-m3-allreduce-raw-v1,kaggle-vllm-m3-two-rank-nccl-allreduce-v1,16384,float16,2,4,21,217.40800142288208,186.36800348758698,217.40800142288208,20,100,2026-09-07T21:16:01.975418+00:00
kaggle-vllm-m3-allreduce-raw-v1,kaggle-vllm-m3-two-rank-nccl-allreduce-v1,16384,float16,2,4,22,174.0799993276596,170.43200135231018,174.0799993276596,20,100,2026-09-07T21:16:01.975418+00:00
kaggle-vllm-m3-allreduce-raw-v1,kaggle-vllm-m3-two-rank-nccl-allreduce-v1,16384,float16,2,4,23,217.21599996089935,194.5600062608719,217.21599996089935,20,100,2026-09-07T21:16:01.975418+00:00
kaggle-vllm-m3-allreduce-raw-v1,kaggle-vllm-m3-two-rank-nccl-allreduce-v1,16384,float16,2,4,24,171.74400389194489,221.18400037288666,221.18400037288666,20,100,2026-09-07T21:16:01.975418+00:00
kaggle-vllm-m3-allreduce-raw-v1,kaggle-vllm-m3-two-rank-nccl-allreduce-v1,16384,float16,2,4,25,143.327996134758,132.86399841308594,143.327996134758,20,100,2026-09-07T21:16:01.975418+00:00
kaggle-vllm-m3-allreduce-raw-v1,kaggle-vllm-m3-two-rank-nccl-allreduce-v1,16384,float16,2,4,26,159.64800119400024,132.35199451446533,159.64800119400024,20,100,2026-09-07T21:16:01.975418+00:00
kaggle-vllm-m3-allreduce-raw-v1,kaggle-vllm-m3-two-rank-nccl-allreduce-v1,16384,float16,2,4,27,168.2880073785782,135.04000008106232,168.2880073785782,20,100,2026-09-07T21:16:01.975418+00:00
kaggle-vllm-m3-allreduce-raw-v1,kaggle-vllm-m3-two-rank-nccl-allreduce-v1,16384,float16,2,4,28,145.4399973154068,124.9919980764389,145.4399973154068,20,100,2026-09-07T21:16:01.975418+00:00
kaggle-vllm-m3-allreduce-raw-v1,kaggle-vllm-m3-two-rank-nccl-allreduce-v1,16384,float16,2,4,29,129.5360028743744,114.656001329422,129.5360028743744,20,100,2026-09-07T21:16:01.975418+00:00
kaggle-vllm-m3-allreduce-raw-v1,kaggle-vllm-m3-two-rank-nccl-allreduce-v1,16384,float16,2,4,30,134.783998131752,133.05599987506866,134.783998131752,20,100,2026-09-07T21:16:01.975418+00:00
kaggle-vllm-m3-allreduce-raw-v1,kaggle-vllm-m3-two-rank-nccl-allreduce-v1,16384,float16,2,4,31,164.000004529953,158.78400206565857,164.000004529953,20,100,2026-09-07T21:16:01.975418+00:00
kaggle-vllm-m3-allreduce-raw-v1,kaggle-vllm-m3-two-rank-nccl-allreduce-v1,16384,float16,2,4,32,198.68800044059753,183.87199938297272,198.68800044059753,20,100,2026-09-07T21:16:01.975418+00:00
kaggle-vllm-m3-allreduce-raw-v1,kaggle-vllm-m3-two-rank-nccl-allreduce-v1,16384,float16,2,4,33,178.49600315093994,149.1519957780838,178.49600315093994,20,100,2026-09-07T21:16:01.975418+00:00
kaggle-vllm-m3-allreduce-raw-v1,kaggle-vllm-m3-two-rank-nccl-allreduce-v1,16384,float16,2,4,34,151.5520066022873,151.58399939537048,151.58399939537048,20,100,2026-09-07T21:16:01.975418+00:00
kaggle-vllm-m3-allreduce-raw-v1,kaggle-vllm-m3-two-rank-nccl-allreduce-v1,16384,float16,2,4,35,209.79200303554535,230.71999847888947,230.71999847888947,20,100,2026-09-07T21:16:01.975418+00:00
kaggle-vllm-m3-allreduce-raw-v1,kaggle-vllm-m3-two-rank-nccl-allreduce-v1,16384,float16,2,4,36,186.36800348758698,235.32800376415253,235.32800376415253,20,100,2026-09-07T21:16:01.975418+00:00
kaggle-vllm-m3-allreduce-raw-v1,kaggle-vllm-m3-two-rank-nccl-allreduce-v1,16384,float16,2,4,37,149.53599870204926,182.3039948940277,182.3039948940277,20,100,2026-09-07T21:16:01.975418+00:00
kaggle-vllm-m3-allreduce-raw-v1,kaggle-vllm-m3-two-rank-nccl-allreduce-v1,16384,float16,2,4,38,137.08800077438354,162.4000072479248,162.4000072479248,20,100,2026-09-07T21:16:01.975418+00:00
kaggle-vllm-m3-allreduce-raw-v1,kaggle-vllm-m3-two-rank-nccl-allreduce-v1,16384,float16,2,4,39,163.96799683570862,155.8080017566681,163.96799683570862,20,100,2026-09-07T21:16:01.975418+00:00
kaggle-vllm-m3-allreduce-raw-v1,kaggle-vllm-m3-two-rank-nccl-allreduce-v1,16384,float16,2,4,40,127.00800597667694,161.21600568294525,161.21600568294525,20,100,2026-09-07T21:16:01.975418+00:00
kaggle-vllm-m3-allreduce-raw-v1,kaggle-vllm-m3-two-rank-nccl-allreduce-v1,16384,float16,2,4,41,106.46399855613708,110.04800349473953,110.04800349473953,20,100,2026-09-07T21:16:01.975418+00:00
kaggle-vllm-m3-allreduce-raw-v1,kaggle-vllm-m3-two-rank-nccl-allreduce-v1,16384,float16,2,4,42,88.25600147247314,90.7839983701706,90.7839983701706,20,100,2026-09-07T21:16:01.975418+00:00
kaggle-vllm-m3-allreduce-raw-v1,kaggle-vllm-m3-two-rank-nccl-allreduce-v1,16384,float16,2,4,43,100.35199671983719,93.82399916648865,100.35199671983719,20,100,2026-09-07T21:16:01.975418+00:00
kaggle-vllm-m3-allreduce-raw-v1,kaggle-vllm-m3-two-rank-nccl-allreduce-v1,16384,float16,2,4,44,96.22400254011154,107.19999670982361,107.19999670982361,20,100,2026-09-07T21:16:01.975418+00:00
kaggle-vllm-m3-allreduce-raw-v1,kaggle-vllm-m3-two-rank-nccl-allreduce-v1,16384,float16,2,4,45,90.11200070381165,88.0960002541542,90.11200070381165,20,100,2026-09-07T21:16:01.975418+00:00
kaggle-vllm-m3-allreduce-raw-v1,kaggle-vllm-m3-two-rank-nccl-allreduce-v1,16384,float16,2,4,46,90.87999910116196,97.85600006580353,97.85600006580353,20,100,2026-09-07T21:16:01.975418+00:00
kaggle-vllm-m3-allreduce-raw-v1,kaggle-vllm-m3-two-rank-nccl-allreduce-v1,16384,float16,2,4,47,101.82400047779083,98.30400347709656,101.82400047779083,20,100,2026-09-07T21:16:01.975418+00:00
kaggle-vllm-m3-allreduce-raw-v1,kaggle-vllm-m3-two-rank-nccl-allreduce-v1,16384,float16,2,4,48,86.94399893283844,100.38399696350098,100.38399696350098,20,100,2026-09-07T21:16:01.975418+00:00
kaggle-vllm-m3-allreduce-raw-v1,kaggle-vllm-m3-two-rank-nccl-allreduce-v1,16384,float16,2,4,49,104.032002389431,102.9760017991066,104.032002389431,20,100,2026-09-07T21:16:01.975418+00:00
kaggle-vllm-m3-allreduce-raw-v1,kaggle-vllm-m3-two-rank-nccl-allreduce-v1,16384,float16,2,4,50,84.54400300979614,88.128000497818,88.128000497818,20,100,2026-09-07T21:16:01.975418+00:00
kaggle-vllm-m3-allreduce-raw-v1,kaggle-vllm-m3-two-rank-nccl-allreduce-v1,16384,float16,2,4,51,92.51199662685394,87.42400258779526,92.51199662685394,20,100,2026-09-07T21:16:01.975418+00:00
kaggle-vllm-m3-allreduce-raw-v1,kaggle-vllm-m3-two-rank-nccl-allreduce-v1,16384,float16,2,4,52,136.1600011587143,155.64799308776855,155.64799308776855,20,100,2026-09-07T21:16:01.975418+00:00
kaggle-vllm-m3-allreduce-raw-v1,kaggle-vllm-m3-two-rank-nccl-allreduce-v1,16384,float16,2,4,53,86.496002972126,88.83199840784073,88.83199840784073,20,100,2026-09-07T21:16:01.975418+00:00
kaggle-vllm-m3-allreduce-raw-v1,kaggle-vllm-m3-two-rank-nccl-allreduce-v1,16384,float16,2,4,54,85.75999736785889,86.496002972126,86.496002972126,20,100,2026-09-07T21:16:01.975418+00:00
kaggle-vllm-m3-allreduce-raw-v1,kaggle-vllm-m3-two-rank-nccl-allreduce-v1,16384,float16,2,4,55,91.2960022687912,87.5839963555336,91.2960022687912,20,100,2026-09-07T21:16:01.975418+00:00
kaggle-vllm-m3-allreduce-raw-v1,kaggle-vllm-m3-two-rank-nccl-allreduce-v1,16384,float16,2,4,56,115.64800143241882,121.50400131940842,121.50400131940842,20,100,2026-09-07T21:16:01.975418+00:00
kaggle-vllm-m3-allreduce-raw-v1,kaggle-vllm-m3-two-rank-nccl-allreduce-v1,16384,float16,2,4,57,99.45599734783173,102.39999741315842,102.39999741315842,20,100,2026-09-07T21:16:01.975418+00:00
kaggle-vllm-m3-allreduce-raw-v1,kaggle-vllm-m3-two-rank-nccl-allreduce-v1,16384,float16,2,4,58,94.52799707651138,145.37599682807922,145.37599682807922,20,100,2026-09-07T21:16:01.975418+00:00
kaggle-vllm-m3-allreduce-raw-v1,kaggle-vllm-m3-two-rank-nccl-allreduce-v1,16384,float16,2,4,59,96.3200032711029,104.96000200510025,104.96000200510025,20,100,2026-09-07T21:16:01.975418+00:00
kaggle-vllm-m3-allreduce-raw-v1,kaggle-vllm-m3-two-rank-nccl-allreduce-v1,16384,float16,2,4,60,83.55200290679932,89.08800035715103,89.08800035715103,20,100,2026-09-07T21:16:01.975418+00:00
kaggle-vllm-m3-allreduce-raw-v1,kaggle-vllm-m3-two-rank-nccl-allreduce-v1,16384,float16,2,4,61,81.91999793052673,137.7280056476593,137.7280056476593,20,100,2026-09-07T21:16:01.975418+00:00
kaggle-vllm-m3-allreduce-raw-v1,kaggle-vllm-m3-two-rank-nccl-allreduce-v1,16384,float16,2,4,62,86.01599931716919,86.84799820184708,86.84799820184708,20,100,2026-09-07T21:16:01.975418+00:00
kaggle-vllm-m3-allreduce-raw-v1,kaggle-vllm-m3-two-rank-nccl-allreduce-v1,16384,float16,2,4,63,84.57600325345993,88.8959988951683,88.8959988951683,20,100,2026-09-07T21:16:01.975418+00:00
kaggle-vllm-m3-allreduce-raw-v1,kaggle-vllm-m3-two-rank-nccl-allreduce-v1,16384,float16,2,4,64,90.43200314044952,86.36800199747086,90.43200314044952,20,100,2026-09-07T21:16:01.975418+00:00
kaggle-vllm-m3-allreduce-raw-v1,kaggle-vllm-m3-two-rank-nccl-allreduce-v1,16384,float16,2,4,65,84.83199775218964,99.7759997844696,99.7759997844696,20,100,2026-09-07T21:16:01.975418+00:00
kaggle-vllm-m3-allreduce-raw-v1,kaggle-vllm-m3-two-rank-nccl-allreduce-v1,16384,float16,2,4,66,95.20000219345093,96.51199728250504,96.51199728250504,20,100,2026-09-07T21:16:01.975418+00:00
kaggle-vllm-m3-allreduce-raw-v1,kaggle-vllm-m3-two-rank-nccl-allreduce-v1,16384,float16,2,4,67,84.60800349712372,89.79199826717377,89.79199826717377,20,100,2026-09-07T21:16:01.975418+00:00
kaggle-vllm-m3-allreduce-raw-v1,kaggle-vllm-m3-two-rank-nccl-allreduce-v1,16384,float16,2,4,68,119.23199892044067,104.41599786281586,119.23199892044067,20,100,2026-09-07T21:16:01.975418+00:00
kaggle-vllm-m3-allreduce-raw-v1,kaggle-vllm-m3-two-rank-nccl-allreduce-v1,16384,float16,2,4,69,80.79999685287476,93.44000369310379,93.44000369310379,20,100,2026-09-07T21:16:01.975418+00:00
kaggle-vllm-m3-allreduce-raw-v1,kaggle-vllm-m3-two-rank-nccl-allreduce-v1,16384,float16,2,4,70,83.39200168848038,88.06400001049042,88.06400001049042,20,100,2026-09-07T21:16:01.975418+00:00
kaggle-vllm-m3-allreduce-raw-v1,kaggle-vllm-m3-two-rank-nccl-allreduce-v1,16384,float16,2,4,71,126.94400548934937,153.05599570274353,153.05599570274353,20,100,2026-09-07T21:16:01.975418+00:00
kaggle-vllm-m3-allreduce-raw-v1,kaggle-vllm-m3-two-rank-nccl-allreduce-v1,16384,float16,2,4,72,131.071999669075,111.93600296974182,131.071999669075,20,100,2026-09-07T21:16:01.975418+00:00
kaggle-vllm-m3-allreduce-raw-v1,kaggle-vllm-m3-two-rank-nccl-allreduce-v1,16384,float16,2,4,73,90.7839983701706,103.93600165843964,103.93600165843964,20,100,2026-09-07T21:16:01.975418+00:00
kaggle-vllm-m3-allreduce-raw-v1,kaggle-vllm-m3-two-rank-nccl-allreduce-v1,16384,float16,2,4,74,118.65600198507309,120.83200365304947,120.83200365304947,20,100,2026-09-07T21:16:01.975418+00:00
kaggle-vllm-m3-allreduce-raw-v1,kaggle-vllm-m3-two-rank-nccl-allreduce-v1,16384,float16,2,4,75,89.9519994854927,90.7519981265068,90.7519981265068,20,100,2026-09-07T21:16:01.975418+00:00
kaggle-vllm-m3-allreduce-raw-v1,kaggle-vllm-m3-two-rank-nccl-allreduce-v1,16384,float16,2,4,76,90.4960036277771,86.91199868917465,90.4960036277771,20,100,2026-09-07T21:16:01.975418+00:00
kaggle-vllm-m3-allreduce-raw-v1,kaggle-vllm-m3-two-rank-nccl-allreduce-v1,16384,float16,2,4,77,113.3119985461235,142.97600090503693,142.97600090503693,20,100,2026-09-07T21:16:01.975418+00:00
kaggle-vllm-m3-allreduce-raw-v1,kaggle-vllm-m3-two-rank-nccl-allreduce-v1,16384,float16,2,4,78,82.20800012350082,110.01600325107574,110.01600325107574,20,100,2026-09-07T21:16:01.975418+00:00
kaggle-vllm-m3-allreduce-raw-v1,kaggle-vllm-m3-two-rank-nccl-allreduce-v1,16384,float16,2,4,79,85.7279971241951,85.60000360012054,85.7279971241951,20,100,2026-09-07T21:16:01.975418+00:00
kaggle-vllm-m3-allreduce-raw-v1,kaggle-vllm-m3-two-rank-nccl-allreduce-v1,16384,float16,2,4,80,82.36800134181976,85.37600189447403,85.37600189447403,20,100,2026-09-07T21:16:01.975418+00:00
kaggle-vllm-m3-allreduce-raw-v1,kaggle-vllm-m3-two-rank-nccl-allreduce-v1,16384,float16,2,4,81,93.79199892282486,97.98400104045868,97.98400104045868,20,100,2026-09-07T21:16:01.975418+00:00
kaggle-vllm-m3-allreduce-raw-v1,kaggle-vllm-m3-two-rank-nccl-allreduce-v1,16384,float16,2,4,82,86.27200126647949,90.11200070381165,90.11200070381165,20,100,2026-09-07T21:16:01.975418+00:00
kaggle-vllm-m3-allreduce-raw-v1,kaggle-vllm-m3-two-rank-nccl-allreduce-v1,16384,float16,2,4,83,81.91999793052673,85.9839990735054,85.9839990735054,20,100,2026-09-07T21:16:01.975418+00:00
kaggle-vllm-m3-allreduce-raw-v1,kaggle-vllm-m3-two-rank-nccl-allreduce-v1,16384,float16,2,4,84,88.06400001049042,91.39200299978256,91.39200299978256,20,100,2026-09-07T21:16:01.975418+00:00
kaggle-vllm-m3-allreduce-raw-v1,kaggle-vllm-m3-two-rank-nccl-allreduce-v1,16384,float16,2,4,85,89.79199826717377,95.07200121879578,95.07200121879578,20,100,2026-09-07T21:16:01.975418+00:00
kaggle-vllm-m3-allreduce-raw-v1,kaggle-vllm-m3-two-rank-nccl-allreduce-v1,16384,float16,2,4,86,83.10399949550629,87.39200234413147,87.39200234413147,20,100,2026-09-07T21:16:01.975418+00:00
kaggle-vllm-m3-allreduce-raw-v1,kaggle-vllm-m3-two-rank-nccl-allreduce-v1,16384,float16,2,4,87,106.49599879980087,141.12000167369843,141.12000167369843,20,100,2026-09-07T21:16:01.975418+00:00
kaggle-vllm-m3-allreduce-raw-v1,kaggle-vllm-m3-two-rank-nccl-allreduce-v1,16384,float16,2,4,88,98.49599748849869,101.6319990158081,101.6319990158081,20,100,2026-09-07T21:16:01.975418+00:00
kaggle-vllm-m3-allreduce-raw-v1,kaggle-vllm-m3-two-rank-nccl-allreduce-v1,16384,float16,2,4,89,95.23200243711472,109.92000252008438,109.92000252008438,20,100,2026-09-07T21:16:01.975418+00:00
kaggle-vllm-m3-allreduce-raw-v1,kaggle-vllm-m3-two-rank-nccl-allreduce-v1,16384,float16,2,4,90,120.2239990234375,120.80000340938568,120.80000340938568,20,100,2026-09-07T21:16:01.975418+00:00
kaggle-vllm-m3-allreduce-raw-v1,kaggle-vllm-m3-two-rank-nccl-allreduce-v1,16384,float16,2,4,91,94.4959968328476,98.08000177145004,98.08000177145004,20,100,2026-09-07T21:16:01.975418+00:00
kaggle-vllm-m3-allreduce-raw-v1,kaggle-vllm-m3-two-rank-nccl-allreduce-v1,16384,float16,2,4,92,90.91199934482574,86.496002972126,90.91199934482574,20,100,2026-09-07T21:16:01.975418+00:00
kaggle-vllm-m3-allreduce-raw-v1,kaggle-vllm-m3-two-rank-nccl-allreduce-v1,16384,float16,2,4,93,89.59999680519104,83.8719978928566,89.59999680519104,20,100,2026-09-07T21:16:01.975418+00:00
kaggle-vllm-m3-allreduce-raw-v1,kaggle-vllm-m3-two-rank-nccl-allreduce-v1,16384,float16,2,4,94,82.24000036716461,98.2080027461052,98.2080027461052,20,100,2026-09-07T21:16:01.975418+00:00
kaggle-vllm-m3-allreduce-raw-v1,kaggle-vllm-m3-two-rank-nccl-allreduce-v1,16384,float16,2,4,95,94.52799707651138,99.13600236177444,99.13600236177444,20,100,2026-09-07T21:16:01.975418+00:00
kaggle-vllm-m3-allreduce-raw-v1,kaggle-vllm-m3-two-rank-nccl-allreduce-v1,16384,float16,2,4,96,83.03999900817871,83.96799862384796,83.96799862384796,20,100,2026-09-07T21:16:01.975418+00:00
kaggle-vllm-m3-allreduce-raw-v1,kaggle-vllm-m3-two-rank-nccl-allreduce-v1,16384,float16,2,4,97,92.86399930715561,88.03199976682663,92.86399930715561,20,100,2026-09-07T21:16:01.975418+00:00
kaggle-vllm-m3-allreduce-raw-v1,kaggle-vllm-m3-two-rank-nccl-allreduce-v1,16384,float16,2,4,98,83.36000144481659,90.4960036277771,90.4960036277771,20,100,2026-09-07T21:16:01.975418+00:00
kaggle-vllm-m3-allreduce-raw-v1,kaggle-vllm-m3-two-rank-nccl-allreduce-v1,16384,float16,2,4,99,83.52000266313553,85.63199639320374,85.63199639320374,20,100,2026-09-07T21:16:01.975418+00:00
kaggle-vllm-m3-allreduce-raw-v1,kaggle-vllm-m3-two-rank-nccl-allreduce-v1,65536,float16,2,4,0,110.62400043010712,112.67200112342834,112.67200112342834,20,100,2026-09-07T21:16:02.015839+00:00
kaggle-vllm-m3-allreduce-raw-v1,kaggle-vllm-m3-two-rank-nccl-allreduce-v1,65536,float16,2,4,1,96.3200032711029,174.40000176429749,174.40000176429749,20,100,2026-09-07T21:16:02.015839+00:00
kaggle-vllm-m3-allreduce-raw-v1,kaggle-vllm-m3-two-rank-nccl-allreduce-v1,65536,float16,2,4,2,98.14400225877762,95.77599912881851,98.14400225877762,20,100,2026-09-07T21:16:02.015839+00:00
kaggle-vllm-m3-allreduce-raw-v1,kaggle-vllm-m3-two-rank-nccl-allreduce-v1,65536,float16,2,4,3,96.70399874448776,98.33600372076035,98.33600372076035,20,100,2026-09-07T21:16:02.015839+00:00
kaggle-vllm-m3-allreduce-raw-v1,kaggle-vllm-m3-two-rank-nccl-allreduce-v1,65536,float16,2,4,4,105.79200088977814,95.64799815416336,105.79200088977814,20,100,2026-09-07T21:16:02.015839+00:00
kaggle-vllm-m3-allreduce-raw-v1,kaggle-vllm-m3-two-rank-nccl-allreduce-v1,65536,float16,2,4,5,97.95200079679489,98.59199821949005,98.59199821949005,20,100,2026-09-07T21:16:02.015839+00:00
kaggle-vllm-m3-allreduce-raw-v1,kaggle-vllm-m3-two-rank-nccl-allreduce-v1,65536,float16,2,4,6,124.70400333404541,102.39999741315842,124.70400333404541,20,100,2026-09-07T21:16:02.015839+00:00
kaggle-vllm-m3-allreduce-raw-v1,kaggle-vllm-m3-two-rank-nccl-allreduce-v1,65536,float16,2,4,7,102.1760031580925,139.23199474811554,139.23199474811554,20,100,2026-09-07T21:16:02.015839+00:00
kaggle-vllm-m3-allreduce-raw-v1,kaggle-vllm-m3-two-rank-nccl-allreduce-v1,65536,float16,2,4,8,189.66400623321533,3272.7038860321045,3272.7038860321045,20,100,2026-09-07T21:16:02.015839+00:00
kaggle-vllm-m3-allreduce-raw-v1,kaggle-vllm-m3-two-rank-nccl-allreduce-v1,65536,float16,2,4,9,108.31999778747559,116.2559986114502,116.2559986114502,20,100,2026-09-07T21:16:02.015839+00:00
kaggle-vllm-m3-allreduce-raw-v1,kaggle-vllm-m3-two-rank-nccl-allreduce-v1,65536,float16,2,4,10,98.04800152778625,102.11200267076492,102.11200267076492,20,100,2026-09-07T21:16:02.015839+00:00
kaggle-vllm-m3-allreduce-raw-v1,kaggle-vllm-m3-two-rank-nccl-allreduce-v1,65536,float16,2,4,11,102.39999741315842,105.31199723482132,105.31199723482132,20,100,2026-09-07T21:16:02.015839+00:00
kaggle-vllm-m3-allreduce-raw-v1,kaggle-vllm-m3-two-rank-nccl-allreduce-v1,65536,float16,2,4,12,106.49599879980087,95.0080007314682,106.49599879980087,20,100,2026-09-07T21:16:02.015839+00:00
kaggle-vllm-m3-allreduce-raw-v1,kaggle-vllm-m3-two-rank-nccl-allreduce-v1,65536,float16,2,4,13,96.28800302743912,100.832000374794,100.832000374794,20,100,2026-09-07T21:16:02.015839+00:00
kaggle-vllm-m3-allreduce-raw-v1,kaggle-vllm-m3-two-rank-nccl-allreduce-v1,65536,float16,2,4,14,102.94400155544281,98.65599870681763,102.94400155544281,20,100,2026-09-07T21:16:02.015839+00:00
kaggle-vllm-m3-allreduce-raw-v1,kaggle-vllm-m3-two-rank-nccl-allreduce-v1,65536,float16,2,4,15,99.04000163078308,108.51199924945831,108.51199924945831,20,100,2026-09-07T21:16:02.015839+00:00
kaggle-vllm-m3-allreduce-raw-v1,kaggle-vllm-m3-two-rank-nccl-allreduce-v1,65536,float16,2,4,16,110.17599701881409,145.24799585342407,145.24799585342407,20,100,2026-09-07T21:16:02.015839+00:00
kaggle-vllm-m3-allreduce-raw-v1,kaggle-vllm-m3-two-rank-nccl-allreduce-v1,65536,float16,2,4,17,136.4160031080246,126.14400684833527,136.4160031080246,20,100,2026-09-07T21:16:02.015839+00:00
kaggle-vllm-m3-allreduce-raw-v1,kaggle-vllm-m3-two-rank-nccl-allreduce-v1,65536,float16,2,4,18,95.96800059080124,96.38399630784988,96.38399630784988,20,100,2026-09-07T21:16:02.015839+00:00
kaggle-vllm-m3-allreduce-raw-v1,kaggle-vllm-m3-two-rank-nccl-allreduce-v1,65536,float16,2,4,19,100.41599720716476,102.08000242710114,102.08000242710114,20,100,2026-09-07T21:16:02.015839+00:00
kaggle-vllm-m3-allreduce-raw-v1,kaggle-vllm-m3-two-rank-nccl-allreduce-v1,65536,float16,2,4,20,105.02400249242783,98.33600372076035,105.02400249242783,20,100,2026-09-07T21:16:02.015839+00:00
kaggle-vllm-m3-allreduce-raw-v1,kaggle-vllm-m3-two-rank-nccl-allreduce-v1,65536,float16,2,4,21,102.4319976568222,94.2080020904541,102.4319976568222,20,100,2026-09-07T21:16:02.015839+00:00
kaggle-vllm-m3-allreduce-raw-v1,kaggle-vllm-m3-two-rank-nccl-allreduce-v1,65536,float16,2,4,22,100.03200173377991,137.56799697875977,137.56799697875977,20,100,2026-09-07T21:16:02.015839+00:00
kaggle-vllm-m3-allreduce-raw-v1,kaggle-vllm-m3-two-rank-nccl-allreduce-v1,65536,float16,2,4,23,92.19200164079666,94.2080020904541,94.2080020904541,20,100,2026-09-07T21:16:02.015839+00:00
kaggle-vllm-m3-allreduce-raw-v1,kaggle-vllm-m3-two-rank-nccl-allreduce-v1,65536,float16,2,4,24,110.01600325107574,112.73600161075592,112.73600161075592,20,100,2026-09-07T21:16:02.015839+00:00
kaggle-vllm-m3-allreduce-raw-v1,kaggle-vllm-m3-two-rank-nccl-allreduce-v1,65536,float16,2,4,25,116.19199812412262,117.21599847078323,117.21599847078323,20,100,2026-09-07T21:16:02.015839+00:00
kaggle-vllm-m3-allreduce-raw-v1,kaggle-vllm-m3-two-rank-nccl-allreduce-v1,65536,float16,2,4,26,114.68800157308578,115.00799655914307,115.00799655914307,20,100,2026-09-07T21:16:02.015839+00:00
kaggle-vllm-m3-allreduce-raw-v1,kaggle-vllm-m3-two-rank-nccl-allreduce-v1,65536,float16,2,4,27,92.73599833250046,96.28800302743912,96.28800302743912,20,100,2026-09-07T21:16:02.015839+00:00
kaggle-vllm-m3-allreduce-raw-v1,kaggle-vllm-m3-two-rank-nccl-allreduce-v1,65536,float16,2,4,28,106.49599879980087,102.46399790048599,106.49599879980087,20,100,2026-09-07T21:16:02.015839+00:00
kaggle-vllm-m3-allreduce-raw-v1,kaggle-vllm-m3-two-rank-nccl-allreduce-v1,65536,float16,2,4,29,110.07999628782272,104.47999835014343,110.07999628782272,20,100,2026-09-07T21:16:02.015839+00:00
kaggle-vllm-m3-allreduce-raw-v1,kaggle-vllm-m3-two-rank-nccl-allreduce-v1,65536,float16,2,4,30,100.12800246477127,112.73600161075592,112.73600161075592,20,100,2026-09-07T21:16:02.015839+00:00
kaggle-vllm-m3-allreduce-raw-v1,kaggle-vllm-m3-two-rank-nccl-allreduce-v1,65536,float16,2,4,31,102.49599814414978,108.31999778747559,108.31999778747559,20,100,2026-09-07T21:16:02.015839+00:00
kaggle-vllm-m3-allreduce-raw-v1,kaggle-vllm-m3-two-rank-nccl-allreduce-v1,65536,float16,2,4,32,108.51199924945831,102.30399668216705,108.51199924945831,20,100,2026-09-07T21:16:02.015839+00:00
kaggle-vllm-m3-allreduce-raw-v1,kaggle-vllm-m3-two-rank-nccl-allreduce-v1,65536,float16,2,4,33,95.32800316810608,96.03200107812881,96.03200107812881,20,100,2026-09-07T21:16:02.015839+00:00
kaggle-vllm-m3-allreduce-raw-v1,kaggle-vllm-m3-two-rank-nccl-allreduce-v1,65536,float16,2,4,34,91.61599725484848,90.46400338411331,91.61599725484848,20,100,2026-09-07T21:16:02.015839+00:00
kaggle-vllm-m3-allreduce-raw-v1,kaggle-vllm-m3-two-rank-nccl-allreduce-v1,65536,float16,2,4,35,94.24000233411789,102.11200267076492,102.11200267076492,20,100,2026-09-07T21:16:02.015839+00:00
kaggle-vllm-m3-allreduce-raw-v1,kaggle-vllm-m3-two-rank-nccl-allreduce-v1,65536,float16,2,4,36,96.67199850082397,94.87999975681305,96.67199850082397,20,100,2026-09-07T21:16:02.015839+00:00
kaggle-vllm-m3-allreduce-raw-v1,kaggle-vllm-m3-two-rank-nccl-allreduce-v1,65536,float16,2,4,37,96.38399630784988,94.2080020904541,96.38399630784988,20,100,2026-09-07T21:16:02.015839+00:00
kaggle-vllm-m3-allreduce-raw-v1,kaggle-vllm-m3-two-rank-nccl-allreduce-v1,65536,float16,2,4,38,95.87199985980988,96.03200107812881,96.03200107812881,20,100,2026-09-07T21:16:02.015839+00:00
kaggle-vllm-m3-allreduce-raw-v1,kaggle-vllm-m3-two-rank-nccl-allreduce-v1,65536,float16,2,4,39,90.59199690818787,91.16800129413605,91.16800129413605,20,100,2026-09-07T21:16:02.015839+00:00
kaggle-vllm-m3-allreduce-raw-v1,kaggle-vllm-m3-two-rank-nccl-allreduce-v1,65536,float16,2,4,40,90.87999910116196,94.24000233411789,94.24000233411789,20,100,2026-09-07T21:16:02.015839+00:00
kaggle-vllm-m3-allreduce-raw-v1,kaggle-vllm-m3-two-rank-nccl-allreduce-v1,65536,float16,2,4,41,145.05599439144135,121.69600278139114,145.05599439144135,20,100,2026-09-07T21:16:02.015839+00:00
kaggle-vllm-m3-allreduce-raw-v1,kaggle-vllm-m3-two-rank-nccl-allreduce-v1,65536,float16,2,4,42,2151.0400772094727,120.7360029220581,2151.0400772094727,20,100,2026-09-07T21:16:02.015839+00:00
kaggle-vllm-m3-allreduce-raw-v1,kaggle-vllm-m3-two-rank-nccl-allreduce-v1,65536,float16,2,4,43,120.86399644613266,112.86400258541107,120.86399644613266,20,100,2026-09-07T21:16:02.015839+00:00
kaggle-vllm-m3-allreduce-raw-v1,kaggle-vllm-m3-two-rank-nccl-allreduce-v1,65536,float16,2,4,44,104.16000336408615,131.1040073633194,131.1040073633194,20,100,2026-09-07T21:16:02.015839+00:00
kaggle-vllm-m3-allreduce-raw-v1,kaggle-vllm-m3-two-rank-nccl-allreduce-v1,65536,float16,2,4,45,95.71199864149094,95.93600034713745,95.93600034713745,20,100,2026-09-07T21:16:02.015839+00:00
kaggle-vllm-m3-allreduce-raw-v1,kaggle-vllm-m3-two-rank-nccl-allreduce-v1,65536,float16,2,4,46,94.17600184679031,94.24000233411789,94.24000233411789,20,100,2026-09-07T21:16:02.015839+00:00
kaggle-vllm-m3-allreduce-raw-v1,kaggle-vllm-m3-two-rank-nccl-allreduce-v1,65536,float16,2,4,47,137.11999356746674,103.07200253009796,137.11999356746674,20,100,2026-09-07T21:16:02.015839+00:00
kaggle-vllm-m3-allreduce-raw-v1,kaggle-vllm-m3-two-rank-nccl-allreduce-v1,65536,float16,2,4,48,94.2080020904541,94.33600306510925,94.33600306510925,20,100,2026-09-07T21:16:02.015839+00:00
kaggle-vllm-m3-allreduce-raw-v1,kaggle-vllm-m3-two-rank-nccl-allreduce-v1,65536,float16,2,4,49,92.25600212812424,96.54399752616882,96.54399752616882,20,100,2026-09-07T21:16:02.015839+00:00
kaggle-vllm-m3-allreduce-raw-v1,kaggle-vllm-m3-two-rank-nccl-allreduce-v1,65536,float16,2,4,50,92.8959995508194,92.16000139713287,92.8959995508194,20,100,2026-09-07T21:16:02.015839+00:00
kaggle-vllm-m3-allreduce-raw-v1,kaggle-vllm-m3-two-rank-nccl-allreduce-v1,65536,float16,2,4,51,95.51999717950821,99.35999661684036,99.35999661684036,20,100,2026-09-07T21:16:02.015839+00:00
kaggle-vllm-m3-allreduce-raw-v1,kaggle-vllm-m3-two-rank-nccl-allreduce-v1,65536,float16,2,4,52,94.24000233411789,91.13600105047226,94.24000233411789,20,100,2026-09-07T21:16:02.015839+00:00
kaggle-vllm-m3-allreduce-raw-v1,kaggle-vllm-m3-two-rank-nccl-allreduce-v1,65536,float16,2,4,53,100.28800368309021,94.11200135946274,100.28800368309021,20,100,2026-09-07T21:16:02.015839+00:00
kaggle-vllm-m3-allreduce-raw-v1,kaggle-vllm-m3-two-rank-nccl-allreduce-v1,65536,float16,2,4,54,100.51199793815613,94.24000233411789,100.51199793815613,20,100,2026-09-07T21:16:02.015839+00:00
kaggle-vllm-m3-allreduce-raw-v1,kaggle-vllm-m3-two-rank-nccl-allreduce-v1,65536,float16,2,4,55,98.52799773216248,100.35199671983719,100.35199671983719,20,100,2026-09-07T21:16:02.015839+00:00
kaggle-vllm-m3-allreduce-raw-v1,kaggle-vllm-m3-two-rank-nccl-allreduce-v1,65536,float16,2,4,56,95.58399766683578,108.51199924945831,108.51199924945831,20,100,2026-09-07T21:16:02.015839+00:00
kaggle-vllm-m3-allreduce-raw-v1,kaggle-vllm-m3-two-rank-nccl-allreduce-v1,65536,float16,2,4,57,182.23999440670013,165.15199840068817,182.23999440670013,20,100,2026-09-07T21:16:02.015839+00:00
kaggle-vllm-m3-allreduce-raw-v1,kaggle-vllm-m3-two-rank-nccl-allreduce-v1,65536,float16,2,4,58,124.60800260305405,117.95199662446976,124.60800260305405,20,100,2026-09-07T21:16:02.015839+00:00
kaggle-vllm-m3-allreduce-raw-v1,kaggle-vllm-m3-two-rank-nccl-allreduce-v1,65536,float16,2,4,59,95.8079993724823,97.120001912117,97.120001912117,20,100,2026-09-07T21:16:02.015839+00:00
kaggle-vllm-m3-allreduce-raw-v1,kaggle-vllm-m3-two-rank-nccl-allreduce-v1,65536,float16,2,4,60,150.01599490642548,137.2479945421219,150.01599490642548,20,100,2026-09-07T21:16:02.015839+00:00
kaggle-vllm-m3-allreduce-raw-v1,kaggle-vllm-m3-two-rank-nccl-allreduce-v1,65536,float16,2,4,61,94.08000111579895,91.64799749851227,94.08000111579895,20,100,2026-09-07T21:16:02.015839+00:00
kaggle-vllm-m3-allreduce-raw-v1,kaggle-vllm-m3-two-rank-nccl-allreduce-v1,65536,float16,2,4,62,92.16000139713287,92.51199662685394,92.51199662685394,20,100,2026-09-07T21:16:02.015839+00:00
kaggle-vllm-m3-allreduce-raw-v1,kaggle-vllm-m3-two-rank-nccl-allreduce-v1,65536,float16,2,4,63,89.79199826717377,90.14400094747543,90.14400094747543,20,100,2026-09-07T21:16:02.015839+00:00
kaggle-vllm-m3-allreduce-raw-v1,kaggle-vllm-m3-two-rank-nccl-allreduce-v1,65536,float16,2,4,64,94.52799707651138,93.9520001411438,94.52799707651138,20,100,2026-09-07T21:16:02.015839+00:00
kaggle-vllm-m3-allreduce-raw-v1,kaggle-vllm-m3-two-rank-nccl-allreduce-v1,65536,float16,2,4,65,92.12800115346909,96.25600278377533,96.25600278377533,20,100,2026-09-07T21:16:02.015839+00:00
kaggle-vllm-m3-allreduce-raw-v1,kaggle-vllm-m3-two-rank-nccl-allreduce-v1,65536,float16,2,4,66,97.6639986038208,94.01600062847137,97.6639986038208,20,100,2026-09-07T21:16:02.015839+00:00
kaggle-vllm-m3-allreduce-raw-v1,kaggle-vllm-m3-two-rank-nccl-allreduce-v1,65536,float16,2,4,67,95.551997423172,95.2640026807785,95.551997423172,20,100,2026-09-07T21:16:02.015839+00:00
kaggle-vllm-m3-allreduce-raw-v1,kaggle-vllm-m3-two-rank-nccl-allreduce-v1,65536,float16,2,4,68,92.19200164079666,91.45600348711014,92.19200164079666,20,100,2026-09-07T21:16:02.015839+00:00
kaggle-vllm-m3-allreduce-raw-v1,kaggle-vllm-m3-two-rank-nccl-allreduce-v1,65536,float16,2,4,69,91.39200299978256,92.67199784517288,92.67199784517288,20,100,2026-09-07T21:16:02.015839+00:00
kaggle-vllm-m3-allreduce-raw-v1,kaggle-vllm-m3-two-rank-nccl-allreduce-v1,65536,float16,2,4,70,136.73600554466248,109.69600081443787,136.73600554466248,20,100,2026-09-07T21:16:02.015839+00:00
kaggle-vllm-m3-allreduce-raw-v1,kaggle-vllm-m3-two-rank-nccl-allreduce-v1,65536,float16,2,4,71,96.09600156545639,96.25600278377533,96.25600278377533,20,100,2026-09-07T21:16:02.015839+00:00
kaggle-vllm-m3-allreduce-raw-v1,kaggle-vllm-m3-two-rank-nccl-allreduce-v1,65536,float16,2,4,72,100.22400319576263,98.30400347709656,100.22400319576263,20,100,2026-09-07T21:16:02.015839+00:00
kaggle-vllm-m3-allreduce-raw-v1,kaggle-vllm-m3-two-rank-nccl-allreduce-v1,65536,float16,2,4,73,97.75999933481216,96.25600278377533,97.75999933481216,20,100,2026-09-07T21:16:02.015839+00:00
kaggle-vllm-m3-allreduce-raw-v1,kaggle-vllm-m3-two-rank-nccl-allreduce-v1,65536,float16,2,4,74,94.97600048780441,94.33600306510925,94.97600048780441,20,100,2026-09-07T21:16:02.015839+00:00
kaggle-vllm-m3-allreduce-raw-v1,kaggle-vllm-m3-two-rank-nccl-allreduce-v1,65536,float16,2,4,75,103.87200117111206,97.88800030946732,103.87200117111206,20,100,2026-09-07T21:16:02.015839+00:00
kaggle-vllm-m3-allreduce-raw-v1,kaggle-vllm-m3-two-rank-nccl-allreduce-v1,65536,float16,2,4,76,104.47999835014343,95.10400146245956,104.47999835014343,20,100,2026-09-07T21:16:02.015839+00:00
kaggle-vllm-m3-allreduce-raw-v1,kaggle-vllm-m3-two-rank-nccl-allreduce-v1,65536,float16,2,4,77,102.55999863147736,138.65600526332855,138.65600526332855,20,100,2026-09-07T21:16:02.015839+00:00
kaggle-vllm-m3-allreduce-raw-v1,kaggle-vllm-m3-two-rank-nccl-allreduce-v1,65536,float16,2,4,78,93.1520015001297,92.73599833250046,93.1520015001297,20,100,2026-09-07T21:16:02.015839+00:00
kaggle-vllm-m3-allreduce-raw-v1,kaggle-vllm-m3-two-rank-nccl-allreduce-v1,65536,float16,2,4,79,92.57599711418152,94.2080020904541,94.2080020904541,20,100,2026-09-07T21:16:02.015839+00:00
kaggle-vllm-m3-allreduce-raw-v1,kaggle-vllm-m3-two-rank-nccl-allreduce-v1,65536,float16,2,4,80,112.67200112342834,112.64000087976456,112.67200112342834,20,100,2026-09-07T21:16:02.015839+00:00
kaggle-vllm-m3-allreduce-raw-v1,kaggle-vllm-m3-two-rank-nccl-allreduce-v1,65536,float16,2,4,81,92.16000139713287,92.6079973578453,92.6079973578453,20,100,2026-09-07T21:16:02.015839+00:00
kaggle-vllm-m3-allreduce-raw-v1,kaggle-vllm-m3-two-rank-nccl-allreduce-v1,65536,float16,2,4,82,94.2080020904541,96.28800302743912,96.28800302743912,20,100,2026-09-07T21:16:02.015839+00:00
kaggle-vllm-m3-allreduce-raw-v1,kaggle-vllm-m3-two-rank-nccl-allreduce-v1,65536,float16,2,4,83,101.3759970664978,96.22400254011154,101.3759970664978,20,100,2026-09-07T21:16:02.015839+00:00
kaggle-vllm-m3-allreduce-raw-v1,kaggle-vllm-m3-two-rank-nccl-allreduce-v1,65536,float16,2,4,84,95.96800059080124,98.88000041246414,98.88000041246414,20,100,2026-09-07T21:16:02.015839+00:00
kaggle-vllm-m3-allreduce-raw-v1,kaggle-vllm-m3-two-rank-nccl-allreduce-v1,65536,float16,2,4,85,92.38400310277939,92.6399976015091,92.6399976015091,20,100,2026-09-07T21:16:02.015839+00:00
kaggle-vllm-m3-allreduce-raw-v1,kaggle-vllm-m3-two-rank-nccl-allreduce-v1,65536,float16,2,4,86,100.38399696350098,99.32799637317657,100.38399696350098,20,100,2026-09-07T21:16:02.015839+00:00
kaggle-vllm-m3-allreduce-raw-v1,kaggle-vllm-m3-two-rank-nccl-allreduce-v1,65536,float16,2,4,87,113.88800293207169,124.15999919176102,124.15999919176102,20,100,2026-09-07T21:16:02.015839+00:00
kaggle-vllm-m3-allreduce-raw-v1,kaggle-vllm-m3-two-rank-nccl-allreduce-v1,65536,float16,2,4,88,98.30400347709656,98.33600372076035,98.33600372076035,20,100,2026-09-07T21:16:02.015839+00:00
kaggle-vllm-m3-allreduce-raw-v1,kaggle-vllm-m3-two-rank-nccl-allreduce-v1,65536,float16,2,4,89,98.81599992513657,107.61599987745285,107.61599987745285,20,100,2026-09-07T21:16:02.015839+00:00
kaggle-vllm-m3-allreduce-raw-v1,kaggle-vllm-m3-two-rank-nccl-allreduce-v1,65536,float16,2,4,90,166.27199947834015,147.16799557209015,166.27199947834015,20,100,2026-09-07T21:16:02.015839+00:00
kaggle-vllm-m3-allreduce-raw-v1,kaggle-vllm-m3-two-rank-nccl-allreduce-v1,65536,float16,2,4,91,104.41599786281586,106.78400099277496,106.78400099277496,20,100,2026-09-07T21:16:02.015839+00:00
kaggle-vllm-m3-allreduce-raw-v1,kaggle-vllm-m3-two-rank-nccl-allreduce-v1,65536,float16,2,4,92,90.14400094747543,92.54399687051773,92.54399687051773,20,100,2026-09-07T21:16:02.015839+00:00
kaggle-vllm-m3-allreduce-raw-v1,kaggle-vllm-m3-two-rank-nccl-allreduce-v1,65536,float16,2,4,93,109.66400057077408,108.5439994931221,109.66400057077408,20,100,2026-09-07T21:16:02.015839+00:00
kaggle-vllm-m3-allreduce-raw-v1,kaggle-vllm-m3-two-rank-nccl-allreduce-v1,65536,float16,2,4,94,89.50400352478027,90.71999788284302,90.71999788284302,20,100,2026-09-07T21:16:02.015839+00:00
kaggle-vllm-m3-allreduce-raw-v1,kaggle-vllm-m3-two-rank-nccl-allreduce-v1,65536,float16,2,4,95,114.14399743080139,117.24799871444702,117.24799871444702,20,100,2026-09-07T21:16:02.015839+00:00
kaggle-vllm-m3-allreduce-raw-v1,kaggle-vllm-m3-two-rank-nccl-allreduce-v1,65536,float16,2,4,96,95.67999839782715,92.99200028181076,95.67999839782715,20,100,2026-09-07T21:16:02.015839+00:00
kaggle-vllm-m3-allreduce-raw-v1,kaggle-vllm-m3-two-rank-nccl-allreduce-v1,65536,float16,2,4,97,96.28800302743912,102.14400291442871,102.14400291442871,20,100,2026-09-07T21:16:02.015839+00:00
kaggle-vllm-m3-allreduce-raw-v1,kaggle-vllm-m3-two-rank-nccl-allreduce-v1,65536,float16,2,4,98,167.93599724769592,177.279993891716,177.279993891716,20,100,2026-09-07T21:16:02.015839+00:00
kaggle-vllm-m3-allreduce-raw-v1,kaggle-vllm-m3-two-rank-nccl-allreduce-v1,65536,float16,2,4,99,120.57600170373917,174.27200078964233,174.27200078964233,20,100,2026-09-07T21:16:02.015839+00:00
kaggle-vllm-m3-allreduce-raw-v1,kaggle-vllm-m3-two-rank-nccl-allreduce-v1,262144,float16,2,4,0,174.112007021904,168.70400309562683,174.112007021904,20,100,2026-09-07T21:16:02.059557+00:00
kaggle-vllm-m3-allreduce-raw-v1,kaggle-vllm-m3-two-rank-nccl-allreduce-v1,262144,float16,2,4,1,163.87200355529785,161.47199273109436,163.87200355529785,20,100,2026-09-07T21:16:02.059557+00:00
kaggle-vllm-m3-allreduce-raw-v1,kaggle-vllm-m3-two-rank-nccl-allreduce-v1,262144,float16,2,4,2,172.06400632858276,170.04799842834473,172.06400632858276,20,100,2026-09-07T21:16:02.059557+00:00
kaggle-vllm-m3-allreduce-raw-v1,kaggle-vllm-m3-two-rank-nccl-allreduce-v1,262144,float16,2,4,3,174.112007021904,173.43999445438385,174.112007021904,20,100,2026-09-07T21:16:02.059557+00:00
kaggle-vllm-m3-allreduce-raw-v1,kaggle-vllm-m3-two-rank-nccl-allreduce-v1,262144,float16,2,4,4,168.35199296474457,187.391996383667,187.391996383667,20,100,2026-09-07T21:16:02.059557+00:00
kaggle-vllm-m3-allreduce-raw-v1,kaggle-vllm-m3-two-rank-nccl-allreduce-v1,262144,float16,2,4,5,157.50400722026825,174.04800653457642,174.04800653457642,20,100,2026-09-07T21:16:02.059557+00:00
kaggle-vllm-m3-allreduce-raw-v1,kaggle-vllm-m3-two-rank-nccl-allreduce-v1,262144,float16,2,4,6,218.52800250053406,218.9120054244995,218.9120054244995,20,100,2026-09-07T21:16:02.059557+00:00
kaggle-vllm-m3-allreduce-raw-v1,kaggle-vllm-m3-two-rank-nccl-allreduce-v1,262144,float16,2,4,7,165.8560037612915,167.9680049419403,167.9680049419403,20,100,2026-09-07T21:16:02.059557+00:00
kaggle-vllm-m3-allreduce-raw-v1,kaggle-vllm-m3-two-rank-nccl-allreduce-v1,262144,float16,2,4,8,170.3999936580658,161.24799847602844,170.3999936580658,20,100,2026-09-07T21:16:02.059557+00:00
kaggle-vllm-m3-allreduce-raw-v1,kaggle-vllm-m3-two-rank-nccl-allreduce-v1,262144,float16,2,4,9,163.87200355529785,170.49600183963776,170.49600183963776,20,100,2026-09-07T21:16:02.059557+00:00
kaggle-vllm-m3-allreduce-raw-v1,kaggle-vllm-m3-two-rank-nccl-allreduce-v1,262144,float16,2,4,10,165.8879965543747,177.63200402259827,177.63200402259827,20,100,2026-09-07T21:16:02.059557+00:00
kaggle-vllm-m3-allreduce-raw-v1,kaggle-vllm-m3-two-rank-nccl-allreduce-v1,262144,float16,2,4,11,169.855996966362,166.143998503685,169.855996966362,20,100,2026-09-07T21:16:02.059557+00:00
kaggle-vllm-m3-allreduce-raw-v1,kaggle-vllm-m3-two-rank-nccl-allreduce-v1,262144,float16,2,4,12,171.64799571037292,168.47999393939972,171.64799571037292,20,100,2026-09-07T21:16:02.059557+00:00
kaggle-vllm-m3-allreduce-raw-v1,kaggle-vllm-m3-two-rank-nccl-allreduce-v1,262144,float16,2,4,13,169.98399794101715,169.37600076198578,169.98399794101715,20,100,2026-09-07T21:16:02.059557+00:00
kaggle-vllm-m3-allreduce-raw-v1,kaggle-vllm-m3-two-rank-nccl-allreduce-v1,262144,float16,2,4,14,176.15999281406403,173.0560064315796,176.15999281406403,20,100,2026-09-07T21:16:02.059557+00:00
kaggle-vllm-m3-allreduce-raw-v1,kaggle-vllm-m3-two-rank-nccl-allreduce-v1,262144,float16,2,4,15,190.49599766731262,189.85599279403687,190.49599766731262,20,100,2026-09-07T21:16:02.059557+00:00
kaggle-vllm-m3-allreduce-raw-v1,kaggle-vllm-m3-two-rank-nccl-allreduce-v1,262144,float16,2,4,16,173.15199971199036,163.68000209331512,173.15199971199036,20,100,2026-09-07T21:16:02.059557+00:00
kaggle-vllm-m3-allreduce-raw-v1,kaggle-vllm-m3-two-rank-nccl-allreduce-v1,262144,float16,2,4,17,165.12000560760498,167.9680049419403,167.9680049419403,20,100,2026-09-07T21:16:02.059557+00:00
kaggle-vllm-m3-allreduce-raw-v1,kaggle-vllm-m3-two-rank-nccl-allreduce-v1,262144,float16,2,4,18,168.03200542926788,167.9999977350235,168.03200542926788,20,100,2026-09-07T21:16:02.059557+00:00
kaggle-vllm-m3-allreduce-raw-v1,kaggle-vllm-m3-two-rank-nccl-allreduce-v1,262144,float16,2,4,19,169.21600699424744,207.0080041885376,207.0080041885376,20,100,2026-09-07T21:16:02.059557+00:00
kaggle-vllm-m3-allreduce-raw-v1,kaggle-vllm-m3-two-rank-nccl-allreduce-v1,262144,float16,2,4,20,168.03200542926788,165.8879965543747,168.03200542926788,20,100,2026-09-07T21:16:02.059557+00:00
kaggle-vllm-m3-allreduce-raw-v1,kaggle-vllm-m3-two-rank-nccl-allreduce-v1,262144,float16,2,4,21,169.5999950170517,159.7760021686554,169.5999950170517,20,100,2026-09-07T21:16:02.059557+00:00
kaggle-vllm-m3-allreduce-raw-v1,kaggle-vllm-m3-two-rank-nccl-allreduce-v1,262144,float16,2,4,22,175.58400332927704,172.06400632858276,175.58400332927704,20,100,2026-09-07T21:16:02.059557+00:00
kaggle-vllm-m3-allreduce-raw-v1,kaggle-vllm-m3-two-rank-nccl-allreduce-v1,262144,float16,2,4,23,159.7760021686554,162.75200247764587,162.75200247764587,20,100,2026-09-07T21:16:02.059557+00:00
kaggle-vllm-m3-allreduce-raw-v1,kaggle-vllm-m3-two-rank-nccl-allreduce-v1,262144,float16,2,4,24,163.58399391174316,159.0079963207245,163.58399391174316,20,100,2026-09-07T21:16:02.059557+00:00
kaggle-vllm-m3-allreduce-raw-v1,kaggle-vllm-m3-two-rank-nccl-allreduce-v1,262144,float16,2,4,25,169.88800466060638,166.75199568271637,169.88800466060638,20,100,2026-09-07T21:16:02.059557+00:00
kaggle-vllm-m3-allreduce-raw-v1,kaggle-vllm-m3-two-rank-nccl-allreduce-v1,262144,float16,2,4,26,164.60800170898438,167.58400201797485,167.58400201797485,20,100,2026-09-07T21:16:02.059557+00:00
kaggle-vllm-m3-allreduce-raw-v1,kaggle-vllm-m3-two-rank-nccl-allreduce-v1,262144,float16,2,4,27,223.26399385929108,221.6320037841797,223.26399385929108,20,100,2026-09-07T21:16:02.059557+00:00
kaggle-vllm-m3-allreduce-raw-v1,kaggle-vllm-m3-two-rank-nccl-allreduce-v1,262144,float16,2,4,28,167.9680049419403,168.44800114631653,168.44800114631653,20,100,2026-09-07T21:16:02.059557+00:00
kaggle-vllm-m3-allreduce-raw-v1,kaggle-vllm-m3-two-rank-nccl-allreduce-v1,262144,float16,2,4,29,176.15999281406403,167.9680049419403,176.15999281406403,20,100,2026-09-07T21:16:02.059557+00:00
kaggle-vllm-m3-allreduce-raw-v1,kaggle-vllm-m3-two-rank-nccl-allreduce-v1,262144,float16,2,4,30,176.12800002098083,179.58399653434753,179.58399653434753,20,100,2026-09-07T21:16:02.059557+00:00
kaggle-vllm-m3-allreduce-raw-v1,kaggle-vllm-m3-two-rank-nccl-allreduce-v1,262144,float16,2,4,31,164.95999693870544,164.48000073432922,164.95999693870544,20,100,2026-09-07T21:16:02.059557+00:00
kaggle-vllm-m3-allreduce-raw-v1,kaggle-vllm-m3-two-rank-nccl-allreduce-v1,262144,float16,2,4,32,169.50400173664093,165.8879965543747,169.50400173664093,20,100,2026-09-07T21:16:02.059557+00:00
kaggle-vllm-m3-allreduce-raw-v1,kaggle-vllm-m3-two-rank-nccl-allreduce-v1,262144,float16,2,4,33,168.7680035829544,167.29600727558136,168.7680035829544,20,100,2026-09-07T21:16:02.059557+00:00
kaggle-vllm-m3-allreduce-raw-v1,kaggle-vllm-m3-two-rank-nccl-allreduce-v1,262144,float16,2,4,34,170.30400037765503,170.3999936580658,170.3999936580658,20,100,2026-09-07T21:16:02.059557+00:00
kaggle-vllm-m3-allreduce-raw-v1,kaggle-vllm-m3-two-rank-nccl-allreduce-v1,262144,float16,2,4,35,173.3119934797287,168.92799735069275,173.3119934797287,20,100,2026-09-07T21:16:02.059557+00:00
kaggle-vllm-m3-allreduce-raw-v1,kaggle-vllm-m3-two-rank-nccl-allreduce-v1,262144,float16,2,4,36,173.08799922466278,168.67199540138245,173.08799922466278,20,100,2026-09-07T21:16:02.059557+00:00
kaggle-vllm-m3-allreduce-raw-v1,kaggle-vllm-m3-two-rank-nccl-allreduce-v1,262144,float16,2,4,37,172.06400632858276,167.04000532627106,172.06400632858276,20,100,2026-09-07T21:16:02.059557+00:00
kaggle-vllm-m3-allreduce-raw-v1,kaggle-vllm-m3-two-rank-nccl-allreduce-v1,262144,float16,2,4,38,173.63199591636658,172.60800302028656,173.63199591636658,20,100,2026-09-07T21:16:02.059557+00:00
kaggle-vllm-m3-allreduce-raw-v1,kaggle-vllm-m3-two-rank-nccl-allreduce-v1,262144,float16,2,4,39,167.9680049419403,169.88800466060638,169.88800466060638,20,100,2026-09-07T21:16:02.059557+00:00
kaggle-vllm-m3-allreduce-raw-v1,kaggle-vllm-m3-two-rank-nccl-allreduce-v1,262144,float16,2,4,40,206.88000321388245,206.9759964942932,206.9759964942932,20,100,2026-09-07T21:16:02.059557+00:00
kaggle-vllm-m3-allreduce-raw-v1,kaggle-vllm-m3-two-rank-nccl-allreduce-v1,262144,float16,2,4,41,167.9680049419403,165.6319946050644,167.9680049419403,20,100,2026-09-07T21:16:02.059557+00:00
kaggle-vllm-m3-allreduce-raw-v1,kaggle-vllm-m3-two-rank-nccl-allreduce-v1,262144,float16,2,4,42,165.82399606704712,165.92000424861908,165.92000424861908,20,100,2026-09-07T21:16:02.059557+00:00
kaggle-vllm-m3-allreduce-raw-v1,kaggle-vllm-m3-two-rank-nccl-allreduce-v1,262144,float16,2,4,43,169.79199647903442,165.3120070695877,169.79199647903442,20,100,2026-09-07T21:16:02.059557+00:00
kaggle-vllm-m3-allreduce-raw-v1,kaggle-vllm-m3-two-rank-nccl-allreduce-v1,262144,float16,2,4,44,165.40800034999847,160.3199988603592,165.40800034999847,20,100,2026-09-07T21:16:02.059557+00:00
kaggle-vllm-m3-allreduce-raw-v1,kaggle-vllm-m3-two-rank-nccl-allreduce-v1,262144,float16,2,4,45,157.53600001335144,151.5199989080429,157.53600001335144,20,100,2026-09-07T21:16:02.059557+00:00
kaggle-vllm-m3-allreduce-raw-v1,kaggle-vllm-m3-two-rank-nccl-allreduce-v1,262144,float16,2,4,46,159.5200002193451,157.72800147533417,159.5200002193451,20,100,2026-09-07T21:16:02.059557+00:00
kaggle-vllm-m3-allreduce-raw-v1,kaggle-vllm-m3-two-rank-nccl-allreduce-v1,262144,float16,2,4,47,159.7760021686554,167.93599724769592,167.93599724769592,20,100,2026-09-07T21:16:02.059557+00:00
kaggle-vllm-m3-allreduce-raw-v1,kaggle-vllm-m3-two-rank-nccl-allreduce-v1,262144,float16,2,4,48,163.00800442695618,155.39200603961945,163.00800442695618,20,100,2026-09-07T21:16:02.059557+00:00
kaggle-vllm-m3-allreduce-raw-v1,kaggle-vllm-m3-two-rank-nccl-allreduce-v1,262144,float16,2,4,49,162.9759967327118,160.5439931154251,162.9759967327118,20,100,2026-09-07T21:16:02.059557+00:00
kaggle-vllm-m3-allreduce-raw-v1,kaggle-vllm-m3-two-rank-nccl-allreduce-v1,262144,float16,2,4,50,167.9680049419403,166.04800522327423,167.9680049419403,20,100,2026-09-07T21:16:02.059557+00:00
kaggle-vllm-m3-allreduce-raw-v1,kaggle-vllm-m3-two-rank-nccl-allreduce-v1,262144,float16,2,4,51,202.62399315834045,200.83199441432953,202.62399315834045,20,100,2026-09-07T21:16:02.059557+00:00
kaggle-vllm-m3-allreduce-raw-v1,kaggle-vllm-m3-two-rank-nccl-allreduce-v1,262144,float16,2,4,52,166.4319932460785,166.143998503685,166.4319932460785,20,100,2026-09-07T21:16:02.059557+00:00
kaggle-vllm-m3-allreduce-raw-v1,kaggle-vllm-m3-two-rank-nccl-allreduce-v1,262144,float16,2,4,53,164.22399878501892,167.93599724769592,167.93599724769592,20,100,2026-09-07T21:16:02.059557+00:00
kaggle-vllm-m3-allreduce-raw-v1,kaggle-vllm-m3-two-rank-nccl-allreduce-v1,262144,float16,2,4,54,169.0559983253479,167.90400445461273,169.0559983253479,20,100,2026-09-07T21:16:02.059557+00:00
kaggle-vllm-m3-allreduce-raw-v1,kaggle-vllm-m3-two-rank-nccl-allreduce-v1,262144,float16,2,4,55,167.9680049419403,167.9680049419403,167.9680049419403,20,100,2026-09-07T21:16:02.059557+00:00
kaggle-vllm-m3-allreduce-raw-v1,kaggle-vllm-m3-two-rank-nccl-allreduce-v1,262144,float16,2,4,56,166.04800522327423,159.39199924468994,166.04800522327423,20,100,2026-09-07T21:16:02.059557+00:00
kaggle-vllm-m3-allreduce-raw-v1,kaggle-vllm-m3-two-rank-nccl-allreduce-v1,262144,float16,2,4,57,167.9680049419403,169.3439930677414,169.3439930677414,20,100,2026-09-07T21:16:02.059557+00:00
kaggle-vllm-m3-allreduce-raw-v1,kaggle-vllm-m3-two-rank-nccl-allreduce-v1,262144,float16,2,4,58,161.79199516773224,159.7760021686554,161.79199516773224,20,100,2026-09-07T21:16:02.059557+00:00
kaggle-vllm-m3-allreduce-raw-v1,kaggle-vllm-m3-two-rank-nccl-allreduce-v1,262144,float16,2,4,59,204.99199628829956,203.2960057258606,204.99199628829956,20,100,2026-09-07T21:16:02.059557+00:00
kaggle-vllm-m3-allreduce-raw-v1,kaggle-vllm-m3-two-rank-nccl-allreduce-v1,262144,float16,2,4,60,163.83999586105347,161.82400286197662,163.83999586105347,20,100,2026-09-07T21:16:02.059557+00:00
kaggle-vllm-m3-allreduce-raw-v1,kaggle-vllm-m3-two-rank-nccl-allreduce-v1,262144,float16,2,4,61,163.64799439907074,165.8879965543747,165.8879965543747,20,100,2026-09-07T21:16:02.059557+00:00
kaggle-vllm-m3-allreduce-raw-v1,kaggle-vllm-m3-two-rank-nccl-allreduce-v1,262144,float16,2,4,62,163.68000209331512,170.81600427627563,170.81600427627563,20,100,2026-09-07T21:16:02.059557+00:00
kaggle-vllm-m3-allreduce-raw-v1,kaggle-vllm-m3-two-rank-nccl-allreduce-v1,262144,float16,2,4,63,169.0559983253479,164.70399498939514,169.0559983253479,20,100,2026-09-07T21:16:02.059557+00:00
kaggle-vllm-m3-allreduce-raw-v1,kaggle-vllm-m3-two-rank-nccl-allreduce-v1,262144,float16,2,4,64,163.93600404262543,159.04000401496887,163.93600404262543,20,100,2026-09-07T21:16:02.059557+00:00
kaggle-vllm-m3-allreduce-raw-v1,kaggle-vllm-m3-two-rank-nccl-allreduce-v1,262144,float16,2,4,65,163.32800686359406,159.39199924468994,163.32800686359406,20,100,2026-09-07T21:16:02.059557+00:00
kaggle-vllm-m3-allreduce-raw-v1,kaggle-vllm-m3-two-rank-nccl-allreduce-v1,262144,float16,2,4,66,159.90400314331055,170.0800061225891,170.0800061225891,20,100,2026-09-07T21:16:02.059557+00:00
kaggle-vllm-m3-allreduce-raw-v1,kaggle-vllm-m3-two-rank-nccl-allreduce-v1,262144,float16,2,4,67,195.0400024652481,190.75199961662292,195.0400024652481,20,100,2026-09-07T21:16:02.059557+00:00
kaggle-vllm-m3-allreduce-raw-v1,kaggle-vllm-m3-two-rank-nccl-allreduce-v1,262144,float16,2,4,68,154.88000214099884,163.2000058889389,163.2000058889389,20,100,2026-09-07T21:16:02.059557+00:00
kaggle-vllm-m3-allreduce-raw-v1,kaggle-vllm-m3-two-rank-nccl-allreduce-v1,262144,float16,2,4,69,167.35999286174774,164.2560064792633,167.35999286174774,20,100,2026-09-07T21:16:02.059557+00:00
kaggle-vllm-m3-allreduce-raw-v1,kaggle-vllm-m3-two-rank-nccl-allreduce-v1,262144,float16,2,4,70,159.64800119400024,192.25600361824036,192.25600361824036,20,100,2026-09-07T21:16:02.059557+00:00
kaggle-vllm-m3-allreduce-raw-v1,kaggle-vllm-m3-two-rank-nccl-allreduce-v1,262144,float16,2,4,71,165.0560051202774,161.8880033493042,165.0560051202774,20,100,2026-09-07T21:16:02.059557+00:00
kaggle-vllm-m3-allreduce-raw-v1,kaggle-vllm-m3-two-rank-nccl-allreduce-v1,262144,float16,2,4,72,157.72800147533417,154.2080044746399,157.72800147533417,20,100,2026-09-07T21:16:02.059557+00:00
kaggle-vllm-m3-allreduce-raw-v1,kaggle-vllm-m3-two-rank-nccl-allreduce-v1,262144,float16,2,4,73,178.20799350738525,183.45600366592407,183.45600366592407,20,100,2026-09-07T21:16:02.059557+00:00
kaggle-vllm-m3-allreduce-raw-v1,kaggle-vllm-m3-two-rank-nccl-allreduce-v1,262144,float16,2,4,74,165.92000424861908,168.16000640392303,168.16000640392303,20,100,2026-09-07T21:16:02.059557+00:00
kaggle-vllm-m3-allreduce-raw-v1,kaggle-vllm-m3-two-rank-nccl-allreduce-v1,262144,float16,2,4,75,176.79999768733978,172.54400253295898,176.79999768733978,20,100,2026-09-07T21:16:02.059557+00:00
kaggle-vllm-m3-allreduce-raw-v1,kaggle-vllm-m3-two-rank-nccl-allreduce-v1,262144,float16,2,4,76,162.04799711704254,158.30400586128235,162.04799711704254,20,100,2026-09-07T21:16:02.059557+00:00
kaggle-vllm-m3-allreduce-raw-v1,kaggle-vllm-m3-two-rank-nccl-allreduce-v1,262144,float16,2,4,77,165.3120070695877,165.56799411773682,165.56799411773682,20,100,2026-09-07T21:16:02.059557+00:00
kaggle-vllm-m3-allreduce-raw-v1,kaggle-vllm-m3-two-rank-nccl-allreduce-v1,262144,float16,2,4,78,169.95200514793396,168.5120016336441,169.95200514793396,20,100,2026-09-07T21:16:02.059557+00:00
kaggle-vllm-m3-allreduce-raw-v1,kaggle-vllm-m3-two-rank-nccl-allreduce-v1,262144,float16,2,4,79,163.32800686359406,158.30400586128235,163.32800686359406,20,100,2026-09-07T21:16:02.059557+00:00
kaggle-vllm-m3-allreduce-raw-v1,kaggle-vllm-m3-two-rank-nccl-allreduce-v1,262144,float16,2,4,80,163.87200355529785,156.0640037059784,163.87200355529785,20,100,2026-09-07T21:16:02.059557+00:00
kaggle-vllm-m3-allreduce-raw-v1,kaggle-vllm-m3-two-rank-nccl-allreduce-v1,262144,float16,2,4,81,156.2879979610443,165.6000018119812,165.6000018119812,20,100,2026-09-07T21:16:02.059557+00:00
kaggle-vllm-m3-allreduce-raw-v1,kaggle-vllm-m3-two-rank-nccl-allreduce-v1,262144,float16,2,4,82,169.3439930677414,167.52000153064728,169.3439930677414,20,100,2026-09-07T21:16:02.059557+00:00
kaggle-vllm-m3-allreduce-raw-v1,kaggle-vllm-m3-two-rank-nccl-allreduce-v1,262144,float16,2,4,83,168.7999963760376,164.73600268363953,168.7999963760376,20,100,2026-09-07T21:16:02.059557+00:00
kaggle-vllm-m3-allreduce-raw-v1,kaggle-vllm-m3-two-rank-nccl-allreduce-v1,262144,float16,2,4,84,165.92000424861908,165.8560037612915,165.92000424861908,20,100,2026-09-07T21:16:02.059557+00:00
kaggle-vllm-m3-allreduce-raw-v1,kaggle-vllm-m3-two-rank-nccl-allreduce-v1,262144,float16,2,4,85,163.87200355529785,161.79199516773224,163.87200355529785,20,100,2026-09-07T21:16:02.059557+00:00
kaggle-vllm-m3-allreduce-raw-v1,kaggle-vllm-m3-two-rank-nccl-allreduce-v1,262144,float16,2,4,86,167.93599724769592,162.7199947834015,167.93599724769592,20,100,2026-09-07T21:16:02.059557+00:00
kaggle-vllm-m3-allreduce-raw-v1,kaggle-vllm-m3-two-rank-nccl-allreduce-v1,262144,float16,2,4,87,160.38399934768677,158.30400586128235,160.38399934768677,20,100,2026-09-07T21:16:02.059557+00:00
kaggle-vllm-m3-allreduce-raw-v1,kaggle-vllm-m3-two-rank-nccl-allreduce-v1,262144,float16,2,4,88,160.09600460529327,152.3520052433014,160.09600460529327,20,100,2026-09-07T21:16:02.059557+00:00
kaggle-vllm-m3-allreduce-raw-v1,kaggle-vllm-m3-two-rank-nccl-allreduce-v1,262144,float16,2,4,89,163.87200355529785,163.29599916934967,163.87200355529785,20,100,2026-09-07T21:16:02.059557+00:00
kaggle-vllm-m3-allreduce-raw-v1,kaggle-vllm-m3-two-rank-nccl-allreduce-v1,262144,float16,2,4,90,168.09600591659546,166.01599752902985,168.09600591659546,20,100,2026-09-07T21:16:02.059557+00:00
kaggle-vllm-m3-allreduce-raw-v1,kaggle-vllm-m3-two-rank-nccl-allreduce-v1,262144,float16,2,4,91,160.0639969110489,155.35999834537506,160.0639969110489,20,100,2026-09-07T21:16:02.059557+00:00
kaggle-vllm-m3-allreduce-raw-v1,kaggle-vllm-m3-two-rank-nccl-allreduce-v1,262144,float16,2,4,92,218.6879962682724,178.5919964313507,218.6879962682724,20,100,2026-09-07T21:16:02.059557+00:00
kaggle-vllm-m3-allreduce-raw-v1,kaggle-vllm-m3-two-rank-nccl-allreduce-v1,262144,float16,2,4,93,221.18400037288666,172.70399630069733,221.18400037288666,20,100,2026-09-07T21:16:02.059557+00:00
kaggle-vllm-m3-allreduce-raw-v1,kaggle-vllm-m3-two-rank-nccl-allreduce-v1,262144,float16,2,4,94,218.9439982175827,182.72000551223755,218.9439982175827,20,100,2026-09-07T21:16:02.059557+00:00
kaggle-vllm-m3-allreduce-raw-v1,kaggle-vllm-m3-two-rank-nccl-allreduce-v1,262144,float16,2,4,95,222.81600534915924,176.15999281406403,222.81600534915924,20,100,2026-09-07T21:16:02.059557+00:00
kaggle-vllm-m3-allreduce-raw-v1,kaggle-vllm-m3-two-rank-nccl-allreduce-v1,262144,float16,2,4,96,206.84799551963806,170.0800061225891,206.84799551963806,20,100,2026-09-07T21:16:02.059557+00:00
kaggle-vllm-m3-allreduce-raw-v1,kaggle-vllm-m3-two-rank-nccl-allreduce-v1,262144,float16,2,4,97,205.31199872493744,170.01600563526154,205.31199872493744,20,100,2026-09-07T21:16:02.059557+00:00
kaggle-vllm-m3-allreduce-raw-v1,kaggle-vllm-m3-two-rank-nccl-allreduce-v1,262144,float16,2,4,98,188.57599794864655,252.44799256324768,252.44799256324768,20,100,2026-09-07T21:16:02.059557+00:00
kaggle-vllm-m3-allreduce-raw-v1,kaggle-vllm-m3-two-rank-nccl-allreduce-v1,262144,float16,2,4,99,163.42400014400482,197.34400510787964,197.34400510787964,20,100,2026-09-07T21:16:02.059557+00:00
kaggle-vllm-m3-allreduce-raw-v1,kaggle-vllm-m3-two-rank-nccl-allreduce-v1,1048576,float16,2,4,0,395.26399970054626,348.35198521614075,395.26399970054626,20,100,2026-09-07T21:16:02.131306+00:00
kaggle-vllm-m3-allreduce-raw-v1,kaggle-vllm-m3-two-rank-nccl-allreduce-v1,1048576,float16,2,4,1,365.1840090751648,364.3200099468231,365.1840090751648,20,100,2026-09-07T21:16:02.131306+00:00
kaggle-vllm-m3-allreduce-raw-v1,kaggle-vllm-m3-two-rank-nccl-allreduce-v1,1048576,float16,2,4,2,359.6479892730713,362.527996301651,362.527996301651,20,100,2026-09-07T21:16:02.131306+00:00
kaggle-vllm-m3-allreduce-raw-v1,kaggle-vllm-m3-two-rank-nccl-allreduce-v1,1048576,float16,2,4,3,354.3039858341217,353.69598865509033,354.3039858341217,20,100,2026-09-07T21:16:02.131306+00:00
kaggle-vllm-m3-allreduce-raw-v1,kaggle-vllm-m3-two-rank-nccl-allreduce-v1,1048576,float16,2,4,4,358.46400260925293,358.65598917007446,358.65598917007446,20,100,2026-09-07T21:16:02.131306+00:00
kaggle-vllm-m3-allreduce-raw-v1,kaggle-vllm-m3-two-rank-nccl-allreduce-v1,1048576,float16,2,4,5,346.1439907550812,362.527996301651,362.527996301651,20,100,2026-09-07T21:16:02.131306+00:00
kaggle-vllm-m3-allreduce-raw-v1,kaggle-vllm-m3-two-rank-nccl-allreduce-v1,1048576,float16,2,4,6,358.39998722076416,361.2479865550995,361.2479865550995,20,100,2026-09-07T21:16:02.131306+00:00
kaggle-vllm-m3-allreduce-raw-v1,kaggle-vllm-m3-two-rank-nccl-allreduce-v1,1048576,float16,2,4,7,362.2399866580963,362.11198568344116,362.2399866580963,20,100,2026-09-07T21:16:02.131306+00:00
kaggle-vllm-m3-allreduce-raw-v1,kaggle-vllm-m3-two-rank-nccl-allreduce-v1,1048576,float16,2,4,8,349.2799997329712,342.6879942417145,349.2799997329712,20,100,2026-09-07T21:16:02.131306+00:00
kaggle-vllm-m3-allreduce-raw-v1,kaggle-vllm-m3-two-rank-nccl-allreduce-v1,1048576,float16,2,4,9,354.3359935283661,351.8719971179962,354.3359935283661,20,100,2026-09-07T21:16:02.131306+00:00
kaggle-vllm-m3-allreduce-raw-v1,kaggle-vllm-m3-two-rank-nccl-allreduce-v1,1048576,float16,2,4,10,355.74400424957275,351.3599932193756,355.74400424957275,20,100,2026-09-07T21:16:02.131306+00:00
kaggle-vllm-m3-allreduce-raw-v1,kaggle-vllm-m3-two-rank-nccl-allreduce-v1,1048576,float16,2,4,11,355.26400804519653,356.3840091228485,356.3840091228485,20,100,2026-09-07T21:16:02.131306+00:00
kaggle-vllm-m3-allreduce-raw-v1,kaggle-vllm-m3-two-rank-nccl-allreduce-v1,1048576,float16,2,4,12,336.2239897251129,352.9599905014038,352.9599905014038,20,100,2026-09-07T21:16:02.131306+00:00
kaggle-vllm-m3-allreduce-raw-v1,kaggle-vllm-m3-two-rank-nccl-allreduce-v1,1048576,float16,2,4,13,362.4959886074066,364.5760118961334,364.5760118961334,20,100,2026-09-07T21:16:02.131306+00:00
kaggle-vllm-m3-allreduce-raw-v1,kaggle-vllm-m3-two-rank-nccl-allreduce-v1,1048576,float16,2,4,14,360.7040047645569,359.16799306869507,360.7040047645569,20,100,2026-09-07T21:16:02.131306+00:00
kaggle-vllm-m3-allreduce-raw-v1,kaggle-vllm-m3-two-rank-nccl-allreduce-v1,1048576,float16,2,4,15,351.4240086078644,338.1440043449402,351.4240086078644,20,100,2026-09-07T21:16:02.131306+00:00
kaggle-vllm-m3-allreduce-raw-v1,kaggle-vllm-m3-two-rank-nccl-allreduce-v1,1048576,float16,2,4,16,358.5279881954193,358.8480055332184,358.8480055332184,20,100,2026-09-07T21:16:02.131306+00:00
kaggle-vllm-m3-allreduce-raw-v1,kaggle-vllm-m3-two-rank-nccl-allreduce-v1,1048576,float16,2,4,17,364.5760118961334,362.4640107154846,364.5760118961334,20,100,2026-09-07T21:16:02.131306+00:00
kaggle-vllm-m3-allreduce-raw-v1,kaggle-vllm-m3-two-rank-nccl-allreduce-v1,1048576,float16,2,4,18,345.8560109138489,346.3039994239807,346.3039994239807,20,100,2026-09-07T21:16:02.131306+00:00
kaggle-vllm-m3-allreduce-raw-v1,kaggle-vllm-m3-two-rank-nccl-allreduce-v1,1048576,float16,2,4,19,322.84799218177795,356.3840091228485,356.3840091228485,20,100,2026-09-07T21:16:02.131306+00:00
kaggle-vllm-m3-allreduce-raw-v1,kaggle-vllm-m3-two-rank-nccl-allreduce-v1,1048576,float16,2,4,20,359.935998916626,360.48001050949097,360.48001050949097,20,100,2026-09-07T21:16:02.131306+00:00
kaggle-vllm-m3-allreduce-raw-v1,kaggle-vllm-m3-two-rank-nccl-allreduce-v1,1048576,float16,2,4,21,355.679988861084,353.40800881385803,355.679988861084,20,100,2026-09-07T21:16:02.131306+00:00
kaggle-vllm-m3-allreduce-raw-v1,kaggle-vllm-m3-two-rank-nccl-allreduce-v1,1048576,float16,2,4,22,369.6640133857727,312.79999017715454,369.6640133857727,20,100,2026-09-07T21:16:02.131306+00:00
kaggle-vllm-m3-allreduce-raw-v1,kaggle-vllm-m3-two-rank-nccl-allreduce-v1,1048576,float16,2,4,23,352.6720106601715,342.4000144004822,352.6720106601715,20,100,2026-09-07T21:16:02.131306+00:00
kaggle-vllm-m3-allreduce-raw-v1,kaggle-vllm-m3-two-rank-nccl-allreduce-v1,1048576,float16,2,4,24,378.87999415397644,379.040002822876,379.040002822876,20,100,2026-09-07T21:16:02.131306+00:00
kaggle-vllm-m3-allreduce-raw-v1,kaggle-vllm-m3-two-rank-nccl-allreduce-v1,1048576,float16,2,4,25,354.40000891685486,348.63999485969543,354.40000891685486,20,100,2026-09-07T21:16:02.131306+00:00
kaggle-vllm-m3-allreduce-raw-v1,kaggle-vllm-m3-two-rank-nccl-allreduce-v1,1048576,float16,2,4,26,350.17600655555725,346.24001383781433,350.17600655555725,20,100,2026-09-07T21:16:02.131306+00:00
kaggle-vllm-m3-allreduce-raw-v1,kaggle-vllm-m3-two-rank-nccl-allreduce-v1,1048576,float16,2,4,27,347.9999899864197,331.9680094718933,347.9999899864197,20,100,2026-09-07T21:16:02.131306+00:00
kaggle-vllm-m3-allreduce-raw-v1,kaggle-vllm-m3-two-rank-nccl-allreduce-v1,1048576,float16,2,4,28,353.0240058898926,341.5679931640625,353.0240058898926,20,100,2026-09-07T21:16:02.131306+00:00
kaggle-vllm-m3-allreduce-raw-v1,kaggle-vllm-m3-two-rank-nccl-allreduce-v1,1048576,float16,2,4,29,3169.503927230835,354.3039858341217,3169.503927230835,20,100,2026-09-07T21:16:02.131306+00:00
kaggle-vllm-m3-allreduce-raw-v1,kaggle-vllm-m3-two-rank-nccl-allreduce-v1,1048576,float16,2,4,30,357.63201117515564,360.51198840141296,360.51198840141296,20,100,2026-09-07T21:16:02.131306+00:00
kaggle-vllm-m3-allreduce-raw-v1,kaggle-vllm-m3-two-rank-nccl-allreduce-v1,1048576,float16,2,4,31,355.8720052242279,352.6400029659271,355.8720052242279,20,100,2026-09-07T21:16:02.131306+00:00
kaggle-vllm-m3-allreduce-raw-v1,kaggle-vllm-m3-two-rank-nccl-allreduce-v1,1048576,float16,2,4,32,357.88801312446594,351.1039912700653,357.88801312446594,20,100,2026-09-07T21:16:02.131306+00:00
kaggle-vllm-m3-allreduce-raw-v1,kaggle-vllm-m3-two-rank-nccl-allreduce-v1,1048576,float16,2,4,33,353.5679876804352,352.28800773620605,353.5679876804352,20,100,2026-09-07T21:16:02.131306+00:00
kaggle-vllm-m3-allreduce-raw-v1,kaggle-vllm-m3-two-rank-nccl-allreduce-v1,1048576,float16,2,4,34,352.7359962463379,353.34399342536926,353.34399342536926,20,100,2026-09-07T21:16:02.131306+00:00
kaggle-vllm-m3-allreduce-raw-v1,kaggle-vllm-m3-two-rank-nccl-allreduce-v1,1048576,float16,2,4,35,352.54400968551636,354.3039858341217,354.3039858341217,20,100,2026-09-07T21:16:02.131306+00:00
kaggle-vllm-m3-allreduce-raw-v1,kaggle-vllm-m3-two-rank-nccl-allreduce-v1,1048576,float16,2,4,36,354.3039858341217,336.89600229263306,354.3039858341217,20,100,2026-09-07T21:16:02.131306+00:00
kaggle-vllm-m3-allreduce-raw-v1,kaggle-vllm-m3-two-rank-nccl-allreduce-v1,1048576,float16,2,4,37,359.48801040649414,362.4640107154846,362.4640107154846,20,100,2026-09-07T21:16:02.131306+00:00
kaggle-vllm-m3-allreduce-raw-v1,kaggle-vllm-m3-two-rank-nccl-allreduce-v1,1048576,float16,2,4,38,361.6639971733093,374.4319975376129,374.4319975376129,20,100,2026-09-07T21:16:02.131306+00:00
kaggle-vllm-m3-allreduce-raw-v1,kaggle-vllm-m3-two-rank-nccl-allreduce-v1,1048576,float16,2,4,39,354.91201281547546,348.83201122283936,354.91201281547546,20,100,2026-09-07T21:16:02.131306+00:00
kaggle-vllm-m3-allreduce-raw-v1,kaggle-vllm-m3-two-rank-nccl-allreduce-v1,1048576,float16,2,4,40,348.80000352859497,349.88799691200256,349.88799691200256,20,100,2026-09-07T21:16:02.131306+00:00
kaggle-vllm-m3-allreduce-raw-v1,kaggle-vllm-m3-two-rank-nccl-allreduce-v1,1048576,float16,2,4,41,346.0479974746704,342.0479893684387,346.0479974746704,20,100,2026-09-07T21:16:02.131306+00:00
kaggle-vllm-m3-allreduce-raw-v1,kaggle-vllm-m3-two-rank-nccl-allreduce-v1,1048576,float16,2,4,42,352.25600004196167,355.80798983573914,355.80798983573914,20,100,2026-09-07T21:16:02.131306+00:00
kaggle-vllm-m3-allreduce-raw-v1,kaggle-vllm-m3-two-rank-nccl-allreduce-v1,1048576,float16,2,4,43,347.680002450943,349.5999872684479,349.5999872684479,20,100,2026-09-07T21:16:02.131306+00:00
kaggle-vllm-m3-allreduce-raw-v1,kaggle-vllm-m3-two-rank-nccl-allreduce-v1,1048576,float16,2,4,44,359.0399920940399,360.48001050949097,360.48001050949097,20,100,2026-09-07T21:16:02.131306+00:00
kaggle-vllm-m3-allreduce-raw-v1,kaggle-vllm-m3-two-rank-nccl-allreduce-v1,1048576,float16,2,4,45,379.39199805259705,376.8639862537384,379.39199805259705,20,100,2026-09-07T21:16:02.131306+00:00
kaggle-vllm-m3-allreduce-raw-v1,kaggle-vllm-m3-two-rank-nccl-allreduce-v1,1048576,float16,2,4,46,354.3359935283661,2215.3921127319336,2215.3921127319336,20,100,2026-09-07T21:16:02.131306+00:00
kaggle-vllm-m3-allreduce-raw-v1,kaggle-vllm-m3-two-rank-nccl-allreduce-v1,1048576,float16,2,4,47,366.4959967136383,368.4479892253876,368.4479892253876,20,100,2026-09-07T21:16:02.131306+00:00
kaggle-vllm-m3-allreduce-raw-v1,kaggle-vllm-m3-two-rank-nccl-allreduce-v1,1048576,float16,2,4,48,364.8320138454437,364.5760118961334,364.8320138454437,20,100,2026-09-07T21:16:02.131306+00:00
kaggle-vllm-m3-allreduce-raw-v1,kaggle-vllm-m3-two-rank-nccl-allreduce-v1,1048576,float16,2,4,49,360.3520095348358,369.82399225234985,369.82399225234985,20,100,2026-09-07T21:16:02.131306+00:00
kaggle-vllm-m3-allreduce-raw-v1,kaggle-vllm-m3-two-rank-nccl-allreduce-v1,1048576,float16,2,4,50,366.6880130767822,365.88799953460693,366.6880130767822,20,100,2026-09-07T21:16:02.131306+00:00
kaggle-vllm-m3-allreduce-raw-v1,kaggle-vllm-m3-two-rank-nccl-allreduce-v1,1048576,float16,2,4,51,350.20801424980164,353.88800501823425,353.88800501823425,20,100,2026-09-07T21:16:02.131306+00:00
kaggle-vllm-m3-allreduce-raw-v1,kaggle-vllm-m3-two-rank-nccl-allreduce-v1,1048576,float16,2,4,52,320.576012134552,362.4959886074066,362.4959886074066,20,100,2026-09-07T21:16:02.131306+00:00
kaggle-vllm-m3-allreduce-raw-v1,kaggle-vllm-m3-two-rank-nccl-allreduce-v1,1048576,float16,2,4,53,343.3600068092346,350.46398639678955,350.46398639678955,20,100,2026-09-07T21:16:02.131306+00:00
kaggle-vllm-m3-allreduce-raw-v1,kaggle-vllm-m3-two-rank-nccl-allreduce-v1,1048576,float16,2,4,54,353.37600111961365,350.23999214172363,353.37600111961365,20,100,2026-09-07T21:16:02.131306+00:00
kaggle-vllm-m3-allreduce-raw-v1,kaggle-vllm-m3-two-rank-nccl-allreduce-v1,1048576,float16,2,4,55,346.24001383781433,352.25600004196167,352.25600004196167,20,100,2026-09-07T21:16:02.131306+00:00
kaggle-vllm-m3-allreduce-raw-v1,kaggle-vllm-m3-two-rank-nccl-allreduce-v1,1048576,float16,2,4,56,355.29598593711853,352.28800773620605,355.29598593711853,20,100,2026-09-07T21:16:02.131306+00:00
kaggle-vllm-m3-allreduce-raw-v1,kaggle-vllm-m3-two-rank-nccl-allreduce-v1,1048576,float16,2,4,57,358.39998722076416,354.3359935283661,358.39998722076416,20,100,2026-09-07T21:16:02.131306+00:00
kaggle-vllm-m3-allreduce-raw-v1,kaggle-vllm-m3-two-rank-nccl-allreduce-v1,1048576,float16,2,4,58,351.74399614334106,352.7680039405823,352.7680039405823,20,100,2026-09-07T21:16:02.131306+00:00
kaggle-vllm-m3-allreduce-raw-v1,kaggle-vllm-m3-two-rank-nccl-allreduce-v1,1048576,float16,2,4,59,383.0080032348633,379.4879913330078,383.0080032348633,20,100,2026-09-07T21:16:02.131306+00:00
kaggle-vllm-m3-allreduce-raw-v1,kaggle-vllm-m3-two-rank-nccl-allreduce-v1,1048576,float16,2,4,60,358.5599958896637,360.7040047645569,360.7040047645569,20,100,2026-09-07T21:16:02.131306+00:00
kaggle-vllm-m3-allreduce-raw-v1,kaggle-vllm-m3-two-rank-nccl-allreduce-v1,1048576,float16,2,4,61,360.9920144081116,364.0640079975128,364.0640079975128,20,100,2026-09-07T21:16:02.131306+00:00
kaggle-vllm-m3-allreduce-raw-v1,kaggle-vllm-m3-two-rank-nccl-allreduce-v1,1048576,float16,2,4,62,350.23999214172363,350.1119911670685,350.23999214172363,20,100,2026-09-07T21:16:02.131306+00:00
kaggle-vllm-m3-allreduce-raw-v1,kaggle-vllm-m3-two-rank-nccl-allreduce-v1,1048576,float16,2,4,63,361.11998558044434,356.1919927597046,361.11998558044434,20,100,2026-09-07T21:16:02.131306+00:00
kaggle-vllm-m3-allreduce-raw-v1,kaggle-vllm-m3-two-rank-nccl-allreduce-v1,1048576,float16,2,4,64,383.4240138530731,378.9120018482208,383.4240138530731,20,100,2026-09-07T21:16:02.131306+00:00
kaggle-vllm-m3-allreduce-raw-v1,kaggle-vllm-m3-two-rank-nccl-allreduce-v1,1048576,float16,2,4,65,353.0240058898926,348.80000352859497,353.0240058898926,20,100,2026-09-07T21:16:02.131306+00:00
kaggle-vllm-m3-allreduce-raw-v1,kaggle-vllm-m3-two-rank-nccl-allreduce-v1,1048576,float16,2,4,66,352.25600004196167,349.92000460624695,352.25600004196167,20,100,2026-09-07T21:16:02.131306+00:00
kaggle-vllm-m3-allreduce-raw-v1,kaggle-vllm-m3-two-rank-nccl-allreduce-v1,1048576,float16,2,4,67,360.4480028152466,359.23200845718384,360.4480028152466,20,100,2026-09-07T21:16:02.131306+00:00
kaggle-vllm-m3-allreduce-raw-v1,kaggle-vllm-m3-two-rank-nccl-allreduce-v1,1048576,float16,2,4,68,364.5760118961334,364.47998881340027,364.5760118961334,20,100,2026-09-07T21:16:02.131306+00:00
kaggle-vllm-m3-allreduce-raw-v1,kaggle-vllm-m3-two-rank-nccl-allreduce-v1,1048576,float16,2,4,69,350.23999214172363,350.0480055809021,350.23999214172363,20,100,2026-09-07T21:16:02.131306+00:00
kaggle-vllm-m3-allreduce-raw-v1,kaggle-vllm-m3-two-rank-nccl-allreduce-v1,1048576,float16,2,4,70,352.8960049152374,351.26399993896484,352.8960049152374,20,100,2026-09-07T21:16:02.131306+00:00
kaggle-vllm-m3-allreduce-raw-v1,kaggle-vllm-m3-two-rank-nccl-allreduce-v1,1048576,float16,2,4,71,374.39998984336853,371.42398953437805,374.39998984336853,20,100,2026-09-07T21:16:02.131306+00:00
kaggle-vllm-m3-allreduce-raw-v1,kaggle-vllm-m3-two-rank-nccl-allreduce-v1,1048576,float16,2,4,72,357.56799578666687,354.3039858341217,357.56799578666687,20,100,2026-09-07T21:16:02.131306+00:00
kaggle-vllm-m3-allreduce-raw-v1,kaggle-vllm-m3-two-rank-nccl-allreduce-v1,1048576,float16,2,4,73,339.4240140914917,389.15199041366577,389.15199041366577,20,100,2026-09-07T21:16:02.131306+00:00
kaggle-vllm-m3-allreduce-raw-v1,kaggle-vllm-m3-two-rank-nccl-allreduce-v1,1048576,float16,2,4,74,368.6720132827759,366.8479919433594,368.6720132827759,20,100,2026-09-07T21:16:02.131306+00:00
kaggle-vllm-m3-allreduce-raw-v1,kaggle-vllm-m3-two-rank-nccl-allreduce-v1,1048576,float16,2,4,75,362.0480000972748,362.8480136394501,362.8480136394501,20,100,2026-09-07T21:16:02.131306+00:00
kaggle-vllm-m3-allreduce-raw-v1,kaggle-vllm-m3-two-rank-nccl-allreduce-v1,1048576,float16,2,4,76,346.46400809288025,348.60798716545105,348.60798716545105,20,100,2026-09-07T21:16:02.131306+00:00
kaggle-vllm-m3-allreduce-raw-v1,kaggle-vllm-m3-two-rank-nccl-allreduce-v1,1048576,float16,2,4,77,348.224014043808,350.17600655555725,350.17600655555725,20,100,2026-09-07T21:16:02.131306+00:00
kaggle-vllm-m3-allreduce-raw-v1,kaggle-vllm-m3-two-rank-nccl-allreduce-v1,1048576,float16,2,4,78,384.73600149154663,374.30399656295776,384.73600149154663,20,100,2026-09-07T21:16:02.131306+00:00
kaggle-vllm-m3-allreduce-raw-v1,kaggle-vllm-m3-two-rank-nccl-allreduce-v1,1048576,float16,2,4,79,366.11199378967285,370.8159923553467,370.8159923553467,20,100,2026-09-07T21:16:02.131306+00:00
kaggle-vllm-m3-allreduce-raw-v1,kaggle-vllm-m3-two-rank-nccl-allreduce-v1,1048576,float16,2,4,80,354.68798875808716,360.9600067138672,360.9600067138672,20,100,2026-09-07T21:16:02.131306+00:00
kaggle-vllm-m3-allreduce-raw-v1,kaggle-vllm-m3-two-rank-nccl-allreduce-v1,1048576,float16,2,4,81,329.75998520851135,365.82401394844055,365.82401394844055,20,100,2026-09-07T21:16:02.131306+00:00
kaggle-vllm-m3-allreduce-raw-v1,kaggle-vllm-m3-two-rank-nccl-allreduce-v1,1048576,float16,2,4,82,358.62401127815247,356.3840091228485,358.62401127815247,20,100,2026-09-07T21:16:02.131306+00:00
kaggle-vllm-m3-allreduce-raw-v1,kaggle-vllm-m3-two-rank-nccl-allreduce-v1,1048576,float16,2,4,83,355.45599460601807,353.92001271247864,355.45599460601807,20,100,2026-09-07T21:16:02.131306+00:00
kaggle-vllm-m3-allreduce-raw-v1,kaggle-vllm-m3-two-rank-nccl-allreduce-v1,1048576,float16,2,4,84,355.80798983573914,362.33600974082947,362.33600974082947,20,100,2026-09-07T21:16:02.131306+00:00
kaggle-vllm-m3-allreduce-raw-v1,kaggle-vllm-m3-two-rank-nccl-allreduce-v1,1048576,float16,2,4,85,358.39998722076416,337.92001008987427,358.39998722076416,20,100,2026-09-07T21:16:02.131306+00:00
kaggle-vllm-m3-allreduce-raw-v1,kaggle-vllm-m3-two-rank-nccl-allreduce-v1,1048576,float16,2,4,86,358.36800932884216,350.94401240348816,358.36800932884216,20,100,2026-09-07T21:16:02.131306+00:00
kaggle-vllm-m3-allreduce-raw-v1,kaggle-vllm-m3-two-rank-nccl-allreduce-v1,1048576,float16,2,4,87,356.0959994792938,356.3520014286041,356.3520014286041,20,100,2026-09-07T21:16:02.131306+00:00
kaggle-vllm-m3-allreduce-raw-v1,kaggle-vllm-m3-two-rank-nccl-allreduce-v1,1048576,float16,2,4,88,348.1920063495636,347.3280072212219,348.1920063495636,20,100,2026-09-07T21:16:02.131306+00:00
kaggle-vllm-m3-allreduce-raw-v1,kaggle-vllm-m3-two-rank-nccl-allreduce-v1,1048576,float16,2,4,89,357.12000727653503,358.17599296569824,358.17599296569824,20,100,2026-09-07T21:16:02.131306+00:00
kaggle-vllm-m3-allreduce-raw-v1,kaggle-vllm-m3-two-rank-nccl-allreduce-v1,1048576,float16,2,4,90,350.23999214172363,347.4560081958771,350.23999214172363,20,100,2026-09-07T21:16:02.131306+00:00
kaggle-vllm-m3-allreduce-raw-v1,kaggle-vllm-m3-two-rank-nccl-allreduce-v1,1048576,float16,2,4,91,363.1359934806824,360.6399893760681,363.1359934806824,20,100,2026-09-07T21:16:02.131306+00:00
kaggle-vllm-m3-allreduce-raw-v1,kaggle-vllm-m3-two-rank-nccl-allreduce-v1,1048576,float16,2,4,92,332.15999603271484,363.16800117492676,363.16800117492676,20,100,2026-09-07T21:16:02.131306+00:00
kaggle-vllm-m3-allreduce-raw-v1,kaggle-vllm-m3-two-rank-nccl-allreduce-v1,1048576,float16,2,4,93,354.7520041465759,352.28800773620605,354.7520041465759,20,100,2026-09-07T21:16:02.131306+00:00
kaggle-vllm-m3-allreduce-raw-v1,kaggle-vllm-m3-two-rank-nccl-allreduce-v1,1048576,float16,2,4,94,350.3359854221344,351.4559864997864,351.4559864997864,20,100,2026-09-07T21:16:02.131306+00:00
kaggle-vllm-m3-allreduce-raw-v1,kaggle-vllm-m3-two-rank-nccl-allreduce-v1,1048576,float16,2,4,95,358.39998722076416,352.25600004196167,358.39998722076416,20,100,2026-09-07T21:16:02.131306+00:00
kaggle-vllm-m3-allreduce-raw-v1,kaggle-vllm-m3-two-rank-nccl-allreduce-v1,1048576,float16,2,4,96,364.25599455833435,363.3599877357483,364.25599455833435,20,100,2026-09-07T21:16:02.131306+00:00
kaggle-vllm-m3-allreduce-raw-v1,kaggle-vllm-m3-two-rank-nccl-allreduce-v1,1048576,float16,2,4,97,353.43998670578003,348.25599193573,353.43998670578003,20,100,2026-09-07T21:16:02.131306+00:00
kaggle-vllm-m3-allreduce-raw-v1,kaggle-vllm-m3-two-rank-nccl-allreduce-v1,1048576,float16,2,4,98,337.6320004463196,373.1200098991394,373.1200098991394,20,100,2026-09-07T21:16:02.131306+00:00
kaggle-vllm-m3-allreduce-raw-v1,kaggle-vllm-m3-two-rank-nccl-allreduce-v1,1048576,float16,2,4,99,331.743985414505,362.43200302124023,362.43200302124023,20,100,2026-09-07T21:16:02.131306+00:00
kaggle-vllm-m3-allreduce-raw-v1,kaggle-vllm-m3-two-rank-nccl-allreduce-v1,4194304,float16,2,4,0,1095.6799983978271,1124.351978302002,1124.351978302002,20,100,2026-09-07T21:16:02.300602+00:00
kaggle-vllm-m3-allreduce-raw-v1,kaggle-vllm-m3-two-rank-nccl-allreduce-v1,4194304,float16,2,4,1,1146.9119787216187,1144.6399688720703,1146.9119787216187,20,100,2026-09-07T21:16:02.300602+00:00
kaggle-vllm-m3-allreduce-raw-v1,kaggle-vllm-m3-two-rank-nccl-allreduce-v1,4194304,float16,2,4,2,1151.8399715423584,1146.880030632019,1151.8399715423584,20,100,2026-09-07T21:16:02.300602+00:00
kaggle-vllm-m3-allreduce-raw-v1,kaggle-vllm-m3-two-rank-nccl-allreduce-v1,4194304,float16,2,4,3,1094.815969467163,1098.3680486679077,1098.3680486679077,20,100,2026-09-07T21:16:02.300602+00:00
kaggle-vllm-m3-allreduce-raw-v1,kaggle-vllm-m3-two-rank-nccl-allreduce-v1,4194304,float16,2,4,4,1151.0080099105835,1153.7920236587524,1153.7920236587524,20,100,2026-09-07T21:16:02.300602+00:00
kaggle-vllm-m3-allreduce-raw-v1,kaggle-vllm-m3-two-rank-nccl-allreduce-v1,4194304,float16,2,4,5,1142.8159475326538,1144.703984260559,1144.703984260559,20,100,2026-09-07T21:16:02.300602+00:00
kaggle-vllm-m3-allreduce-raw-v1,kaggle-vllm-m3-two-rank-nccl-allreduce-v1,4194304,float16,2,4,6,1137.2159719467163,1131.168007850647,1137.2159719467163,20,100,2026-09-07T21:16:02.300602+00:00
kaggle-vllm-m3-allreduce-raw-v1,kaggle-vllm-m3-two-rank-nccl-allreduce-v1,4194304,float16,2,4,7,1142.4959897994995,1142.6559686660767,1142.6559686660767,20,100,2026-09-07T21:16:02.300602+00:00
kaggle-vllm-m3-allreduce-raw-v1,kaggle-vllm-m3-two-rank-nccl-allreduce-v1,4194304,float16,2,4,8,1150.1760482788086,1130.2720308303833,1150.1760482788086,20,100,2026-09-07T21:16:02.300602+00:00
kaggle-vllm-m3-allreduce-raw-v1,kaggle-vllm-m3-two-rank-nccl-allreduce-v1,4194304,float16,2,4,9,1136.672019958496,1130.5279731750488,1136.672019958496,20,100,2026-09-07T21:16:02.300602+00:00
kaggle-vllm-m3-allreduce-raw-v1,kaggle-vllm-m3-two-rank-nccl-allreduce-v1,4194304,float16,2,4,10,1142.3039436340332,1144.7679996490479,1144.7679996490479,20,100,2026-09-07T21:16:02.300602+00:00
kaggle-vllm-m3-allreduce-raw-v1,kaggle-vllm-m3-two-rank-nccl-allreduce-v1,4194304,float16,2,4,11,1131.0080289840698,1132.5440406799316,1132.5440406799316,20,100,2026-09-07T21:16:02.300602+00:00
kaggle-vllm-m3-allreduce-raw-v1,kaggle-vllm-m3-two-rank-nccl-allreduce-v1,4194304,float16,2,4,12,1139.4239664077759,1137.2480392456055,1139.4239664077759,20,100,2026-09-07T21:16:02.300602+00:00
kaggle-vllm-m3-allreduce-raw-v1,kaggle-vllm-m3-two-rank-nccl-allreduce-v1,4194304,float16,2,4,13,1139.680027961731,1140.7040357589722,1140.7040357589722,20,100,2026-09-07T21:16:02.300602+00:00
kaggle-vllm-m3-allreduce-raw-v1,kaggle-vllm-m3-two-rank-nccl-allreduce-v1,4194304,float16,2,4,14,1143.5199975967407,1142.3360109329224,1143.5199975967407,20,100,2026-09-07T21:16:02.300602+00:00
kaggle-vllm-m3-allreduce-raw-v1,kaggle-vllm-m3-two-rank-nccl-allreduce-v1,4194304,float16,2,4,15,1131.775975227356,1132.9599618911743,1132.9599618911743,20,100,2026-09-07T21:16:02.300602+00:00
kaggle-vllm-m3-allreduce-raw-v1,kaggle-vllm-m3-two-rank-nccl-allreduce-v1,4194304,float16,2,4,16,1165.343999862671,1164.8319959640503,1165.343999862671,20,100,2026-09-07T21:16:02.300602+00:00
kaggle-vllm-m3-allreduce-raw-v1,kaggle-vllm-m3-two-rank-nccl-allreduce-v1,4194304,float16,2,4,17,1141.759991645813,1135.9360218048096,1141.759991645813,20,100,2026-09-07T21:16:02.300602+00:00
kaggle-vllm-m3-allreduce-raw-v1,kaggle-vllm-m3-two-rank-nccl-allreduce-v1,4194304,float16,2,4,18,1127.679944038391,1132.8959465026855,1132.8959465026855,20,100,2026-09-07T21:16:02.300602+00:00
kaggle-vllm-m3-allreduce-raw-v1,kaggle-vllm-m3-two-rank-nccl-allreduce-v1,4194304,float16,2,4,19,1130.8159828186035,1142.8159475326538,1142.8159475326538,20,100,2026-09-07T21:16:02.300602+00:00
kaggle-vllm-m3-allreduce-raw-v1,kaggle-vllm-m3-two-rank-nccl-allreduce-v1,4194304,float16,2,4,20,1124.6720552444458,1126.3999938964844,1126.3999938964844,20,100,2026-09-07T21:16:02.300602+00:00
kaggle-vllm-m3-allreduce-raw-v1,kaggle-vllm-m3-two-rank-nccl-allreduce-v1,4194304,float16,2,4,21,1127.5520324707031,1128.4480094909668,1128.4480094909668,20,100,2026-09-07T21:16:02.300602+00:00
kaggle-vllm-m3-allreduce-raw-v1,kaggle-vllm-m3-two-rank-nccl-allreduce-v1,4194304,float16,2,4,22,1133.0879926681519,1141.4079666137695,1141.4079666137695,20,100,2026-09-07T21:16:02.300602+00:00
kaggle-vllm-m3-allreduce-raw-v1,kaggle-vllm-m3-two-rank-nccl-allreduce-v1,4194304,float16,2,4,23,1142.4319744110107,1828.7999629974365,1828.7999629974365,20,100,2026-09-07T21:16:02.300602+00:00
kaggle-vllm-m3-allreduce-raw-v1,kaggle-vllm-m3-two-rank-nccl-allreduce-v1,4194304,float16,2,4,24,1156.607985496521,1154.528021812439,1156.607985496521,20,100,2026-09-07T21:16:02.300602+00:00
kaggle-vllm-m3-allreduce-raw-v1,kaggle-vllm-m3-two-rank-nccl-allreduce-v1,4194304,float16,2,4,25,1145.535945892334,1152.83203125,1152.83203125,20,100,2026-09-07T21:16:02.300602+00:00
kaggle-vllm-m3-allreduce-raw-v1,kaggle-vllm-m3-two-rank-nccl-allreduce-v1,4194304,float16,2,4,26,1126.431941986084,1126.5599727630615,1126.5599727630615,20,100,2026-09-07T21:16:02.300602+00:00
kaggle-vllm-m3-allreduce-raw-v1,kaggle-vllm-m3-two-rank-nccl-allreduce-v1,4194304,float16,2,4,27,1120.576024055481,1120.2880144119263,1120.576024055481,20,100,2026-09-07T21:16:02.300602+00:00
kaggle-vllm-m3-allreduce-raw-v1,kaggle-vllm-m3-two-rank-nccl-allreduce-v1,4194304,float16,2,4,28,1133.8880062103271,1118.2080507278442,1133.8880062103271,20,100,2026-09-07T21:16:02.300602+00:00
kaggle-vllm-m3-allreduce-raw-v1,kaggle-vllm-m3-two-rank-nccl-allreduce-v1,4194304,float16,2,4,29,1134.9760293960571,1128.7360191345215,1134.9760293960571,20,100,2026-09-07T21:16:02.300602+00:00
kaggle-vllm-m3-allreduce-raw-v1,kaggle-vllm-m3-two-rank-nccl-allreduce-v1,4194304,float16,2,4,30,1122.27201461792,1101.9840240478516,1122.27201461792,20,100,2026-09-07T21:16:02.300602+00:00
kaggle-vllm-m3-allreduce-raw-v1,kaggle-vllm-m3-two-rank-nccl-allreduce-v1,4194304,float16,2,4,31,985.2480292320251,1932.6720237731934,1932.6720237731934,20,100,2026-09-07T21:16:02.300602+00:00
kaggle-vllm-m3-allreduce-raw-v1,kaggle-vllm-m3-two-rank-nccl-allreduce-v1,4194304,float16,2,4,32,1136.896014213562,1118.175983428955,1136.896014213562,20,100,2026-09-07T21:16:02.300602+00:00
kaggle-vllm-m3-allreduce-raw-v1,kaggle-vllm-m3-two-rank-nccl-allreduce-v1,4194304,float16,2,4,33,1124.8639822006226,1106.7520380020142,1124.8639822006226,20,100,2026-09-07T21:16:02.300602+00:00
kaggle-vllm-m3-allreduce-raw-v1,kaggle-vllm-m3-two-rank-nccl-allreduce-v1,4194304,float16,2,4,34,1137.5999450683594,1133.3760023117065,1137.5999450683594,20,100,2026-09-07T21:16:02.300602+00:00
kaggle-vllm-m3-allreduce-raw-v1,kaggle-vllm-m3-two-rank-nccl-allreduce-v1,4194304,float16,2,4,35,1146.9119787216187,1125.599980354309,1146.9119787216187,20,100,2026-09-07T21:16:02.300602+00:00
kaggle-vllm-m3-allreduce-raw-v1,kaggle-vllm-m3-two-rank-nccl-allreduce-v1,4194304,float16,2,4,36,1073.3439922332764,1077.1839618682861,1077.1839618682861,20,100,2026-09-07T21:16:02.300602+00:00
kaggle-vllm-m3-allreduce-raw-v1,kaggle-vllm-m3-two-rank-nccl-allreduce-v1,4194304,float16,2,4,37,1105.1520109176636,1062.4639987945557,1105.1520109176636,20,100,2026-09-07T21:16:02.300602+00:00
kaggle-vllm-m3-allreduce-raw-v1,kaggle-vllm-m3-two-rank-nccl-allreduce-v1,4194304,float16,2,4,38,1114.9439811706543,1077.3119926452637,1114.9439811706543,20,100,2026-09-07T21:16:02.300602+00:00
kaggle-vllm-m3-allreduce-raw-v1,kaggle-vllm-m3-two-rank-nccl-allreduce-v1,4194304,float16,2,4,39,1105.88800907135,1054.9119710922241,1105.88800907135,20,100,2026-09-07T21:16:02.300602+00:00
kaggle-vllm-m3-allreduce-raw-v1,kaggle-vllm-m3-two-rank-nccl-allreduce-v1,4194304,float16,2,4,40,1110.368013381958,1046.623945236206,1110.368013381958,20,100,2026-09-07T21:16:02.300602+00:00
kaggle-vllm-m3-allreduce-raw-v1,kaggle-vllm-m3-two-rank-nccl-allreduce-v1,4194304,float16,2,4,41,1099.4559526443481,1057.6319694519043,1099.4559526443481,20,100,2026-09-07T21:16:02.300602+00:00
kaggle-vllm-m3-allreduce-raw-v1,kaggle-vllm-m3-two-rank-nccl-allreduce-v1,4194304,float16,2,4,42,1125.5359649658203,1099.0400314331055,1125.5359649658203,20,100,2026-09-07T21:16:02.300602+00:00
kaggle-vllm-m3-allreduce-raw-v1,kaggle-vllm-m3-two-rank-nccl-allreduce-v1,4194304,float16,2,4,43,1150.6240367889404,1075.2960443496704,1150.6240367889404,20,100,2026-09-07T21:16:02.300602+00:00
kaggle-vllm-m3-allreduce-raw-v1,kaggle-vllm-m3-two-rank-nccl-allreduce-v1,4194304,float16,2,4,44,1130.4320096969604,1083.359956741333,1130.4320096969604,20,100,2026-09-07T21:16:02.300602+00:00
kaggle-vllm-m3-allreduce-raw-v1,kaggle-vllm-m3-two-rank-nccl-allreduce-v1,4194304,float16,2,4,45,1120.8000183105469,1068.8320398330688,1120.8000183105469,20,100,2026-09-07T21:16:02.300602+00:00
kaggle-vllm-m3-allreduce-raw-v1,kaggle-vllm-m3-two-rank-nccl-allreduce-v1,4194304,float16,2,4,46,1107.9039573669434,1075.1999616622925,1107.9039573669434,20,100,2026-09-07T21:16:02.300602+00:00
kaggle-vllm-m3-allreduce-raw-v1,kaggle-vllm-m3-two-rank-nccl-allreduce-v1,4194304,float16,2,4,47,1114.9439811706543,1087.8080129623413,1114.9439811706543,20,100,2026-09-07T21:16:02.300602+00:00
kaggle-vllm-m3-allreduce-raw-v1,kaggle-vllm-m3-two-rank-nccl-allreduce-v1,4194304,float16,2,4,48,1088.927984237671,1044.1279411315918,1088.927984237671,20,100,2026-09-07T21:16:02.300602+00:00
kaggle-vllm-m3-allreduce-raw-v1,kaggle-vllm-m3-two-rank-nccl-allreduce-v1,4194304,float16,2,4,49,1114.367961883545,1089.5040035247803,1114.367961883545,20,100,2026-09-07T21:16:02.300602+00:00
kaggle-vllm-m3-allreduce-raw-v1,kaggle-vllm-m3-two-rank-nccl-allreduce-v1,4194304,float16,2,4,50,1117.9519891738892,1104.9599647521973,1117.9519891738892,20,100,2026-09-07T21:16:02.300602+00:00
kaggle-vllm-m3-allreduce-raw-v1,kaggle-vllm-m3-two-rank-nccl-allreduce-v1,4194304,float16,2,4,51,1136.4480257034302,1120.255947113037,1136.4480257034302,20,100,2026-09-07T21:16:02.300602+00:00
kaggle-vllm-m3-allreduce-raw-v1,kaggle-vllm-m3-two-rank-nccl-allreduce-v1,4194304,float16,2,4,52,1138.6560201644897,1118.2080507278442,1138.6560201644897,20,100,2026-09-07T21:16:02.300602+00:00
kaggle-vllm-m3-allreduce-raw-v1,kaggle-vllm-m3-two-rank-nccl-allreduce-v1,4194304,float16,2,4,53,1138.6560201644897,1133.5359811782837,1138.6560201644897,20,100,2026-09-07T21:16:02.300602+00:00
kaggle-vllm-m3-allreduce-raw-v1,kaggle-vllm-m3-two-rank-nccl-allreduce-v1,4194304,float16,2,4,54,1087.1039628982544,1059.2960119247437,1087.1039628982544,20,100,2026-09-07T21:16:02.300602+00:00
kaggle-vllm-m3-allreduce-raw-v1,kaggle-vllm-m3-two-rank-nccl-allreduce-v1,4194304,float16,2,4,55,1117.9200410842896,1099.776029586792,1117.9200410842896,20,100,2026-09-07T21:16:02.300602+00:00
kaggle-vllm-m3-allreduce-raw-v1,kaggle-vllm-m3-two-rank-nccl-allreduce-v1,4194304,float16,2,4,56,1134.6240043640137,1124.351978302002,1134.6240043640137,20,100,2026-09-07T21:16:02.300602+00:00
kaggle-vllm-m3-allreduce-raw-v1,kaggle-vllm-m3-two-rank-nccl-allreduce-v1,4194304,float16,2,4,57,1132.5759887695312,1121.1520433425903,1132.5759887695312,20,100,2026-09-07T21:16:02.300602+00:00
kaggle-vllm-m3-allreduce-raw-v1,kaggle-vllm-m3-two-rank-nccl-allreduce-v1,4194304,float16,2,4,58,1138.5279893875122,1134.2079639434814,1138.5279893875122,20,100,2026-09-07T21:16:02.300602+00:00
kaggle-vllm-m3-allreduce-raw-v1,kaggle-vllm-m3-two-rank-nccl-allreduce-v1,4194304,float16,2,4,59,1091.2959575653076,1032.7999591827393,1091.2959575653076,20,100,2026-09-07T21:16:02.300602+00:00
kaggle-vllm-m3-allreduce-raw-v1,kaggle-vllm-m3-two-rank-nccl-allreduce-v1,4194304,float16,2,4,60,1082.2720527648926,1064.96000289917,1082.2720527648926,20,100,2026-09-07T21:16:02.300602+00:00
kaggle-vllm-m3-allreduce-raw-v1,kaggle-vllm-m3-two-rank-nccl-allreduce-v1,4194304,float16,2,4,61,1100.383996963501,1078.5599946975708,1100.383996963501,20,100,2026-09-07T21:16:02.300602+00:00
kaggle-vllm-m3-allreduce-raw-v1,kaggle-vllm-m3-two-rank-nccl-allreduce-v1,4194304,float16,2,4,62,1099.295973777771,1083.616018295288,1099.295973777771,20,100,2026-09-07T21:16:02.300602+00:00
kaggle-vllm-m3-allreduce-raw-v1,kaggle-vllm-m3-two-rank-nccl-allreduce-v1,4194304,float16,2,4,63,1100.1919507980347,1081.6320180892944,1100.1919507980347,20,100,2026-09-07T21:16:02.300602+00:00
kaggle-vllm-m3-allreduce-raw-v1,kaggle-vllm-m3-two-rank-nccl-allreduce-v1,4194304,float16,2,4,64,1092.0319557189941,1083.4239721298218,1092.0319557189941,20,100,2026-09-07T21:16:02.300602+00:00
kaggle-vllm-m3-allreduce-raw-v1,kaggle-vllm-m3-two-rank-nccl-allreduce-v1,4194304,float16,2,4,65,1096.3200330734253,1070.4959630966187,1096.3200330734253,20,100,2026-09-07T21:16:02.300602+00:00
kaggle-vllm-m3-allreduce-raw-v1,kaggle-vllm-m3-two-rank-nccl-allreduce-v1,4194304,float16,2,4,66,1110.368013381958,1078.6880254745483,1110.368013381958,20,100,2026-09-07T21:16:02.300602+00:00
kaggle-vllm-m3-allreduce-raw-v1,kaggle-vllm-m3-two-rank-nccl-allreduce-v1,4194304,float16,2,4,67,1097.4080562591553,1087.1679782867432,1097.4080562591553,20,100,2026-09-07T21:16:02.300602+00:00
kaggle-vllm-m3-allreduce-raw-v1,kaggle-vllm-m3-two-rank-nccl-allreduce-v1,4194304,float16,2,4,68,1101.8240451812744,1054.7840595245361,1101.8240451812744,20,100,2026-09-07T21:16:02.300602+00:00
kaggle-vllm-m3-allreduce-raw-v1,kaggle-vllm-m3-two-rank-nccl-allreduce-v1,4194304,float16,2,4,69,1084.4800472259521,1064.9919509887695,1084.4800472259521,20,100,2026-09-07T21:16:02.300602+00:00
kaggle-vllm-m3-allreduce-raw-v1,kaggle-vllm-m3-two-rank-nccl-allreduce-v1,4194304,float16,2,4,70,1097.7599620819092,1053.3119440078735,1097.7599620819092,20,100,2026-09-07T21:16:02.300602+00:00
kaggle-vllm-m3-allreduce-raw-v1,kaggle-vllm-m3-two-rank-nccl-allreduce-v1,4194304,float16,2,4,71,1087.4559879302979,1072.6720094680786,1087.4559879302979,20,100,2026-09-07T21:16:02.300602+00:00
kaggle-vllm-m3-allreduce-raw-v1,kaggle-vllm-m3-two-rank-nccl-allreduce-v1,4194304,float16,2,4,72,1091.5839672088623,1058.8159561157227,1091.5839672088623,20,100,2026-09-07T21:16:02.300602+00:00
kaggle-vllm-m3-allreduce-raw-v1,kaggle-vllm-m3-two-rank-nccl-allreduce-v1,4194304,float16,2,4,73,1090.9759998321533,1075.1680135726929,1090.9759998321533,20,100,2026-09-07T21:16:02.300602+00:00
kaggle-vllm-m3-allreduce-raw-v1,kaggle-vllm-m3-two-rank-nccl-allreduce-v1,4194304,float16,2,4,74,1082.9440355300903,1066.1439895629883,1082.9440355300903,20,100,2026-09-07T21:16:02.300602+00:00
kaggle-vllm-m3-allreduce-raw-v1,kaggle-vllm-m3-two-rank-nccl-allreduce-v1,4194304,float16,2,4,75,1100.1919507980347,1071.1040496826172,1100.1919507980347,20,100,2026-09-07T21:16:02.300602+00:00
kaggle-vllm-m3-allreduce-raw-v1,kaggle-vllm-m3-two-rank-nccl-allreduce-v1,4194304,float16,2,4,76,1098.2719659805298,1081.6960334777832,1098.2719659805298,20,100,2026-09-07T21:16:02.300602+00:00
kaggle-vllm-m3-allreduce-raw-v1,kaggle-vllm-m3-two-rank-nccl-allreduce-v1,4194304,float16,2,4,77,1150.4640579223633,1142.4000263214111,1150.4640579223633,20,100,2026-09-07T21:16:02.300602+00:00
kaggle-vllm-m3-allreduce-raw-v1,kaggle-vllm-m3-two-rank-nccl-allreduce-v1,4194304,float16,2,4,78,1098.080039024353,1059.7440004348755,1098.080039024353,20,100,2026-09-07T21:16:02.300602+00:00
kaggle-vllm-m3-allreduce-raw-v1,kaggle-vllm-m3-two-rank-nccl-allreduce-v1,4194304,float16,2,4,79,1094.8799848556519,1027.9359817504883,1094.8799848556519,20,100,2026-09-07T21:16:02.300602+00:00
kaggle-vllm-m3-allreduce-raw-v1,kaggle-vllm-m3-two-rank-nccl-allreduce-v1,4194304,float16,2,4,80,1104.383945465088,1055.0719499588013,1104.383945465088,20,100,2026-09-07T21:16:02.300602+00:00
kaggle-vllm-m3-allreduce-raw-v1,kaggle-vllm-m3-two-rank-nccl-allreduce-v1,4194304,float16,2,4,81,1112.064003944397,1071.776032447815,1112.064003944397,20,100,2026-09-07T21:16:02.300602+00:00
kaggle-vllm-m3-allreduce-raw-v1,kaggle-vllm-m3-two-rank-nccl-allreduce-v1,4194304,float16,2,4,82,1124.959945678711,1118.1440353393555,1124.959945678711,20,100,2026-09-07T21:16:02.300602+00:00
kaggle-vllm-m3-allreduce-raw-v1,kaggle-vllm-m3-two-rank-nccl-allreduce-v1,4194304,float16,2,4,83,1185.8240365982056,1173.5039949417114,1185.8240365982056,20,100,2026-09-07T21:16:02.300602+00:00
kaggle-vllm-m3-allreduce-raw-v1,kaggle-vllm-m3-two-rank-nccl-allreduce-v1,4194304,float16,2,4,84,1134.6240043640137,1126.528024673462,1134.6240043640137,20,100,2026-09-07T21:16:02.300602+00:00
kaggle-vllm-m3-allreduce-raw-v1,kaggle-vllm-m3-two-rank-nccl-allreduce-v1,4194304,float16,2,4,85,1132.8320503234863,1116.6080236434937,1132.8320503234863,20,100,2026-09-07T21:16:02.300602+00:00
kaggle-vllm-m3-allreduce-raw-v1,kaggle-vllm-m3-two-rank-nccl-allreduce-v1,4194304,float16,2,4,86,1133.1199407577515,1128.8319826126099,1133.1199407577515,20,100,2026-09-07T21:16:02.300602+00:00
kaggle-vllm-m3-allreduce-raw-v1,kaggle-vllm-m3-two-rank-nccl-allreduce-v1,4194304,float16,2,4,87,1141.8880224227905,1122.3039627075195,1141.8880224227905,20,100,2026-09-07T21:16:02.300602+00:00
kaggle-vllm-m3-allreduce-raw-v1,kaggle-vllm-m3-two-rank-nccl-allreduce-v1,4194304,float16,2,4,88,1171.4880466461182,1164.1279458999634,1171.4880466461182,20,100,2026-09-07T21:16:02.300602+00:00
kaggle-vllm-m3-allreduce-raw-v1,kaggle-vllm-m3-two-rank-nccl-allreduce-v1,4194304,float16,2,4,89,1132.5440406799316,1118.2080507278442,1132.5440406799316,20,100,2026-09-07T21:16:02.300602+00:00
kaggle-vllm-m3-allreduce-raw-v1,kaggle-vllm-m3-two-rank-nccl-allreduce-v1,4194304,float16,2,4,90,1146.880030632019,1141.2160396575928,1146.880030632019,20,100,2026-09-07T21:16:02.300602+00:00
kaggle-vllm-m3-allreduce-raw-v1,kaggle-vllm-m3-two-rank-nccl-allreduce-v1,4194304,float16,2,4,91,1122.3360300064087,1111.680030822754,1122.3360300064087,20,100,2026-09-07T21:16:02.300602+00:00
kaggle-vllm-m3-allreduce-raw-v1,kaggle-vllm-m3-two-rank-nccl-allreduce-v1,4194304,float16,2,4,92,1119.6800470352173,1114.1120195388794,1119.6800470352173,20,100,2026-09-07T21:16:02.300602+00:00
kaggle-vllm-m3-allreduce-raw-v1,kaggle-vllm-m3-two-rank-nccl-allreduce-v1,4194304,float16,2,4,93,1532.0639610290527,984.8639965057373,1532.0639610290527,20,100,2026-09-07T21:16:02.300602+00:00
kaggle-vllm-m3-allreduce-raw-v1,kaggle-vllm-m3-two-rank-nccl-allreduce-v1,4194304,float16,2,4,94,1150.8480310440063,1130.6560039520264,1150.8480310440063,20,100,2026-09-07T21:16:02.300602+00:00
kaggle-vllm-m3-allreduce-raw-v1,kaggle-vllm-m3-two-rank-nccl-allreduce-v1,4194304,float16,2,4,95,1127.1040439605713,1110.7200384140015,1127.1040439605713,20,100,2026-09-07T21:16:02.300602+00:00
kaggle-vllm-m3-allreduce-raw-v1,kaggle-vllm-m3-two-rank-nccl-allreduce-v1,4194304,float16,2,4,96,1128.4799575805664,1104.4479608535767,1128.4799575805664,20,100,2026-09-07T21:16:02.300602+00:00
kaggle-vllm-m3-allreduce-raw-v1,kaggle-vllm-m3-two-rank-nccl-allreduce-v1,4194304,float16,2,4,97,1140.7359838485718,1130.4960250854492,1140.7359838485718,20,100,2026-09-07T21:16:02.300602+00:00
kaggle-vllm-m3-allreduce-raw-v1,kaggle-vllm-m3-two-rank-nccl-allreduce-v1,4194304,float16,2,4,98,1126.431941986084,1107.8720092773438,1126.431941986084,20,100,2026-09-07T21:16:02.300602+00:00
kaggle-vllm-m3-allreduce-raw-v1,kaggle-vllm-m3-two-rank-nccl-allreduce-v1,4194304,float16,2,4,99,1126.3999938964844,1123.5840320587158,1126.3999938964844,20,100,2026-09-07T21:16:02.300602+00:00
kaggle-vllm-m3-allreduce-raw-v1,kaggle-vllm-m3-two-rank-nccl-allreduce-v1,16777216,float16,2,4,0,4212.639808654785,4233.215808868408,4233.215808868408,20,100,2026-09-07T21:16:02.843068+00:00
kaggle-vllm-m3-allreduce-raw-v1,kaggle-vllm-m3-two-rank-nccl-allreduce-v1,16777216,float16,2,4,1,4219.520092010498,4243.328094482422,4243.328094482422,20,100,2026-09-07T21:16:02.843068+00:00
kaggle-vllm-m3-allreduce-raw-v1,kaggle-vllm-m3-two-rank-nccl-allreduce-v1,16777216,float16,2,4,2,4237.631797790527,4231.488227844238,4237.631797790527,20,100,2026-09-07T21:16:02.843068+00:00
kaggle-vllm-m3-allreduce-raw-v1,kaggle-vllm-m3-two-rank-nccl-allreduce-v1,16777216,float16,2,4,3,4220.191955566406,4226.431846618652,4226.431846618652,20,100,2026-09-07T21:16:02.843068+00:00
kaggle-vllm-m3-allreduce-raw-v1,kaggle-vllm-m3-two-rank-nccl-allreduce-v1,16777216,float16,2,4,4,4206.560134887695,4200.223922729492,4206.560134887695,20,100,2026-09-07T21:16:02.843068+00:00
kaggle-vllm-m3-allreduce-raw-v1,kaggle-vllm-m3-two-rank-nccl-allreduce-v1,16777216,float16,2,4,5,4220.9601402282715,4216.671943664551,4220.9601402282715,20,100,2026-09-07T21:16:02.843068+00:00
kaggle-vllm-m3-allreduce-raw-v1,kaggle-vllm-m3-two-rank-nccl-allreduce-v1,16777216,float16,2,4,6,4238.560199737549,4234.335899353027,4238.560199737549,20,100,2026-09-07T21:16:02.843068+00:00
kaggle-vllm-m3-allreduce-raw-v1,kaggle-vllm-m3-two-rank-nccl-allreduce-v1,16777216,float16,2,4,7,4218.880176544189,4221.312046051025,4221.312046051025,20,100,2026-09-07T21:16:02.843068+00:00
kaggle-vllm-m3-allreduce-raw-v1,kaggle-vllm-m3-two-rank-nccl-allreduce-v1,16777216,float16,2,4,8,4209.343910217285,4212.607860565186,4212.607860565186,20,100,2026-09-07T21:16:02.843068+00:00
kaggle-vllm-m3-allreduce-raw-v1,kaggle-vllm-m3-two-rank-nccl-allreduce-v1,16777216,float16,2,4,9,4217.343807220459,4219.295978546143,4219.295978546143,20,100,2026-09-07T21:16:02.843068+00:00
kaggle-vllm-m3-allreduce-raw-v1,kaggle-vllm-m3-two-rank-nccl-allreduce-v1,16777216,float16,2,4,10,4227.071762084961,4232.800006866455,4232.800006866455,20,100,2026-09-07T21:16:02.843068+00:00
kaggle-vllm-m3-allreduce-raw-v1,kaggle-vllm-m3-two-rank-nccl-allreduce-v1,16777216,float16,2,4,11,4221.439838409424,4216.928005218506,4221.439838409424,20,100,2026-09-07T21:16:02.843068+00:00
kaggle-vllm-m3-allreduce-raw-v1,kaggle-vllm-m3-two-rank-nccl-allreduce-v1,16777216,float16,2,4,12,4212.736129760742,4206.079959869385,4212.736129760742,20,100,2026-09-07T21:16:02.843068+00:00
kaggle-vllm-m3-allreduce-raw-v1,kaggle-vllm-m3-two-rank-nccl-allreduce-v1,16777216,float16,2,4,13,4216.832160949707,4223.231792449951,4223.231792449951,20,100,2026-09-07T21:16:02.843068+00:00
kaggle-vllm-m3-allreduce-raw-v1,kaggle-vllm-m3-two-rank-nccl-allreduce-v1,16777216,float16,2,4,14,4220.57580947876,4222.976207733154,4222.976207733154,20,100,2026-09-07T21:16:02.843068+00:00
kaggle-vllm-m3-allreduce-raw-v1,kaggle-vllm-m3-two-rank-nccl-allreduce-v1,16777216,float16,2,4,15,4222.623825073242,4227.071762084961,4227.071762084961,20,100,2026-09-07T21:16:02.843068+00:00
kaggle-vllm-m3-allreduce-raw-v1,kaggle-vllm-m3-two-rank-nccl-allreduce-v1,16777216,float16,2,4,16,4216.032028198242,4211.711883544922,4216.032028198242,20,100,2026-09-07T21:16:02.843068+00:00
kaggle-vllm-m3-allreduce-raw-v1,kaggle-vllm-m3-two-rank-nccl-allreduce-v1,16777216,float16,2,4,17,4153.439998626709,4171.775817871094,4171.775817871094,20,100,2026-09-07T21:16:02.843068+00:00
kaggle-vllm-m3-allreduce-raw-v1,kaggle-vllm-m3-two-rank-nccl-allreduce-v1,16777216,float16,2,4,18,4175.871849060059,4155.392169952393,4175.871849060059,20,100,2026-09-07T21:16:02.843068+00:00
kaggle-vllm-m3-allreduce-raw-v1,kaggle-vllm-m3-two-rank-nccl-allreduce-v1,16777216,float16,2,4,19,4194.591999053955,4203.551769256592,4203.551769256592,20,100,2026-09-07T21:16:02.843068+00:00
kaggle-vllm-m3-allreduce-raw-v1,kaggle-vllm-m3-two-rank-nccl-allreduce-v1,16777216,float16,2,4,20,4188.096046447754,4180.672168731689,4188.096046447754,20,100,2026-09-07T21:16:02.843068+00:00
kaggle-vllm-m3-allreduce-raw-v1,kaggle-vllm-m3-two-rank-nccl-allreduce-v1,16777216,float16,2,4,21,4227.071762084961,4229.599952697754,4229.599952697754,20,100,2026-09-07T21:16:02.843068+00:00
kaggle-vllm-m3-allreduce-raw-v1,kaggle-vllm-m3-two-rank-nccl-allreduce-v1,16777216,float16,2,4,22,4207.712173461914,4220.160007476807,4220.160007476807,20,100,2026-09-07T21:16:02.843068+00:00
kaggle-vllm-m3-allreduce-raw-v1,kaggle-vllm-m3-two-rank-nccl-allreduce-v1,16777216,float16,2,4,23,4199.647903442383,4207.808017730713,4207.808017730713,20,100,2026-09-07T21:16:02.843068+00:00
kaggle-vllm-m3-allreduce-raw-v1,kaggle-vllm-m3-two-rank-nccl-allreduce-v1,16777216,float16,2,4,24,4204.383850097656,4211.520195007324,4211.520195007324,20,100,2026-09-07T21:16:02.843068+00:00
kaggle-vllm-m3-allreduce-raw-v1,kaggle-vllm-m3-two-rank-nccl-allreduce-v1,16777216,float16,2,4,25,4225.120067596436,4228.73592376709,4228.73592376709,20,100,2026-09-07T21:16:02.843068+00:00
kaggle-vllm-m3-allreduce-raw-v1,kaggle-vllm-m3-two-rank-nccl-allreduce-v1,16777216,float16,2,4,26,4271.488189697266,4280.416011810303,4280.416011810303,20,100,2026-09-07T21:16:02.843068+00:00
kaggle-vllm-m3-allreduce-raw-v1,kaggle-vllm-m3-two-rank-nccl-allreduce-v1,16777216,float16,2,4,27,4206.495761871338,4210.68811416626,4210.68811416626,20,100,2026-09-07T21:16:02.843068+00:00
kaggle-vllm-m3-allreduce-raw-v1,kaggle-vllm-m3-two-rank-nccl-allreduce-v1,16777216,float16,2,4,28,4191.808223724365,4201.727867126465,4201.727867126465,20,100,2026-09-07T21:16:02.843068+00:00
kaggle-vllm-m3-allreduce-raw-v1,kaggle-vllm-m3-two-rank-nccl-allreduce-v1,16777216,float16,2,4,29,4206.592082977295,4212.736129760742,4212.736129760742,20,100,2026-09-07T21:16:02.843068+00:00
kaggle-vllm-m3-allreduce-raw-v1,kaggle-vllm-m3-two-rank-nccl-allreduce-v1,16777216,float16,2,4,30,4061.8557929992676,4079.616069793701,4079.616069793701,20,100,2026-09-07T21:16:02.843068+00:00
kaggle-vllm-m3-allreduce-raw-v1,kaggle-vllm-m3-two-rank-nccl-allreduce-v1,16777216,float16,2,4,31,4091.9041633605957,4057.568073272705,4091.9041633605957,20,100,2026-09-07T21:16:02.843068+00:00
kaggle-vllm-m3-allreduce-raw-v1,kaggle-vllm-m3-two-rank-nccl-allreduce-v1,16777216,float16,2,4,32,4096.000194549561,4083.712100982666,4096.000194549561,20,100,2026-09-07T21:16:02.843068+00:00
kaggle-vllm-m3-allreduce-raw-v1,kaggle-vllm-m3-two-rank-nccl-allreduce-v1,16777216,float16,2,4,33,4118.400096893311,4098.048210144043,4118.400096893311,20,100,2026-09-07T21:16:02.843068+00:00
kaggle-vllm-m3-allreduce-raw-v1,kaggle-vllm-m3-two-rank-nccl-allreduce-v1,16777216,float16,2,4,34,4115.551948547363,4060.704231262207,4115.551948547363,20,100,2026-09-07T21:16:02.843068+00:00
kaggle-vllm-m3-allreduce-raw-v1,kaggle-vllm-m3-two-rank-nccl-allreduce-v1,16777216,float16,2,4,35,4240.767955780029,4222.976207733154,4240.767955780029,20,100,2026-09-07T21:16:02.843068+00:00
kaggle-vllm-m3-allreduce-raw-v1,kaggle-vllm-m3-two-rank-nccl-allreduce-v1,16777216,float16,2,4,36,4225.535869598389,4222.784042358398,4225.535869598389,20,100,2026-09-07T21:16:02.843068+00:00
kaggle-vllm-m3-allreduce-raw-v1,kaggle-vllm-m3-two-rank-nccl-allreduce-v1,16777216,float16,2,4,37,4070.6238746643066,4052.9918670654297,4070.6238746643066,20,100,2026-09-07T21:16:02.843068+00:00
kaggle-vllm-m3-allreduce-raw-v1,kaggle-vllm-m3-two-rank-nccl-allreduce-v1,16777216,float16,2,4,38,4040.4481887817383,4058.7520599365234,4058.7520599365234,20,100,2026-09-07T21:16:02.843068+00:00
kaggle-vllm-m3-allreduce-raw-v1,kaggle-vllm-m3-two-rank-nccl-allreduce-v1,16777216,float16,2,4,39,4157.792091369629,4139.103889465332,4157.792091369629,20,100,2026-09-07T21:16:02.843068+00:00
kaggle-vllm-m3-allreduce-raw-v1,kaggle-vllm-m3-two-rank-nccl-allreduce-v1,16777216,float16,2,4,40,4148.608207702637,4128.223896026611,4148.608207702637,20,100,2026-09-07T21:16:02.843068+00:00
kaggle-vllm-m3-allreduce-raw-v1,kaggle-vllm-m3-two-rank-nccl-allreduce-v1,16777216,float16,2,4,41,4155.680179595947,4131.072044372559,4155.680179595947,20,100,2026-09-07T21:16:02.843068+00:00
kaggle-vllm-m3-allreduce-raw-v1,kaggle-vllm-m3-two-rank-nccl-allreduce-v1,16777216,float16,2,4,42,4058.4640502929688,4018.400192260742,4058.4640502929688,20,100,2026-09-07T21:16:02.843068+00:00
kaggle-vllm-m3-allreduce-raw-v1,kaggle-vllm-m3-two-rank-nccl-allreduce-v1,16777216,float16,2,4,43,4239.712238311768,4233.024120330811,4239.712238311768,20,100,2026-09-07T21:16:02.843068+00:00
kaggle-vllm-m3-allreduce-raw-v1,kaggle-vllm-m3-two-rank-nccl-allreduce-v1,16777216,float16,2,4,44,4236.224174499512,4244.224071502686,4244.224071502686,20,100,2026-09-07T21:16:02.843068+00:00
kaggle-vllm-m3-allreduce-raw-v1,kaggle-vllm-m3-two-rank-nccl-allreduce-v1,16777216,float16,2,4,45,4233.215808868408,4233.08801651001,4233.215808868408,20,100,2026-09-07T21:16:02.843068+00:00
kaggle-vllm-m3-allreduce-raw-v1,kaggle-vllm-m3-two-rank-nccl-allreduce-v1,16777216,float16,2,4,46,4222.976207733154,4235.263824462891,4235.263824462891,20,100,2026-09-07T21:16:02.843068+00:00
kaggle-vllm-m3-allreduce-raw-v1,kaggle-vllm-m3-two-rank-nccl-allreduce-v1,16777216,float16,2,4,47,4202.591896057129,4212.768077850342,4212.768077850342,20,100,2026-09-07T21:16:02.843068+00:00
kaggle-vllm-m3-allreduce-raw-v1,kaggle-vllm-m3-two-rank-nccl-allreduce-v1,16777216,float16,2,4,48,4213.503837585449,4220.928192138672,4220.928192138672,20,100,2026-09-07T21:16:02.843068+00:00
kaggle-vllm-m3-allreduce-raw-v1,kaggle-vllm-m3-two-rank-nccl-allreduce-v1,16777216,float16,2,4,49,4183.42399597168,4184.031963348389,4184.031963348389,20,100,2026-09-07T21:16:02.843068+00:00
kaggle-vllm-m3-allreduce-raw-v1,kaggle-vllm-m3-two-rank-nccl-allreduce-v1,16777216,float16,2,4,50,4196.288108825684,4193.727970123291,4196.288108825684,20,100,2026-09-07T21:16:02.843068+00:00
kaggle-vllm-m3-allreduce-raw-v1,kaggle-vllm-m3-two-rank-nccl-allreduce-v1,16777216,float16,2,4,51,4193.151950836182,4186.880111694336,4193.151950836182,20,100,2026-09-07T21:16:02.843068+00:00
kaggle-vllm-m3-allreduce-raw-v1,kaggle-vllm-m3-two-rank-nccl-allreduce-v1,16777216,float16,2,4,52,4234.14421081543,4255.743980407715,4255.743980407715,20,100,2026-09-07T21:16:02.843068+00:00
kaggle-vllm-m3-allreduce-raw-v1,kaggle-vllm-m3-two-rank-nccl-allreduce-v1,16777216,float16,2,4,53,4213.088035583496,4228.22380065918,4228.22380065918,20,100,2026-09-07T21:16:02.843068+00:00
kaggle-vllm-m3-allreduce-raw-v1,kaggle-vllm-m3-two-rank-nccl-allreduce-v1,16777216,float16,2,4,54,4210.783958435059,4220.54386138916,4220.54386138916,20,100,2026-09-07T21:16:02.843068+00:00
kaggle-vllm-m3-allreduce-raw-v1,kaggle-vllm-m3-two-rank-nccl-allreduce-v1,16777216,float16,2,4,55,4208.000183105469,4218.048095703125,4218.048095703125,20,100,2026-09-07T21:16:02.843068+00:00
kaggle-vllm-m3-allreduce-raw-v1,kaggle-vllm-m3-two-rank-nccl-allreduce-v1,16777216,float16,2,4,56,4212.672233581543,4223.711967468262,4223.711967468262,20,100,2026-09-07T21:16:02.843068+00:00
kaggle-vllm-m3-allreduce-raw-v1,kaggle-vllm-m3-two-rank-nccl-allreduce-v1,16777216,float16,2,4,57,4202.176094055176,4213.98401260376,4213.98401260376,20,100,2026-09-07T21:16:02.843068+00:00
kaggle-vllm-m3-allreduce-raw-v1,kaggle-vllm-m3-two-rank-nccl-allreduce-v1,16777216,float16,2,4,58,4207.520008087158,4216.991901397705,4216.991901397705,20,100,2026-09-07T21:16:02.843068+00:00
kaggle-vllm-m3-allreduce-raw-v1,kaggle-vllm-m3-two-rank-nccl-allreduce-v1,16777216,float16,2,4,59,4157.440185546875,4188.159942626953,4188.159942626953,20,100,2026-09-07T21:16:02.843068+00:00
kaggle-vllm-m3-allreduce-raw-v1,kaggle-vllm-m3-two-rank-nccl-allreduce-v1,16777216,float16,2,4,60,4200.511932373047,4211.167812347412,4211.167812347412,20,100,2026-09-07T21:16:02.843068+00:00
kaggle-vllm-m3-allreduce-raw-v1,kaggle-vllm-m3-two-rank-nccl-allreduce-v1,16777216,float16,2,4,61,4211.7438316345215,4220.640182495117,4220.640182495117,20,100,2026-09-07T21:16:02.843068+00:00
kaggle-vllm-m3-allreduce-raw-v1,kaggle-vllm-m3-two-rank-nccl-allreduce-v1,16777216,float16,2,4,62,4187.327861785889,4201.43985748291,4201.43985748291,20,100,2026-09-07T21:16:02.843068+00:00
kaggle-vllm-m3-allreduce-raw-v1,kaggle-vllm-m3-two-rank-nccl-allreduce-v1,16777216,float16,2,4,63,4202.367782592773,4214.560031890869,4214.560031890869,20,100,2026-09-07T21:16:02.843068+00:00
kaggle-vllm-m3-allreduce-raw-v1,kaggle-vllm-m3-two-rank-nccl-allreduce-v1,16777216,float16,2,4,64,4196.127891540527,4198.400020599365,4198.400020599365,20,100,2026-09-07T21:16:02.843068+00:00
kaggle-vllm-m3-allreduce-raw-v1,kaggle-vllm-m3-two-rank-nccl-allreduce-v1,16777216,float16,2,4,65,4220.895767211914,4223.455905914307,4223.455905914307,20,100,2026-09-07T21:16:02.843068+00:00
kaggle-vllm-m3-allreduce-raw-v1,kaggle-vllm-m3-two-rank-nccl-allreduce-v1,16777216,float16,2,4,66,4216.512203216553,4210.68811416626,4216.512203216553,20,100,2026-09-07T21:16:02.843068+00:00
kaggle-vllm-m3-allreduce-raw-v1,kaggle-vllm-m3-two-rank-nccl-allreduce-v1,16777216,float16,2,4,67,4222.527980804443,4237.055778503418,4237.055778503418,20,100,2026-09-07T21:16:02.843068+00:00
kaggle-vllm-m3-allreduce-raw-v1,kaggle-vllm-m3-two-rank-nccl-allreduce-v1,16777216,float16,2,4,68,4206.592082977295,4220.895767211914,4220.895767211914,20,100,2026-09-07T21:16:02.843068+00:00
kaggle-vllm-m3-allreduce-raw-v1,kaggle-vllm-m3-two-rank-nccl-allreduce-v1,16777216,float16,2,4,69,4220.2558517456055,4229.119777679443,4229.119777679443,20,100,2026-09-07T21:16:02.843068+00:00
kaggle-vllm-m3-allreduce-raw-v1,kaggle-vllm-m3-two-rank-nccl-allreduce-v1,16777216,float16,2,4,70,4214.560031890869,4224.287986755371,4224.287986755371,20,100,2026-09-07T21:16:02.843068+00:00
kaggle-vllm-m3-allreduce-raw-v1,kaggle-vllm-m3-two-rank-nccl-allreduce-v1,16777216,float16,2,4,71,4215.072154998779,4222.976207733154,4222.976207733154,20,100,2026-09-07T21:16:02.843068+00:00
kaggle-vllm-m3-allreduce-raw-v1,kaggle-vllm-m3-two-rank-nccl-allreduce-v1,16777216,float16,2,4,72,4198.400020599365,4208.032131195068,4208.032131195068,20,100,2026-09-07T21:16:02.843068+00:00
kaggle-vllm-m3-allreduce-raw-v1,kaggle-vllm-m3-two-rank-nccl-allreduce-v1,16777216,float16,2,4,73,4195.199966430664,4206.687927246094,4206.687927246094,20,100,2026-09-07T21:16:02.843068+00:00
kaggle-vllm-m3-allreduce-raw-v1,kaggle-vllm-m3-two-rank-nccl-allreduce-v1,16777216,float16,2,4,74,4224.575996398926,4235.007762908936,4235.007762908936,20,100,2026-09-07T21:16:02.843068+00:00
kaggle-vllm-m3-allreduce-raw-v1,kaggle-vllm-m3-two-rank-nccl-allreduce-v1,16777216,float16,2,4,75,4210.68811416626,4220.57580947876,4220.57580947876,20,100,2026-09-07T21:16:02.843068+00:00
kaggle-vllm-m3-allreduce-raw-v1,kaggle-vllm-m3-two-rank-nccl-allreduce-v1,16777216,float16,2,4,76,4195.36018371582,4207.456111907959,4207.456111907959,20,100,2026-09-07T21:16:02.843068+00:00
kaggle-vllm-m3-allreduce-raw-v1,kaggle-vllm-m3-two-rank-nccl-allreduce-v1,16777216,float16,2,4,77,4204.768180847168,4212.512016296387,4212.512016296387,20,100,2026-09-07T21:16:02.843068+00:00
kaggle-vllm-m3-allreduce-raw-v1,kaggle-vllm-m3-two-rank-nccl-allreduce-v1,16777216,float16,2,4,78,4205.855846405029,4225.024223327637,4225.024223327637,20,100,2026-09-07T21:16:02.843068+00:00
kaggle-vllm-m3-allreduce-raw-v1,kaggle-vllm-m3-two-rank-nccl-allreduce-v1,16777216,float16,2,4,79,4200.5438804626465,4205.440044403076,4205.440044403076,20,100,2026-09-07T21:16:02.843068+00:00
kaggle-vllm-m3-allreduce-raw-v1,kaggle-vllm-m3-two-rank-nccl-allreduce-v1,16777216,float16,2,4,80,4219.007968902588,4235.263824462891,4235.263824462891,20,100,2026-09-07T21:16:02.843068+00:00
kaggle-vllm-m3-allreduce-raw-v1,kaggle-vllm-m3-two-rank-nccl-allreduce-v1,16777216,float16,2,4,81,4225.024223327637,4229.856014251709,4229.856014251709,20,100,2026-09-07T21:16:02.843068+00:00
kaggle-vllm-m3-allreduce-raw-v1,kaggle-vllm-m3-two-rank-nccl-allreduce-v1,16777216,float16,2,4,82,4198.431968688965,4221.216201782227,4221.216201782227,20,100,2026-09-07T21:16:02.843068+00:00
kaggle-vllm-m3-allreduce-raw-v1,kaggle-vllm-m3-two-rank-nccl-allreduce-v1,16777216,float16,2,4,83,4152.895927429199,4181.183815002441,4181.183815002441,20,100,2026-09-07T21:16:02.843068+00:00
kaggle-vllm-m3-allreduce-raw-v1,kaggle-vllm-m3-two-rank-nccl-allreduce-v1,16777216,float16,2,4,84,4212.319850921631,4224.8640060424805,4224.8640060424805,20,100,2026-09-07T21:16:02.843068+00:00
kaggle-vllm-m3-allreduce-raw-v1,kaggle-vllm-m3-two-rank-nccl-allreduce-v1,16777216,float16,2,4,85,4201.8561363220215,4212.736129760742,4212.736129760742,20,100,2026-09-07T21:16:02.843068+00:00
kaggle-vllm-m3-allreduce-raw-v1,kaggle-vllm-m3-two-rank-nccl-allreduce-v1,16777216,float16,2,4,86,4195.168018341064,4204.319953918457,4204.319953918457,20,100,2026-09-07T21:16:02.843068+00:00
kaggle-vllm-m3-allreduce-raw-v1,kaggle-vllm-m3-two-rank-nccl-allreduce-v1,16777216,float16,2,4,87,4222.527980804443,4229.568004608154,4229.568004608154,20,100,2026-09-07T21:16:02.843068+00:00
kaggle-vllm-m3-allreduce-raw-v1,kaggle-vllm-m3-two-rank-nccl-allreduce-v1,16777216,float16,2,4,88,4206.463813781738,4212.160110473633,4212.160110473633,20,100,2026-09-07T21:16:02.843068+00:00
kaggle-vllm-m3-allreduce-raw-v1,kaggle-vllm-m3-two-rank-nccl-allreduce-v1,16777216,float16,2,4,89,4219.103813171387,4217.631816864014,4219.103813171387,20,100,2026-09-07T21:16:02.843068+00:00
kaggle-vllm-m3-allreduce-raw-v1,kaggle-vllm-m3-two-rank-nccl-allreduce-v1,16777216,float16,2,4,90,4200.128078460693,4213.0560874938965,4213.0560874938965,20,100,2026-09-07T21:16:02.843068+00:00
kaggle-vllm-m3-allreduce-raw-v1,kaggle-vllm-m3-two-rank-nccl-allreduce-v1,16777216,float16,2,4,91,4229.119777679443,4237.599849700928,4237.599849700928,20,100,2026-09-07T21:16:02.843068+00:00
kaggle-vllm-m3-allreduce-raw-v1,kaggle-vllm-m3-two-rank-nccl-allreduce-v1,16777216,float16,2,4,92,4182.208061218262,4190.0482177734375,4190.0482177734375,20,100,2026-09-07T21:16:02.843068+00:00
kaggle-vllm-m3-allreduce-raw-v1,kaggle-vllm-m3-two-rank-nccl-allreduce-v1,16777216,float16,2,4,93,4195.104122161865,4201.95198059082,4201.95198059082,20,100,2026-09-07T21:16:02.843068+00:00
kaggle-vllm-m3-allreduce-raw-v1,kaggle-vllm-m3-two-rank-nccl-allreduce-v1,16777216,float16,2,4,94,4209.11979675293,4215.007781982422,4215.007781982422,20,100,2026-09-07T21:16:02.843068+00:00
kaggle-vllm-m3-allreduce-raw-v1,kaggle-vllm-m3-two-rank-nccl-allreduce-v1,16777216,float16,2,4,95,4235.775947570801,4247.551918029785,4247.551918029785,20,100,2026-09-07T21:16:02.843068+00:00
kaggle-vllm-m3-allreduce-raw-v1,kaggle-vllm-m3-two-rank-nccl-allreduce-v1,16777216,float16,2,4,96,4115.583896636963,4132.863998413086,4132.863998413086,20,100,2026-09-07T21:16:02.843068+00:00
kaggle-vllm-m3-allreduce-raw-v1,kaggle-vllm-m3-two-rank-nccl-allreduce-v1,16777216,float16,2,4,97,4218.239784240723,4228.032112121582,4228.032112121582,20,100,2026-09-07T21:16:02.843068+00:00
kaggle-vllm-m3-allreduce-raw-v1,kaggle-vllm-m3-two-rank-nccl-allreduce-v1,16777216,float16,2,4,98,4171.167850494385,4105.37576675415,4171.167850494385,20,100,2026-09-07T21:16:02.843068+00:00
kaggle-vllm-m3-allreduce-raw-v1,kaggle-vllm-m3-two-rank-nccl-allreduce-v1,16777216,float16,2,4,99,4084.735870361328,4113.823890686035,4113.823890686035,20,100,2026-09-07T21:16:02.843068+00:00
kaggle-vllm-m3-allreduce-raw-v1,kaggle-vllm-m3-two-rank-nccl-allreduce-v1,33554432,float16,2,4,0,8339.327812194824,8350.655555725098,8350.655555725098,20,100,2026-09-07T21:16:03.899455+00:00
kaggle-vllm-m3-allreduce-raw-v1,kaggle-vllm-m3-two-rank-nccl-allreduce-v1,33554432,float16,2,4,1,8394.75154876709,8402.655601501465,8402.655601501465,20,100,2026-09-07T21:16:03.899455+00:00
kaggle-vllm-m3-allreduce-raw-v1,kaggle-vllm-m3-two-rank-nccl-allreduce-v1,33554432,float16,2,4,2,8364.031791687012,8372.735977172852,8372.735977172852,20,100,2026-09-07T21:16:03.899455+00:00
kaggle-vllm-m3-allreduce-raw-v1,kaggle-vllm-m3-two-rank-nccl-allreduce-v1,33554432,float16,2,4,3,8239.1357421875,8183.135986328125,8239.1357421875,20,100,2026-09-07T21:16:03.899455+00:00
kaggle-vllm-m3-allreduce-raw-v1,kaggle-vllm-m3-two-rank-nccl-allreduce-v1,33554432,float16,2,4,4,8411.359786987305,8390.87963104248,8411.359786987305,20,100,2026-09-07T21:16:03.899455+00:00
kaggle-vllm-m3-allreduce-raw-v1,kaggle-vllm-m3-two-rank-nccl-allreduce-v1,33554432,float16,2,4,5,8380.000114440918,8384.511947631836,8384.511947631836,20,100,2026-09-07T21:16:03.899455+00:00
kaggle-vllm-m3-allreduce-raw-v1,kaggle-vllm-m3-two-rank-nccl-allreduce-v1,33554432,float16,2,4,6,8458.016395568848,8451.744079589844,8458.016395568848,20,100,2026-09-07T21:16:03.899455+00:00
kaggle-vllm-m3-allreduce-raw-v1,kaggle-vllm-m3-two-rank-nccl-allreduce-v1,33554432,float16,2,4,7,8392.704010009766,8405.983924865723,8405.983924865723,20,100,2026-09-07T21:16:03.899455+00:00
kaggle-vllm-m3-allreduce-raw-v1,kaggle-vllm-m3-two-rank-nccl-allreduce-v1,33554432,float16,2,4,8,8155.1361083984375,8209.504127502441,8209.504127502441,20,100,2026-09-07T21:16:03.899455+00:00
kaggle-vllm-m3-allreduce-raw-v1,kaggle-vllm-m3-two-rank-nccl-allreduce-v1,33554432,float16,2,4,9,8355.839729309082,8331.487655639648,8355.839729309082,20,100,2026-09-07T21:16:03.899455+00:00
kaggle-vllm-m3-allreduce-raw-v1,kaggle-vllm-m3-two-rank-nccl-allreduce-v1,33554432,float16,2,4,10,8342.84782409668,8313.023567199707,8342.84782409668,20,100,2026-09-07T21:16:03.899455+00:00
kaggle-vllm-m3-allreduce-raw-v1,kaggle-vllm-m3-two-rank-nccl-allreduce-v1,33554432,float16,2,4,11,8392.704010009766,8402.496337890625,8402.496337890625,20,100,2026-09-07T21:16:03.899455+00:00
kaggle-vllm-m3-allreduce-raw-v1,kaggle-vllm-m3-two-rank-nccl-allreduce-v1,33554432,float16,2,4,12,8371.10424041748,8383.199691772461,8383.199691772461,20,100,2026-09-07T21:16:03.899455+00:00
kaggle-vllm-m3-allreduce-raw-v1,kaggle-vllm-m3-two-rank-nccl-allreduce-v1,33554432,float16,2,4,13,8259.743690490723,8310.848236083984,8310.848236083984,20,100,2026-09-07T21:16:03.899455+00:00
kaggle-vllm-m3-allreduce-raw-v1,kaggle-vllm-m3-two-rank-nccl-allreduce-v1,33554432,float16,2,4,14,8089.599609375,8145.72811126709,8145.72811126709,20,100,2026-09-07T21:16:03.899455+00:00
kaggle-vllm-m3-allreduce-raw-v1,kaggle-vllm-m3-two-rank-nccl-allreduce-v1,33554432,float16,2,4,15,8235.008239746094,8165.951728820801,8235.008239746094,20,100,2026-09-07T21:16:03.899455+00:00
kaggle-vllm-m3-allreduce-raw-v1,kaggle-vllm-m3-two-rank-nccl-allreduce-v1,33554432,float16,2,4,16,8251.58405303955,8188.608169555664,8251.58405303955,20,100,2026-09-07T21:16:03.899455+00:00
kaggle-vllm-m3-allreduce-raw-v1,kaggle-vllm-m3-two-rank-nccl-allreduce-v1,33554432,float16,2,4,17,8432.95955657959,8415.743827819824,8432.95955657959,20,100,2026-09-07T21:16:03.899455+00:00
kaggle-vllm-m3-allreduce-raw-v1,kaggle-vllm-m3-two-rank-nccl-allreduce-v1,33554432,float16,2,4,18,8306.783676147461,8259.455680847168,8306.783676147461,20,100,2026-09-07T21:16:03.899455+00:00
kaggle-vllm-m3-allreduce-raw-v1,kaggle-vllm-m3-two-rank-nccl-allreduce-v1,33554432,float16,2,4,19,8265.695571899414,8223.967552185059,8265.695571899414,20,100,2026-09-07T21:16:03.899455+00:00
kaggle-vllm-m3-allreduce-raw-v1,kaggle-vllm-m3-two-rank-nccl-allreduce-v1,33554432,float16,2,4,20,8348.416328430176,8288.864135742188,8348.416328430176,20,100,2026-09-07T21:16:03.899455+00:00
kaggle-vllm-m3-allreduce-raw-v1,kaggle-vllm-m3-two-rank-nccl-allreduce-v1,33554432,float16,2,4,21,8394.783973693848,8403.871536254883,8403.871536254883,20,100,2026-09-07T21:16:03.899455+00:00
kaggle-vllm-m3-allreduce-raw-v1,kaggle-vllm-m3-two-rank-nccl-allreduce-v1,33554432,float16,2,4,22,8319.199562072754,8325.087547302246,8325.087547302246,20,100,2026-09-07T21:16:03.899455+00:00
kaggle-vllm-m3-allreduce-raw-v1,kaggle-vllm-m3-two-rank-nccl-allreduce-v1,33554432,float16,2,4,23,8341.343879699707,8355.839729309082,8355.839729309082,20,100,2026-09-07T21:16:03.899455+00:00
kaggle-vllm-m3-allreduce-raw-v1,kaggle-vllm-m3-two-rank-nccl-allreduce-v1,33554432,float16,2,4,24,8358.847618103027,8368.127822875977,8368.127822875977,20,100,2026-09-07T21:16:03.899455+00:00
kaggle-vllm-m3-allreduce-raw-v1,kaggle-vllm-m3-two-rank-nccl-allreduce-v1,33554432,float16,2,4,25,8442.62409210205,8469.887733459473,8469.887733459473,20,100,2026-09-07T21:16:03.899455+00:00
kaggle-vllm-m3-allreduce-raw-v1,kaggle-vllm-m3-two-rank-nccl-allreduce-v1,33554432,float16,2,4,26,8258.14437866211,8306.207656860352,8306.207656860352,20,100,2026-09-07T21:16:03.899455+00:00
kaggle-vllm-m3-allreduce-raw-v1,kaggle-vllm-m3-two-rank-nccl-allreduce-v1,33554432,float16,2,4,27,8432.031631469727,8445.440292358398,8445.440292358398,20,100,2026-09-07T21:16:03.899455+00:00
kaggle-vllm-m3-allreduce-raw-v1,kaggle-vllm-m3-two-rank-nccl-allreduce-v1,33554432,float16,2,4,28,8382.271766662598,8410.367965698242,8410.367965698242,20,100,2026-09-07T21:16:03.899455+00:00
kaggle-vllm-m3-allreduce-raw-v1,kaggle-vllm-m3-two-rank-nccl-allreduce-v1,33554432,float16,2,4,29,8366.080284118652,8382.464408874512,8382.464408874512,20,100,2026-09-07T21:16:03.899455+00:00
kaggle-vllm-m3-allreduce-raw-v1,kaggle-vllm-m3-two-rank-nccl-allreduce-v1,33554432,float16,2,4,30,8442.079544067383,8432.095527648926,8442.079544067383,20,100,2026-09-07T21:16:03.899455+00:00
kaggle-vllm-m3-allreduce-raw-v1,kaggle-vllm-m3-two-rank-nccl-allreduce-v1,33554432,float16,2,4,31,8283.424377441406,8323.07243347168,8323.07243347168,20,100,2026-09-07T21:16:03.899455+00:00
kaggle-vllm-m3-allreduce-raw-v1,kaggle-vllm-m3-two-rank-nccl-allreduce-v1,33554432,float16,2,4,32,8466.17603302002,8464.960098266602,8466.17603302002,20,100,2026-09-07T21:16:03.899455+00:00
kaggle-vllm-m3-allreduce-raw-v1,kaggle-vllm-m3-two-rank-nccl-allreduce-v1,33554432,float16,2,4,33,8412.639617919922,8433.4077835083,8433.4077835083,20,100,2026-09-07T21:16:03.899455+00:00
kaggle-vllm-m3-allreduce-raw-v1,kaggle-vllm-m3-two-rank-nccl-allreduce-v1,33554432,float16,2,4,34,8430.560111999512,8428.447723388672,8430.560111999512,20,100,2026-09-07T21:16:03.899455+00:00
kaggle-vllm-m3-allreduce-raw-v1,kaggle-vllm-m3-two-rank-nccl-allreduce-v1,33554432,float16,2,4,35,8437.760353088379,8437.760353088379,8437.760353088379,20,100,2026-09-07T21:16:03.899455+00:00
kaggle-vllm-m3-allreduce-raw-v1,kaggle-vllm-m3-two-rank-nccl-allreduce-v1,33554432,float16,2,4,36,8421.37622833252,8419.584274291992,8421.37622833252,20,100,2026-09-07T21:16:03.899455+00:00
kaggle-vllm-m3-allreduce-raw-v1,kaggle-vllm-m3-two-rank-nccl-allreduce-v1,33554432,float16,2,4,37,8399.264335632324,8413.151741027832,8413.151741027832,20,100,2026-09-07T21:16:03.899455+00:00
kaggle-vllm-m3-allreduce-raw-v1,kaggle-vllm-m3-two-rank-nccl-allreduce-v1,33554432,float16,2,4,38,8404.128074645996,8404.99210357666,8404.99210357666,20,100,2026-09-07T21:16:03.899455+00:00
kaggle-vllm-m3-allreduce-raw-v1,kaggle-vllm-m3-two-rank-nccl-allreduce-v1,33554432,float16,2,4,39,8327.168464660645,8310.784339904785,8327.168464660645,20,100,2026-09-07T21:16:03.899455+00:00
kaggle-vllm-m3-allreduce-raw-v1,kaggle-vllm-m3-two-rank-nccl-allreduce-v1,33554432,float16,2,4,40,8376.319885253906,8394.75154876709,8394.75154876709,20,100,2026-09-07T21:16:03.899455+00:00
kaggle-vllm-m3-allreduce-raw-v1,kaggle-vllm-m3-two-rank-nccl-allreduce-v1,33554432,float16,2,4,41,8383.040428161621,8359.77554321289,8383.040428161621,20,100,2026-09-07T21:16:03.899455+00:00
kaggle-vllm-m3-allreduce-raw-v1,kaggle-vllm-m3-two-rank-nccl-allreduce-v1,33554432,float16,2,4,42,8320.351600646973,8339.455604553223,8339.455604553223,20,100,2026-09-07T21:16:03.899455+00:00
kaggle-vllm-m3-allreduce-raw-v1,kaggle-vllm-m3-two-rank-nccl-allreduce-v1,33554432,float16,2,4,43,8416.704177856445,8427.583694458008,8427.583694458008,20,100,2026-09-07T21:16:03.899455+00:00
kaggle-vllm-m3-allreduce-raw-v1,kaggle-vllm-m3-two-rank-nccl-allreduce-v1,33554432,float16,2,4,44,8373.95191192627,8391.9677734375,8391.9677734375,20,100,2026-09-07T21:16:03.899455+00:00
kaggle-vllm-m3-allreduce-raw-v1,kaggle-vllm-m3-two-rank-nccl-allreduce-v1,33554432,float16,2,4,45,8363.712310791016,8370.176315307617,8370.176315307617,20,100,2026-09-07T21:16:03.899455+00:00
kaggle-vllm-m3-allreduce-raw-v1,kaggle-vllm-m3-two-rank-nccl-allreduce-v1,33554432,float16,2,4,46,8341.504096984863,8347.935676574707,8347.935676574707,20,100,2026-09-07T21:16:03.899455+00:00
kaggle-vllm-m3-allreduce-raw-v1,kaggle-vllm-m3-two-rank-nccl-allreduce-v1,33554432,float16,2,4,47,8384.320259094238,8378.911972045898,8384.320259094238,20,100,2026-09-07T21:16:03.899455+00:00
kaggle-vllm-m3-allreduce-raw-v1,kaggle-vllm-m3-two-rank-nccl-allreduce-v1,33554432,float16,2,4,48,8378.87954711914,8376.480102539062,8378.87954711914,20,100,2026-09-07T21:16:03.899455+00:00
kaggle-vllm-m3-allreduce-raw-v1,kaggle-vllm-m3-two-rank-nccl-allreduce-v1,33554432,float16,2,4,49,8370.65601348877,8373.791694641113,8373.791694641113,20,100,2026-09-07T21:16:03.899455+00:00
kaggle-vllm-m3-allreduce-raw-v1,kaggle-vllm-m3-two-rank-nccl-allreduce-v1,33554432,float16,2,4,50,8306.68830871582,8333.312034606934,8333.312034606934,20,100,2026-09-07T21:16:03.899455+00:00
kaggle-vllm-m3-allreduce-raw-v1,kaggle-vllm-m3-two-rank-nccl-allreduce-v1,33554432,float16,2,4,51,8267.775535583496,8320.639610290527,8320.639610290527,20,100,2026-09-07T21:16:03.899455+00:00
kaggle-vllm-m3-allreduce-raw-v1,kaggle-vllm-m3-two-rank-nccl-allreduce-v1,33554432,float16,2,4,52,8350.303649902344,8395.296096801758,8395.296096801758,20,100,2026-09-07T21:16:03.899455+00:00
kaggle-vllm-m3-allreduce-raw-v1,kaggle-vllm-m3-two-rank-nccl-allreduce-v1,33554432,float16,2,4,53,8450.176239013672,8419.872283935547,8450.176239013672,20,100,2026-09-07T21:16:03.899455+00:00
kaggle-vllm-m3-allreduce-raw-v1,kaggle-vllm-m3-two-rank-nccl-allreduce-v1,33554432,float16,2,4,54,8437.760353088379,8440.799713134766,8440.799713134766,20,100,2026-09-07T21:16:03.899455+00:00
kaggle-vllm-m3-allreduce-raw-v1,kaggle-vllm-m3-two-rank-nccl-allreduce-v1,33554432,float16,2,4,55,8171.968460083008,8181.856155395508,8181.856155395508,20,100,2026-09-07T21:16:03.899455+00:00
kaggle-vllm-m3-allreduce-raw-v1,kaggle-vllm-m3-two-rank-nccl-allreduce-v1,33554432,float16,2,4,56,8278.016090393066,8335.455894470215,8335.455894470215,20,100,2026-09-07T21:16:03.899455+00:00
kaggle-vllm-m3-allreduce-raw-v1,kaggle-vllm-m3-two-rank-nccl-allreduce-v1,33554432,float16,2,4,57,8321.311950683594,8305.343627929688,8321.311950683594,20,100,2026-09-07T21:16:03.899455+00:00
kaggle-vllm-m3-allreduce-raw-v1,kaggle-vllm-m3-two-rank-nccl-allreduce-v1,33554432,float16,2,4,58,8335.007667541504,8356.38427734375,8356.38427734375,20,100,2026-09-07T21:16:03.899455+00:00
kaggle-vllm-m3-allreduce-raw-v1,kaggle-vllm-m3-two-rank-nccl-allreduce-v1,33554432,float16,2,4,59,8359.199523925781,8374.272346496582,8374.272346496582,20,100,2026-09-07T21:16:03.899455+00:00
kaggle-vllm-m3-allreduce-raw-v1,kaggle-vllm-m3-two-rank-nccl-allreduce-v1,33554432,float16,2,4,60,8359.807968139648,8370.368003845215,8370.368003845215,20,100,2026-09-07T21:16:03.899455+00:00
kaggle-vllm-m3-allreduce-raw-v1,kaggle-vllm-m3-two-rank-nccl-allreduce-v1,33554432,float16,2,4,61,8402.87971496582,8406.944274902344,8406.944274902344,20,100,2026-09-07T21:16:03.899455+00:00
kaggle-vllm-m3-allreduce-raw-v1,kaggle-vllm-m3-two-rank-nccl-allreduce-v1,33554432,float16,2,4,62,8329.216003417969,8339.455604553223,8339.455604553223,20,100,2026-09-07T21:16:03.899455+00:00
kaggle-vllm-m3-allreduce-raw-v1,kaggle-vllm-m3-two-rank-nccl-allreduce-v1,33554432,float16,2,4,63,8363.712310791016,8359.935760498047,8363.712310791016,20,100,2026-09-07T21:16:03.899455+00:00
kaggle-vllm-m3-allreduce-raw-v1,kaggle-vllm-m3-two-rank-nccl-allreduce-v1,33554432,float16,2,4,64,8339.520454406738,8332.768440246582,8339.520454406738,20,100,2026-09-07T21:16:03.899455+00:00
kaggle-vllm-m3-allreduce-raw-v1,kaggle-vllm-m3-two-rank-nccl-allreduce-v1,33554432,float16,2,4,65,8387.840270996094,8384.511947631836,8387.840270996094,20,100,2026-09-07T21:16:03.899455+00:00
kaggle-vllm-m3-allreduce-raw-v1,kaggle-vllm-m3-two-rank-nccl-allreduce-v1,33554432,float16,2,4,66,8374.272346496582,8387.680053710938,8387.680053710938,20,100,2026-09-07T21:16:03.899455+00:00
kaggle-vllm-m3-allreduce-raw-v1,kaggle-vllm-m3-two-rank-nccl-allreduce-v1,33554432,float16,2,4,67,8367.487907409668,8371.711730957031,8371.711730957031,20,100,2026-09-07T21:16:03.899455+00:00
kaggle-vllm-m3-allreduce-raw-v1,kaggle-vllm-m3-two-rank-nccl-allreduce-v1,33554432,float16,2,4,68,8377.69603729248,8365.311622619629,8377.69603729248,20,100,2026-09-07T21:16:03.899455+00:00
kaggle-vllm-m3-allreduce-raw-v1,kaggle-vllm-m3-two-rank-nccl-allreduce-v1,33554432,float16,2,4,69,8322.591781616211,8331.35986328125,8331.35986328125,20,100,2026-09-07T21:16:03.899455+00:00
kaggle-vllm-m3-allreduce-raw-v1,kaggle-vllm-m3-two-rank-nccl-allreduce-v1,33554432,float16,2,4,70,8407.039642333984,8402.94361114502,8407.039642333984,20,100,2026-09-07T21:16:03.899455+00:00
kaggle-vllm-m3-allreduce-raw-v1,kaggle-vllm-m3-two-rank-nccl-allreduce-v1,33554432,float16,2,4,71,8362.591743469238,8357.824325561523,8362.591743469238,20,100,2026-09-07T21:16:03.899455+00:00
kaggle-vllm-m3-allreduce-raw-v1,kaggle-vllm-m3-two-rank-nccl-allreduce-v1,33554432,float16,2,4,72,8369.471549987793,8376.640319824219,8376.640319824219,20,100,2026-09-07T21:16:03.899455+00:00
kaggle-vllm-m3-allreduce-raw-v1,kaggle-vllm-m3-two-rank-nccl-allreduce-v1,33554432,float16,2,4,73,8376.319885253906,8383.584022521973,8383.584022521973,20,100,2026-09-07T21:16:03.899455+00:00
kaggle-vllm-m3-allreduce-raw-v1,kaggle-vllm-m3-two-rank-nccl-allreduce-v1,33554432,float16,2,4,74,8362.624168395996,8359.456062316895,8362.624168395996,20,100,2026-09-07T21:16:03.899455+00:00
kaggle-vllm-m3-allreduce-raw-v1,kaggle-vllm-m3-two-rank-nccl-allreduce-v1,33554432,float16,2,4,75,8378.368377685547,8359.199523925781,8378.368377685547,20,100,2026-09-07T21:16:03.899455+00:00
kaggle-vllm-m3-allreduce-raw-v1,kaggle-vllm-m3-two-rank-nccl-allreduce-v1,33554432,float16,2,4,76,8312.735557556152,8263.839721679688,8312.735557556152,20,100,2026-09-07T21:16:03.899455+00:00
kaggle-vllm-m3-allreduce-raw-v1,kaggle-vllm-m3-two-rank-nccl-allreduce-v1,33554432,float16,2,4,77,8366.047859191895,8357.919692993164,8366.047859191895,20,100,2026-09-07T21:16:03.899455+00:00
kaggle-vllm-m3-allreduce-raw-v1,kaggle-vllm-m3-two-rank-nccl-allreduce-v1,33554432,float16,2,4,78,8337.311744689941,8351.872444152832,8351.872444152832,20,100,2026-09-07T21:16:03.899455+00:00
kaggle-vllm-m3-allreduce-raw-v1,kaggle-vllm-m3-two-rank-nccl-allreduce-v1,33554432,float16,2,4,79,8368.063926696777,8374.40013885498,8374.40013885498,20,100,2026-09-07T21:16:03.899455+00:00
kaggle-vllm-m3-allreduce-raw-v1,kaggle-vllm-m3-two-rank-nccl-allreduce-v1,33554432,float16,2,4,80,8346.336364746094,8337.85629272461,8346.336364746094,20,100,2026-09-07T21:16:03.899455+00:00
kaggle-vllm-m3-allreduce-raw-v1,kaggle-vllm-m3-two-rank-nccl-allreduce-v1,33554432,float16,2,4,81,8344.256401062012,8384.544372558594,8384.544372558594,20,100,2026-09-07T21:16:03.899455+00:00
kaggle-vllm-m3-allreduce-raw-v1,kaggle-vllm-m3-two-rank-nccl-allreduce-v1,33554432,float16,2,4,82,8400.959968566895,8393.407821655273,8400.959968566895,20,100,2026-09-07T21:16:03.899455+00:00
kaggle-vllm-m3-allreduce-raw-v1,kaggle-vllm-m3-two-rank-nccl-allreduce-v1,33554432,float16,2,4,83,8351.743698120117,8361.984252929688,8361.984252929688,20,100,2026-09-07T21:16:03.899455+00:00
kaggle-vllm-m3-allreduce-raw-v1,kaggle-vllm-m3-two-rank-nccl-allreduce-v1,33554432,float16,2,4,84,8408.543586730957,8397.88818359375,8408.543586730957,20,100,2026-09-07T21:16:03.899455+00:00
kaggle-vllm-m3-allreduce-raw-v1,kaggle-vllm-m3-two-rank-nccl-allreduce-v1,33554432,float16,2,4,85,8144.895553588867,8093.82438659668,8144.895553588867,20,100,2026-09-07T21:16:03.899455+00:00
kaggle-vllm-m3-allreduce-raw-v1,kaggle-vllm-m3-two-rank-nccl-allreduce-v1,33554432,float16,2,4,86,8261.47174835205,8200.127601623535,8261.47174835205,20,100,2026-09-07T21:16:03.899455+00:00
kaggle-vllm-m3-allreduce-raw-v1,kaggle-vllm-m3-two-rank-nccl-allreduce-v1,33554432,float16,2,4,87,8135.007858276367,8056.511878967285,8135.007858276367,20,100,2026-09-07T21:16:03.899455+00:00
kaggle-vllm-m3-allreduce-raw-v1,kaggle-vllm-m3-two-rank-nccl-allreduce-v1,33554432,float16,2,4,88,8419.039726257324,8406.720161437988,8419.039726257324,20,100,2026-09-07T21:16:03.899455+00:00
kaggle-vllm-m3-allreduce-raw-v1,kaggle-vllm-m3-two-rank-nccl-allreduce-v1,33554432,float16,2,4,89,8208.255767822266,8279.96826171875,8279.96826171875,20,100,2026-09-07T21:16:03.899455+00:00
kaggle-vllm-m3-allreduce-raw-v1,kaggle-vllm-m3-two-rank-nccl-allreduce-v1,33554432,float16,2,4,90,8291.55158996582,8337.37564086914,8337.37564086914,20,100,2026-09-07T21:16:03.899455+00:00
kaggle-vllm-m3-allreduce-raw-v1,kaggle-vllm-m3-two-rank-nccl-allreduce-v1,33554432,float16,2,4,91,8185.728073120117,8256.704330444336,8256.704330444336,20,100,2026-09-07T21:16:03.899455+00:00
kaggle-vllm-m3-allreduce-raw-v1,kaggle-vllm-m3-two-rank-nccl-allreduce-v1,33554432,float16,2,4,92,8430.335998535156,8440.92845916748,8440.92845916748,20,100,2026-09-07T21:16:03.899455+00:00
kaggle-vllm-m3-allreduce-raw-v1,kaggle-vllm-m3-two-rank-nccl-allreduce-v1,33554432,float16,2,4,93,8419.615745544434,8434.080123901367,8434.080123901367,20,100,2026-09-07T21:16:03.899455+00:00
kaggle-vllm-m3-allreduce-raw-v1,kaggle-vllm-m3-two-rank-nccl-allreduce-v1,33554432,float16,2,4,94,8266.271591186523,8212.8324508667,8266.271591186523,20,100,2026-09-07T21:16:03.899455+00:00
kaggle-vllm-m3-allreduce-raw-v1,kaggle-vllm-m3-two-rank-nccl-allreduce-v1,33554432,float16,2,4,95,8325.087547302246,8338.335990905762,8338.335990905762,20,100,2026-09-07T21:16:03.899455+00:00
kaggle-vllm-m3-allreduce-raw-v1,kaggle-vllm-m3-two-rank-nccl-allreduce-v1,33554432,float16,2,4,96,8347.711563110352,8355.423927307129,8355.423927307129,20,100,2026-09-07T21:16:03.899455+00:00
kaggle-vllm-m3-allreduce-raw-v1,kaggle-vllm-m3-two-rank-nccl-allreduce-v1,33554432,float16,2,4,97,8373.056411743164,8381.440162658691,8381.440162658691,20,100,2026-09-07T21:16:03.899455+00:00
kaggle-vllm-m3-allreduce-raw-v1,kaggle-vllm-m3-two-rank-nccl-allreduce-v1,33554432,float16,2,4,98,8406.496047973633,8409.695625305176,8409.695625305176,20,100,2026-09-07T21:16:03.899455+00:00
kaggle-vllm-m3-allreduce-raw-v1,kaggle-vllm-m3-two-rank-nccl-allreduce-v1,33554432,float16,2,4,99,8371.808052062988,8355.615615844727,8371.808052062988,20,100,2026-09-07T21:16:03.899455+00:00
kaggle-vllm-m3-allreduce-raw-v1,kaggle-vllm-m3-two-rank-nccl-allreduce-v1,67108864,float16,2,4,0,16711.679458618164,16720.83282470703,16720.83282470703,20,100,2026-09-07T21:16:05.967097+00:00
kaggle-vllm-m3-allreduce-raw-v1,kaggle-vllm-m3-two-rank-nccl-allreduce-v1,67108864,float16,2,4,1,16642.623901367188,16596.288681030273,16642.623901367188,20,100,2026-09-07T21:16:05.967097+00:00
kaggle-vllm-m3-allreduce-raw-v1,kaggle-vllm-m3-two-rank-nccl-allreduce-v1,67108864,float16,2,4,2,16668.256759643555,16656.2557220459,16668.256759643555,20,100,2026-09-07T21:16:05.967097+00:00
kaggle-vllm-m3-allreduce-raw-v1,kaggle-vllm-m3-two-rank-nccl-allreduce-v1,67108864,float16,2,4,3,16574.81575012207,16500.415802001953,16574.81575012207,20,100,2026-09-07T21:16:05.967097+00:00
kaggle-vllm-m3-allreduce-raw-v1,kaggle-vllm-m3-two-rank-nccl-allreduce-v1,67108864,float16,2,4,4,16709.728240966797,16703.68003845215,16709.728240966797,20,100,2026-09-07T21:16:05.967097+00:00
kaggle-vllm-m3-allreduce-raw-v1,kaggle-vllm-m3-two-rank-nccl-allreduce-v1,67108864,float16,2,4,5,16694.080352783203,16697.98469543457,16697.98469543457,20,100,2026-09-07T21:16:05.967097+00:00
kaggle-vllm-m3-allreduce-raw-v1,kaggle-vllm-m3-two-rank-nccl-allreduce-v1,67108864,float16,2,4,6,16568.735122680664,16632.543563842773,16632.543563842773,20,100,2026-09-07T21:16:05.967097+00:00
kaggle-vllm-m3-allreduce-raw-v1,kaggle-vllm-m3-two-rank-nccl-allreduce-v1,67108864,float16,2,4,7,16681.663513183594,16668.76792907715,16681.663513183594,20,100,2026-09-07T21:16:05.967097+00:00
kaggle-vllm-m3-allreduce-raw-v1,kaggle-vllm-m3-two-rank-nccl-allreduce-v1,67108864,float16,2,4,8,16659.423828125,16636.89613342285,16659.423828125,20,100,2026-09-07T21:16:05.967097+00:00
kaggle-vllm-m3-allreduce-raw-v1,kaggle-vllm-m3-two-rank-nccl-allreduce-v1,67108864,float16,2,4,9,16443.008422851562,16359.136581420898,16443.008422851562,20,100,2026-09-07T21:16:05.967097+00:00
kaggle-vllm-m3-allreduce-raw-v1,kaggle-vllm-m3-two-rank-nccl-allreduce-v1,67108864,float16,2,4,10,16443.26400756836,16355.327606201172,16443.26400756836,20,100,2026-09-07T21:16:05.967097+00:00
kaggle-vllm-m3-allreduce-raw-v1,kaggle-vllm-m3-two-rank-nccl-allreduce-v1,67108864,float16,2,4,11,16602.752685546875,16564.064025878906,16602.752685546875,20,100,2026-09-07T21:16:05.967097+00:00
kaggle-vllm-m3-allreduce-raw-v1,kaggle-vllm-m3-two-rank-nccl-allreduce-v1,67108864,float16,2,4,12,16717.21649169922,16724.12872314453,16724.12872314453,20,100,2026-09-07T21:16:05.967097+00:00
kaggle-vllm-m3-allreduce-raw-v1,kaggle-vllm-m3-two-rank-nccl-allreduce-v1,67108864,float16,2,4,13,16705.087661743164,16690.303802490234,16705.087661743164,20,100,2026-09-07T21:16:05.967097+00:00
kaggle-vllm-m3-allreduce-raw-v1,kaggle-vllm-m3-two-rank-nccl-allreduce-v1,67108864,float16,2,4,14,16626.01661682129,16609.2472076416,16626.01661682129,20,100,2026-09-07T21:16:05.967097+00:00
kaggle-vllm-m3-allreduce-raw-v1,kaggle-vllm-m3-two-rank-nccl-allreduce-v1,67108864,float16,2,4,15,16674.75128173828,16663.29574584961,16674.75128173828,20,100,2026-09-07T21:16:05.967097+00:00
kaggle-vllm-m3-allreduce-raw-v1,kaggle-vllm-m3-two-rank-nccl-allreduce-v1,67108864,float16,2,4,16,16678.97605895996,16678.783416748047,16678.97605895996,20,100,2026-09-07T21:16:05.967097+00:00
kaggle-vllm-m3-allreduce-raw-v1,kaggle-vllm-m3-two-rank-nccl-allreduce-v1,67108864,float16,2,4,17,16651.775360107422,16664.735794067383,16664.735794067383,20,100,2026-09-07T21:16:05.967097+00:00
kaggle-vllm-m3-allreduce-raw-v1,kaggle-vllm-m3-two-rank-nccl-allreduce-v1,67108864,float16,2,4,18,16689.088821411133,16709.503173828125,16709.503173828125,20,100,2026-09-07T21:16:05.967097+00:00
kaggle-vllm-m3-allreduce-raw-v1,kaggle-vllm-m3-two-rank-nccl-allreduce-v1,67108864,float16,2,4,19,16700.607299804688,16707.008361816406,16707.008361816406,20,100,2026-09-07T21:16:05.967097+00:00
kaggle-vllm-m3-allreduce-raw-v1,kaggle-vllm-m3-two-rank-nccl-allreduce-v1,67108864,float16,2,4,20,16633.792877197266,16655.487060546875,16655.487060546875,20,100,2026-09-07T21:16:05.967097+00:00
kaggle-vllm-m3-allreduce-raw-v1,kaggle-vllm-m3-two-rank-nccl-allreduce-v1,67108864,float16,2,4,21,16693.66455078125,16698.240280151367,16698.240280151367,20,100,2026-09-07T21:16:05.967097+00:00
kaggle-vllm-m3-allreduce-raw-v1,kaggle-vllm-m3-two-rank-nccl-allreduce-v1,67108864,float16,2,4,22,16648.51188659668,16606.943130493164,16648.51188659668,20,100,2026-09-07T21:16:05.967097+00:00
kaggle-vllm-m3-allreduce-raw-v1,kaggle-vllm-m3-two-rank-nccl-allreduce-v1,67108864,float16,2,4,23,16695.295333862305,16703.19938659668,16703.19938659668,20,100,2026-09-07T21:16:05.967097+00:00
kaggle-vllm-m3-allreduce-raw-v1,kaggle-vllm-m3-two-rank-nccl-allreduce-v1,67108864,float16,2,4,24,16663.679122924805,16679.67987060547,16679.67987060547,20,100,2026-09-07T21:16:05.967097+00:00
kaggle-vllm-m3-allreduce-raw-v1,kaggle-vllm-m3-two-rank-nccl-allreduce-v1,67108864,float16,2,4,25,16695.039749145508,16708.89663696289,16708.89663696289,20,100,2026-09-07T21:16:05.967097+00:00
kaggle-vllm-m3-allreduce-raw-v1,kaggle-vllm-m3-two-rank-nccl-allreduce-v1,67108864,float16,2,4,26,16625.375747680664,16575.39176940918,16625.375747680664,20,100,2026-09-07T21:16:05.967097+00:00
kaggle-vllm-m3-allreduce-raw-v1,kaggle-vllm-m3-two-rank-nccl-allreduce-v1,67108864,float16,2,4,27,16586.271286010742,16508.447647094727,16586.271286010742,20,100,2026-09-07T21:16:05.967097+00:00
kaggle-vllm-m3-allreduce-raw-v1,kaggle-vllm-m3-two-rank-nccl-allreduce-v1,67108864,float16,2,4,28,16631.872177124023,16574.464797973633,16631.872177124023,20,100,2026-09-07T21:16:05.967097+00:00
kaggle-vllm-m3-allreduce-raw-v1,kaggle-vllm-m3-two-rank-nccl-allreduce-v1,67108864,float16,2,4,29,16613.664627075195,16558.687210083008,16613.664627075195,20,100,2026-09-07T21:16:05.967097+00:00
kaggle-vllm-m3-allreduce-raw-v1,kaggle-vllm-m3-two-rank-nccl-allreduce-v1,67108864,float16,2,4,30,16684.799194335938,16689.53514099121,16689.53514099121,20,100,2026-09-07T21:16:05.967097+00:00
kaggle-vllm-m3-allreduce-raw-v1,kaggle-vllm-m3-two-rank-nccl-allreduce-v1,67108864,float16,2,4,31,16670.015335083008,16643.840789794922,16670.015335083008,20,100,2026-09-07T21:16:05.967097+00:00
kaggle-vllm-m3-allreduce-raw-v1,kaggle-vllm-m3-two-rank-nccl-allreduce-v1,67108864,float16,2,4,32,16633.85581970215,16623.39210510254,16633.85581970215,20,100,2026-09-07T21:16:05.967097+00:00
kaggle-vllm-m3-allreduce-raw-v1,kaggle-vllm-m3-two-rank-nccl-allreduce-v1,67108864,float16,2,4,33,16686.464309692383,16690.975189208984,16690.975189208984,20,100,2026-09-07T21:16:05.967097+00:00
kaggle-vllm-m3-allreduce-raw-v1,kaggle-vllm-m3-two-rank-nccl-allreduce-v1,67108864,float16,2,4,34,16705.055236816406,16706.560134887695,16706.560134887695,20,100,2026-09-07T21:16:05.967097+00:00
kaggle-vllm-m3-allreduce-raw-v1,kaggle-vllm-m3-two-rank-nccl-allreduce-v1,67108864,float16,2,4,35,16676.864624023438,16689.311981201172,16689.311981201172,20,100,2026-09-07T21:16:05.967097+00:00
kaggle-vllm-m3-allreduce-raw-v1,kaggle-vllm-m3-two-rank-nccl-allreduce-v1,67108864,float16,2,4,36,16691.200256347656,16683.008193969727,16691.200256347656,20,100,2026-09-07T21:16:05.967097+00:00
kaggle-vllm-m3-allreduce-raw-v1,kaggle-vllm-m3-two-rank-nccl-allreduce-v1,67108864,float16,2,4,37,16699.647903442383,16696.319580078125,16699.647903442383,20,100,2026-09-07T21:16:05.967097+00:00
kaggle-vllm-m3-allreduce-raw-v1,kaggle-vllm-m3-two-rank-nccl-allreduce-v1,67108864,float16,2,4,38,16640.19203186035,16609.50469970703,16640.19203186035,20,100,2026-09-07T21:16:05.967097+00:00
kaggle-vllm-m3-allreduce-raw-v1,kaggle-vllm-m3-two-rank-nccl-allreduce-v1,67108864,float16,2,4,39,16699.647903442383,16672.28889465332,16699.647903442383,20,100,2026-09-07T21:16:05.967097+00:00
kaggle-vllm-m3-allreduce-raw-v1,kaggle-vllm-m3-two-rank-nccl-allreduce-v1,67108864,float16,2,4,40,16612.319946289062,16630.495071411133,16630.495071411133,20,100,2026-09-07T21:16:05.967097+00:00
kaggle-vllm-m3-allreduce-raw-v1,kaggle-vllm-m3-two-rank-nccl-allreduce-v1,67108864,float16,2,4,41,16658.559799194336,16668.703079223633,16668.703079223633,20,100,2026-09-07T21:16:05.967097+00:00
kaggle-vllm-m3-allreduce-raw-v1,kaggle-vllm-m3-two-rank-nccl-allreduce-v1,67108864,float16,2,4,42,16721.759796142578,16719.295501708984,16721.759796142578,20,100,2026-09-07T21:16:05.967097+00:00
kaggle-vllm-m3-allreduce-raw-v1,kaggle-vllm-m3-two-rank-nccl-allreduce-v1,67108864,float16,2,4,43,16668.672561645508,16680.60874938965,16680.60874938965,20,100,2026-09-07T21:16:05.967097+00:00
kaggle-vllm-m3-allreduce-raw-v1,kaggle-vllm-m3-two-rank-nccl-allreduce-v1,67108864,float16,2,4,44,16454.784393310547,16396.608352661133,16454.784393310547,20,100,2026-09-07T21:16:05.967097+00:00
kaggle-vllm-m3-allreduce-raw-v1,kaggle-vllm-m3-two-rank-nccl-allreduce-v1,67108864,float16,2,4,45,16429.05616760254,16507.07244873047,16507.07244873047,20,100,2026-09-07T21:16:05.967097+00:00
kaggle-vllm-m3-allreduce-raw-v1,kaggle-vllm-m3-two-rank-nccl-allreduce-v1,67108864,float16,2,4,46,16402.87971496582,16490.87905883789,16490.87905883789,20,100,2026-09-07T21:16:05.967097+00:00
kaggle-vllm-m3-allreduce-raw-v1,kaggle-vllm-m3-two-rank-nccl-allreduce-v1,67108864,float16,2,4,47,16513.023376464844,16574.23973083496,16574.23973083496,20,100,2026-09-07T21:16:05.967097+00:00
kaggle-vllm-m3-allreduce-raw-v1,kaggle-vllm-m3-two-rank-nccl-allreduce-v1,67108864,float16,2,4,48,16723.80828857422,16736.480712890625,16736.480712890625,20,100,2026-09-07T21:16:05.967097+00:00
kaggle-vllm-m3-allreduce-raw-v1,kaggle-vllm-m3-two-rank-nccl-allreduce-v1,67108864,float16,2,4,49,16690.176010131836,16694.047927856445,16694.047927856445,20,100,2026-09-07T21:16:05.967097+00:00
kaggle-vllm-m3-allreduce-raw-v1,kaggle-vllm-m3-two-rank-nccl-allreduce-v1,67108864,float16,2,4,50,16710.655212402344,16721.759796142578,16721.759796142578,20,100,2026-09-07T21:16:05.967097+00:00
kaggle-vllm-m3-allreduce-raw-v1,kaggle-vllm-m3-two-rank-nccl-allreduce-v1,67108864,float16,2,4,51,16726.591110229492,16717.472076416016,16726.591110229492,20,100,2026-09-07T21:16:05.967097+00:00
kaggle-vllm-m3-allreduce-raw-v1,kaggle-vllm-m3-two-rank-nccl-allreduce-v1,67108864,float16,2,4,52,16645.08819580078,16661.407470703125,16661.407470703125,20,100,2026-09-07T21:16:05.967097+00:00
kaggle-vllm-m3-allreduce-raw-v1,kaggle-vllm-m3-two-rank-nccl-allreduce-v1,67108864,float16,2,4,53,16703.487396240234,16713.184356689453,16713.184356689453,20,100,2026-09-07T21:16:05.967097+00:00
kaggle-vllm-m3-allreduce-raw-v1,kaggle-vllm-m3-two-rank-nccl-allreduce-v1,67108864,float16,2,4,54,16664.255142211914,16665.8878326416,16665.8878326416,20,100,2026-09-07T21:16:05.967097+00:00
kaggle-vllm-m3-allreduce-raw-v1,kaggle-vllm-m3-two-rank-nccl-allreduce-v1,67108864,float16,2,4,55,16672.06382751465,16650.463104248047,16672.06382751465,20,100,2026-09-07T21:16:05.967097+00:00
kaggle-vllm-m3-allreduce-raw-v1,kaggle-vllm-m3-two-rank-nccl-allreduce-v1,67108864,float16,2,4,56,16639.999389648438,16656.448364257812,16656.448364257812,20,100,2026-09-07T21:16:05.967097+00:00
kaggle-vllm-m3-allreduce-raw-v1,kaggle-vllm-m3-two-rank-nccl-allreduce-v1,67108864,float16,2,4,57,16646.14486694336,16621.56867980957,16646.14486694336,20,100,2026-09-07T21:16:05.967097+00:00
kaggle-vllm-m3-allreduce-raw-v1,kaggle-vllm-m3-two-rank-nccl-allreduce-v1,67108864,float16,2,4,58,16635.135650634766,16648.256301879883,16648.256301879883,20,100,2026-09-07T21:16:05.967097+00:00
kaggle-vllm-m3-allreduce-raw-v1,kaggle-vllm-m3-two-rank-nccl-allreduce-v1,67108864,float16,2,4,59,16668.06411743164,16676.864624023438,16676.864624023438,20,100,2026-09-07T21:16:05.967097+00:00
kaggle-vllm-m3-allreduce-raw-v1,kaggle-vllm-m3-two-rank-nccl-allreduce-v1,67108864,float16,2,4,60,16668.832778930664,16683.32862854004,16683.32862854004,20,100,2026-09-07T21:16:05.967097+00:00
kaggle-vllm-m3-allreduce-raw-v1,kaggle-vllm-m3-two-rank-nccl-allreduce-v1,67108864,float16,2,4,61,16689.151763916016,16664.99137878418,16689.151763916016,20,100,2026-09-07T21:16:05.967097+00:00
kaggle-vllm-m3-allreduce-raw-v1,kaggle-vllm-m3-two-rank-nccl-allreduce-v1,67108864,float16,2,4,62,16555.999755859375,16508.960723876953,16555.999755859375,20,100,2026-09-07T21:16:05.967097+00:00
kaggle-vllm-m3-allreduce-raw-v1,kaggle-vllm-m3-two-rank-nccl-allreduce-v1,67108864,float16,2,4,63,16478.208541870117,16541.759490966797,16541.759490966797,20,100,2026-09-07T21:16:05.967097+00:00
kaggle-vllm-m3-allreduce-raw-v1,kaggle-vllm-m3-two-rank-nccl-allreduce-v1,67108864,float16,2,4,64,16449.535369873047,16551.647186279297,16551.647186279297,20,100,2026-09-07T21:16:05.967097+00:00
kaggle-vllm-m3-allreduce-raw-v1,kaggle-vllm-m3-two-rank-nccl-allreduce-v1,67108864,float16,2,4,65,16482.303619384766,16527.040481567383,16527.040481567383,20,100,2026-09-07T21:16:05.967097+00:00
kaggle-vllm-m3-allreduce-raw-v1,kaggle-vllm-m3-two-rank-nccl-allreduce-v1,67108864,float16,2,4,66,16703.615188598633,16716.032028198242,16716.032028198242,20,100,2026-09-07T21:16:05.967097+00:00
kaggle-vllm-m3-allreduce-raw-v1,kaggle-vllm-m3-two-rank-nccl-allreduce-v1,67108864,float16,2,4,67,16680.959701538086,16666.879653930664,16680.959701538086,20,100,2026-09-07T21:16:05.967097+00:00
kaggle-vllm-m3-allreduce-raw-v1,kaggle-vllm-m3-two-rank-nccl-allreduce-v1,67108864,float16,2,4,68,16732.06329345703,16734.304428100586,16734.304428100586,20,100,2026-09-07T21:16:05.967097+00:00
kaggle-vllm-m3-allreduce-raw-v1,kaggle-vllm-m3-two-rank-nccl-allreduce-v1,67108864,float16,2,4,69,16614.303588867188,16631.2313079834,16631.2313079834,20,100,2026-09-07T21:16:05.967097+00:00
kaggle-vllm-m3-allreduce-raw-v1,kaggle-vllm-m3-two-rank-nccl-allreduce-v1,67108864,float16,2,4,70,16699.520111083984,16711.360931396484,16711.360931396484,20,100,2026-09-07T21:16:05.967097+00:00
kaggle-vllm-m3-allreduce-raw-v1,kaggle-vllm-m3-two-rank-nccl-allreduce-v1,67108864,float16,2,4,71,16666.624069213867,16679.519653320312,16679.519653320312,20,100,2026-09-07T21:16:05.967097+00:00
kaggle-vllm-m3-allreduce-raw-v1,kaggle-vllm-m3-two-rank-nccl-allreduce-v1,67108864,float16,2,4,72,16724.384307861328,16726.015090942383,16726.015090942383,20,100,2026-09-07T21:16:05.967097+00:00
kaggle-vllm-m3-allreduce-raw-v1,kaggle-vllm-m3-two-rank-nccl-allreduce-v1,67108864,float16,2,4,73,16730.17692565918,16738.239288330078,16738.239288330078,20,100,2026-09-07T21:16:05.967097+00:00
kaggle-vllm-m3-allreduce-raw-v1,kaggle-vllm-m3-two-rank-nccl-allreduce-v1,67108864,float16,2,4,74,16660.480499267578,16680.959701538086,16680.959701538086,20,100,2026-09-07T21:16:05.967097+00:00
kaggle-vllm-m3-allreduce-raw-v1,kaggle-vllm-m3-two-rank-nccl-allreduce-v1,67108864,float16,2,4,75,16654.97589111328,16670.33576965332,16670.33576965332,20,100,2026-09-07T21:16:05.967097+00:00
kaggle-vllm-m3-allreduce-raw-v1,kaggle-vllm-m3-two-rank-nccl-allreduce-v1,67108864,float16,2,4,76,16654.687881469727,16664.22462463379,16664.22462463379,20,100,2026-09-07T21:16:05.967097+00:00
kaggle-vllm-m3-allreduce-raw-v1,kaggle-vllm-m3-two-rank-nccl-allreduce-v1,67108864,float16,2,4,77,16698.30322265625,16701.85661315918,16701.85661315918,20,100,2026-09-07T21:16:05.967097+00:00
kaggle-vllm-m3-allreduce-raw-v1,kaggle-vllm-m3-two-rank-nccl-allreduce-v1,67108864,float16,2,4,78,16656.383514404297,16643.423080444336,16656.383514404297,20,100,2026-09-07T21:16:05.967097+00:00
kaggle-vllm-m3-allreduce-raw-v1,kaggle-vllm-m3-two-rank-nccl-allreduce-v1,67108864,float16,2,4,79,16650.65574645996,16668.672561645508,16668.672561645508,20,100,2026-09-07T21:16:05.967097+00:00
kaggle-vllm-m3-allreduce-raw-v1,kaggle-vllm-m3-two-rank-nccl-allreduce-v1,67108864,float16,2,4,80,16446.5274810791,16536.544799804688,16536.544799804688,20,100,2026-09-07T21:16:05.967097+00:00
kaggle-vllm-m3-allreduce-raw-v1,kaggle-vllm-m3-two-rank-nccl-allreduce-v1,67108864,float16,2,4,81,16613.37661743164,16674.816131591797,16674.816131591797,20,100,2026-09-07T21:16:05.967097+00:00
kaggle-vllm-m3-allreduce-raw-v1,kaggle-vllm-m3-two-rank-nccl-allreduce-v1,67108864,float16,2,4,82,16486.112594604492,16578.720092773438,16578.720092773438,20,100,2026-09-07T21:16:05.967097+00:00
kaggle-vllm-m3-allreduce-raw-v1,kaggle-vllm-m3-two-rank-nccl-allreduce-v1,67108864,float16,2,4,83,16353.279113769531,16440.63949584961,16440.63949584961,20,100,2026-09-07T21:16:05.967097+00:00
kaggle-vllm-m3-allreduce-raw-v1,kaggle-vllm-m3-two-rank-nccl-allreduce-v1,67108864,float16,2,4,84,16676.83219909668,16691.39289855957,16691.39289855957,20,100,2026-09-07T21:16:05.967097+00:00
kaggle-vllm-m3-allreduce-raw-v1,kaggle-vllm-m3-two-rank-nccl-allreduce-v1,67108864,float16,2,4,85,16660.480499267578,16674.943923950195,16674.943923950195,20,100,2026-09-07T21:16:05.967097+00:00
kaggle-vllm-m3-allreduce-raw-v1,kaggle-vllm-m3-two-rank-nccl-allreduce-v1,67108864,float16,2,4,86,16683.103561401367,16687.807083129883,16687.807083129883,20,100,2026-09-07T21:16:05.967097+00:00
kaggle-vllm-m3-allreduce-raw-v1,kaggle-vllm-m3-two-rank-nccl-allreduce-v1,67108864,float16,2,4,87,16700.864791870117,16681.119918823242,16700.864791870117,20,100,2026-09-07T21:16:05.967097+00:00
kaggle-vllm-m3-allreduce-raw-v1,kaggle-vllm-m3-two-rank-nccl-allreduce-v1,67108864,float16,2,4,88,16711.679458618164,16711.679458618164,16711.679458618164,20,100,2026-09-07T21:16:05.967097+00:00
kaggle-vllm-m3-allreduce-raw-v1,kaggle-vllm-m3-two-rank-nccl-allreduce-v1,67108864,float16,2,4,89,16680.959701538086,16681.631088256836,16681.631088256836,20,100,2026-09-07T21:16:05.967097+00:00
kaggle-vllm-m3-allreduce-raw-v1,kaggle-vllm-m3-two-rank-nccl-allreduce-v1,67108864,float16,2,4,90,16719.135284423828,16721.15135192871,16721.15135192871,20,100,2026-09-07T21:16:05.967097+00:00
kaggle-vllm-m3-allreduce-raw-v1,kaggle-vllm-m3-two-rank-nccl-allreduce-v1,67108864,float16,2,4,91,16683.008193969727,16699.13673400879,16699.13673400879,20,100,2026-09-07T21:16:05.967097+00:00
kaggle-vllm-m3-allreduce-raw-v1,kaggle-vllm-m3-two-rank-nccl-allreduce-v1,67108864,float16,2,4,92,16686.559677124023,16710.464477539062,16710.464477539062,20,100,2026-09-07T21:16:05.967097+00:00
kaggle-vllm-m3-allreduce-raw-v1,kaggle-vllm-m3-two-rank-nccl-allreduce-v1,67108864,float16,2,4,93,16722.143173217773,16703.712463378906,16722.143173217773,20,100,2026-09-07T21:16:05.967097+00:00
kaggle-vllm-m3-allreduce-raw-v1,kaggle-vllm-m3-two-rank-nccl-allreduce-v1,67108864,float16,2,4,94,16693.376541137695,16704.70428466797,16704.70428466797,20,100,2026-09-07T21:16:05.967097+00:00
kaggle-vllm-m3-allreduce-raw-v1,kaggle-vllm-m3-two-rank-nccl-allreduce-v1,67108864,float16,2,4,95,16664.575576782227,16681.472778320312,16681.472778320312,20,100,2026-09-07T21:16:05.967097+00:00
kaggle-vllm-m3-allreduce-raw-v1,kaggle-vllm-m3-two-rank-nccl-allreduce-v1,67108864,float16,2,4,96,16678.848266601562,16654.33692932129,16678.848266601562,20,100,2026-09-07T21:16:05.967097+00:00
kaggle-vllm-m3-allreduce-raw-v1,kaggle-vllm-m3-two-rank-nccl-allreduce-v1,67108864,float16,2,4,97,16695.711135864258,16703.487396240234,16703.487396240234,20,100,2026-09-07T21:16:05.967097+00:00
kaggle-vllm-m3-allreduce-raw-v1,kaggle-vllm-m3-two-rank-nccl-allreduce-v1,67108864,float16,2,4,98,16523.263931274414,16568.384170532227,16568.384170532227,20,100,2026-09-07T21:16:05.967097+00:00
kaggle-vllm-m3-allreduce-raw-v1,kaggle-vllm-m3-two-rank-nccl-allreduce-v1,67108864,float16,2,4,99,16409.696578979492,16489.56871032715,16489.56871032715,20,100,2026-09-07T21:16:05.967097+00:00
